ISO-10303-21;
HEADER;
/* Generated by software containing ST-Developer
 * from STEP Tools, Inc. (www.steptools.com) 
 */

FILE_DESCRIPTION(
/* description */ (''),
/* implementation_level */ '2;1');

FILE_NAME(
/* name */ 'KEYFLOW_Top.step',
/* time_stamp */ '2026-01-21T23:16:32-03:00',
/* author */ (''),
/* organization */ (''),
/* preprocessor_version */ 'ST-DEVELOPER v20.1',
/* originating_system */ 'Autodesk Translation Framework v14.21.0.0',
/* authorisation */ '');

FILE_SCHEMA (('AUTOMOTIVE_DESIGN { 1 0 10303 214 3 1 1 }'));
ENDSEC;

DATA;
#10=MECHANICAL_DESIGN_GEOMETRIC_PRESENTATION_REPRESENTATION('',(#13),#6123);
#11=SHAPE_REPRESENTATION_RELATIONSHIP('SRR','None',#6130,#12);
#12=ADVANCED_BREP_SHAPE_REPRESENTATION('',(#14),#6122);
#13=STYLED_ITEM('',(#6139),#14);
#14=MANIFOLD_SOLID_BREP('Corpo1',#3407);
#15=CYLINDRICAL_SURFACE('',#3516,5.);
#16=CYLINDRICAL_SURFACE('',#3518,1.);
#17=CYLINDRICAL_SURFACE('',#3553,1.);
#18=CYLINDRICAL_SURFACE('',#3555,1.);
#19=CYLINDRICAL_SURFACE('',#3556,1.);
#20=CYLINDRICAL_SURFACE('',#3558,0.499999999999998);
#21=CYLINDRICAL_SURFACE('',#3560,0.499999999999998);
#22=CYLINDRICAL_SURFACE('',#3562,0.500000000000003);
#23=CYLINDRICAL_SURFACE('',#3564,0.5);
#24=CYLINDRICAL_SURFACE('',#3566,0.5);
#25=CYLINDRICAL_SURFACE('',#3568,0.500000000000003);
#26=CYLINDRICAL_SURFACE('',#3570,0.499999999999998);
#27=CYLINDRICAL_SURFACE('',#3572,0.499999999999998);
#28=CYLINDRICAL_SURFACE('',#3573,1.7);
#29=CYLINDRICAL_SURFACE('',#3574,1.7);
#30=CYLINDRICAL_SURFACE('',#3575,1.7);
#31=CYLINDRICAL_SURFACE('',#3577,0.499999999999998);
#32=CYLINDRICAL_SURFACE('',#3579,0.500000000000003);
#33=CYLINDRICAL_SURFACE('',#3581,0.500000000000003);
#34=CYLINDRICAL_SURFACE('',#3583,0.499999999999998);
#35=CYLINDRICAL_SURFACE('',#3585,0.5);
#36=CYLINDRICAL_SURFACE('',#3587,0.499999999999998);
#37=CYLINDRICAL_SURFACE('',#3589,0.499999999999998);
#38=CYLINDRICAL_SURFACE('',#3591,0.5);
#39=CYLINDRICAL_SURFACE('',#3593,0.499999999999998);
#40=CYLINDRICAL_SURFACE('',#3595,0.499999999999998);
#41=CYLINDRICAL_SURFACE('',#3597,0.499999999999998);
#42=CYLINDRICAL_SURFACE('',#3599,0.5);
#43=CYLINDRICAL_SURFACE('',#3600,1.7);
#44=CYLINDRICAL_SURFACE('',#3602,0.499999999999998);
#45=CYLINDRICAL_SURFACE('',#3604,0.500000000000003);
#46=CYLINDRICAL_SURFACE('',#3606,0.499999999999998);
#47=CYLINDRICAL_SURFACE('',#3608,0.499999999999998);
#48=CIRCLE('',#3482,1.);
#49=CIRCLE('',#3483,1.);
#50=CIRCLE('',#3484,1.);
#51=CIRCLE('',#3485,1.);
#52=CIRCLE('',#3486,5.);
#53=CIRCLE('',#3487,0.499999999999998);
#54=CIRCLE('',#3488,0.499999999999998);
#55=CIRCLE('',#3489,0.500000000000003);
#56=CIRCLE('',#3490,0.499999999999998);
#57=CIRCLE('',#3491,1.7);
#58=CIRCLE('',#3492,0.5);
#59=CIRCLE('',#3493,0.499999999999998);
#60=CIRCLE('',#3494,0.499999999999998);
#61=CIRCLE('',#3495,0.499999999999998);
#62=CIRCLE('',#3496,0.5);
#63=CIRCLE('',#3497,0.499999999999998);
#64=CIRCLE('',#3498,0.499999999999998);
#65=CIRCLE('',#3499,0.5);
#66=CIRCLE('',#3500,0.499999999999998);
#67=CIRCLE('',#3501,0.500000000000003);
#68=CIRCLE('',#3502,0.500000000000003);
#69=CIRCLE('',#3503,0.499999999999998);
#70=CIRCLE('',#3504,1.7);
#71=CIRCLE('',#3505,1.7);
#72=CIRCLE('',#3506,1.7);
#73=CIRCLE('',#3507,0.499999999999998);
#74=CIRCLE('',#3508,0.499999999999998);
#75=CIRCLE('',#3509,0.500000000000003);
#76=CIRCLE('',#3510,0.5);
#77=CIRCLE('',#3511,0.5);
#78=CIRCLE('',#3512,0.500000000000003);
#79=CIRCLE('',#3513,0.499999999999998);
#80=CIRCLE('',#3514,0.499999999999998);
#81=CIRCLE('',#3517,5.);
#82=CIRCLE('',#3519,1.);
#83=CIRCLE('',#3522,1.);
#84=CIRCLE('',#3523,1.);
#85=CIRCLE('',#3524,1.);
#86=CIRCLE('',#3525,0.499999999999998);
#87=CIRCLE('',#3526,0.499999999999998);
#88=CIRCLE('',#3527,0.500000000000003);
#89=CIRCLE('',#3528,0.499999999999998);
#90=CIRCLE('',#3529,1.7);
#91=CIRCLE('',#3530,0.5);
#92=CIRCLE('',#3531,0.499999999999998);
#93=CIRCLE('',#3532,0.499999999999998);
#94=CIRCLE('',#3533,0.499999999999998);
#95=CIRCLE('',#3534,0.5);
#96=CIRCLE('',#3535,0.5);
#97=CIRCLE('',#3536,0.499999999999998);
#98=CIRCLE('',#3537,0.499999999999998);
#99=CIRCLE('',#3538,0.499999999999998);
#100=CIRCLE('',#3539,0.499999999999998);
#101=CIRCLE('',#3540,0.500000000000003);
#102=CIRCLE('',#3541,0.500000000000003);
#103=CIRCLE('',#3542,1.7);
#104=CIRCLE('',#3543,1.7);
#105=CIRCLE('',#3544,1.7);
#106=CIRCLE('',#3545,0.499999999999998);
#107=CIRCLE('',#3546,0.5);
#108=CIRCLE('',#3547,0.500000000000003);
#109=CIRCLE('',#3548,0.499999999999998);
#110=CIRCLE('',#3549,0.5);
#111=CIRCLE('',#3550,0.499999999999998);
#112=CIRCLE('',#3551,0.499999999999998);
#113=CIRCLE('',#3552,0.500000000000003);
#114=FACE_BOUND('',#437,.T.);
#115=FACE_BOUND('',#480,.T.);
#116=FACE_BOUND('',#525,.T.);
#117=FACE_BOUND('',#526,.T.);
#118=FACE_BOUND('',#527,.T.);
#119=FACE_BOUND('',#528,.T.);
#120=FACE_BOUND('',#529,.T.);
#121=FACE_BOUND('',#530,.T.);
#122=FACE_BOUND('',#531,.T.);
#123=FACE_BOUND('',#532,.T.);
#124=FACE_BOUND('',#533,.T.);
#125=FACE_BOUND('',#534,.T.);
#126=FACE_BOUND('',#535,.T.);
#127=FACE_BOUND('',#536,.T.);
#128=FACE_BOUND('',#537,.T.);
#129=FACE_BOUND('',#538,.T.);
#130=FACE_BOUND('',#539,.T.);
#131=FACE_BOUND('',#540,.T.);
#132=FACE_BOUND('',#541,.T.);
#133=FACE_BOUND('',#542,.T.);
#134=FACE_BOUND('',#548,.T.);
#135=FACE_BOUND('',#549,.T.);
#136=FACE_BOUND('',#550,.T.);
#137=FACE_BOUND('',#551,.T.);
#138=FACE_BOUND('',#552,.T.);
#139=FACE_BOUND('',#553,.T.);
#140=FACE_BOUND('',#554,.T.);
#141=FACE_BOUND('',#555,.T.);
#142=FACE_BOUND('',#556,.T.);
#143=FACE_BOUND('',#557,.T.);
#144=FACE_BOUND('',#558,.T.);
#145=PLANE('',#3421);
#146=PLANE('',#3422);
#147=PLANE('',#3423);
#148=PLANE('',#3424);
#149=PLANE('',#3425);
#150=PLANE('',#3426);
#151=PLANE('',#3427);
#152=PLANE('',#3428);
#153=PLANE('',#3429);
#154=PLANE('',#3430);
#155=PLANE('',#3431);
#156=PLANE('',#3432);
#157=PLANE('',#3433);
#158=PLANE('',#3434);
#159=PLANE('',#3435);
#160=PLANE('',#3436);
#161=PLANE('',#3437);
#162=PLANE('',#3438);
#163=PLANE('',#3439);
#164=PLANE('',#3440);
#165=PLANE('',#3441);
#166=PLANE('',#3442);
#167=PLANE('',#3443);
#168=PLANE('',#3444);
#169=PLANE('',#3445);
#170=PLANE('',#3446);
#171=PLANE('',#3447);
#172=PLANE('',#3448);
#173=PLANE('',#3449);
#174=PLANE('',#3450);
#175=PLANE('',#3451);
#176=PLANE('',#3452);
#177=PLANE('',#3453);
#178=PLANE('',#3454);
#179=PLANE('',#3455);
#180=PLANE('',#3456);
#181=PLANE('',#3457);
#182=PLANE('',#3458);
#183=PLANE('',#3459);
#184=PLANE('',#3460);
#185=PLANE('',#3461);
#186=PLANE('',#3462);
#187=PLANE('',#3463);
#188=PLANE('',#3464);
#189=PLANE('',#3465);
#190=PLANE('',#3466);
#191=PLANE('',#3467);
#192=PLANE('',#3468);
#193=PLANE('',#3469);
#194=PLANE('',#3470);
#195=PLANE('',#3471);
#196=PLANE('',#3472);
#197=PLANE('',#3473);
#198=PLANE('',#3474);
#199=PLANE('',#3475);
#200=PLANE('',#3476);
#201=PLANE('',#3477);
#202=PLANE('',#3478);
#203=PLANE('',#3479);
#204=PLANE('',#3480);
#205=PLANE('',#3481);
#206=PLANE('',#3515);
#207=PLANE('',#3520);
#208=PLANE('',#3521);
#209=PLANE('',#3554);
#210=PLANE('',#3557);
#211=PLANE('',#3559);
#212=PLANE('',#3561);
#213=PLANE('',#3563);
#214=PLANE('',#3565);
#215=PLANE('',#3567);
#216=PLANE('',#3569);
#217=PLANE('',#3571);
#218=PLANE('',#3576);
#219=PLANE('',#3578);
#220=PLANE('',#3580);
#221=PLANE('',#3582);
#222=PLANE('',#3584);
#223=PLANE('',#3586);
#224=PLANE('',#3588);
#225=PLANE('',#3590);
#226=PLANE('',#3592);
#227=PLANE('',#3594);
#228=PLANE('',#3596);
#229=PLANE('',#3598);
#230=PLANE('',#3601);
#231=PLANE('',#3603);
#232=PLANE('',#3605);
#233=PLANE('',#3607);
#234=PLANE('',#3609);
#235=PLANE('',#3610);
#236=PLANE('',#3611);
#237=PLANE('',#3612);
#238=PLANE('',#3613);
#239=PLANE('',#3614);
#240=PLANE('',#3615);
#241=FACE_OUTER_BOUND('',#416,.T.);
#242=FACE_OUTER_BOUND('',#417,.T.);
#243=FACE_OUTER_BOUND('',#418,.T.);
#244=FACE_OUTER_BOUND('',#419,.T.);
#245=FACE_OUTER_BOUND('',#420,.T.);
#246=FACE_OUTER_BOUND('',#421,.T.);
#247=FACE_OUTER_BOUND('',#422,.T.);
#248=FACE_OUTER_BOUND('',#423,.T.);
#249=FACE_OUTER_BOUND('',#424,.T.);
#250=FACE_OUTER_BOUND('',#425,.T.);
#251=FACE_OUTER_BOUND('',#426,.T.);
#252=FACE_OUTER_BOUND('',#427,.T.);
#253=FACE_OUTER_BOUND('',#428,.T.);
#254=FACE_OUTER_BOUND('',#429,.T.);
#255=FACE_OUTER_BOUND('',#430,.T.);
#256=FACE_OUTER_BOUND('',#431,.T.);
#257=FACE_OUTER_BOUND('',#432,.T.);
#258=FACE_OUTER_BOUND('',#433,.T.);
#259=FACE_OUTER_BOUND('',#434,.T.);
#260=FACE_OUTER_BOUND('',#435,.T.);
#261=FACE_OUTER_BOUND('',#436,.T.);
#262=FACE_OUTER_BOUND('',#438,.T.);
#263=FACE_OUTER_BOUND('',#439,.T.);
#264=FACE_OUTER_BOUND('',#440,.T.);
#265=FACE_OUTER_BOUND('',#441,.T.);
#266=FACE_OUTER_BOUND('',#442,.T.);
#267=FACE_OUTER_BOUND('',#443,.T.);
#268=FACE_OUTER_BOUND('',#444,.T.);
#269=FACE_OUTER_BOUND('',#445,.T.);
#270=FACE_OUTER_BOUND('',#446,.T.);
#271=FACE_OUTER_BOUND('',#447,.T.);
#272=FACE_OUTER_BOUND('',#448,.T.);
#273=FACE_OUTER_BOUND('',#449,.T.);
#274=FACE_OUTER_BOUND('',#450,.T.);
#275=FACE_OUTER_BOUND('',#451,.T.);
#276=FACE_OUTER_BOUND('',#452,.T.);
#277=FACE_OUTER_BOUND('',#453,.T.);
#278=FACE_OUTER_BOUND('',#454,.T.);
#279=FACE_OUTER_BOUND('',#455,.T.);
#280=FACE_OUTER_BOUND('',#456,.T.);
#281=FACE_OUTER_BOUND('',#457,.T.);
#282=FACE_OUTER_BOUND('',#458,.T.);
#283=FACE_OUTER_BOUND('',#459,.T.);
#284=FACE_OUTER_BOUND('',#460,.T.);
#285=FACE_OUTER_BOUND('',#461,.T.);
#286=FACE_OUTER_BOUND('',#462,.T.);
#287=FACE_OUTER_BOUND('',#463,.T.);
#288=FACE_OUTER_BOUND('',#464,.T.);
#289=FACE_OUTER_BOUND('',#465,.T.);
#290=FACE_OUTER_BOUND('',#466,.T.);
#291=FACE_OUTER_BOUND('',#467,.T.);
#292=FACE_OUTER_BOUND('',#468,.T.);
#293=FACE_OUTER_BOUND('',#469,.T.);
#294=FACE_OUTER_BOUND('',#470,.T.);
#295=FACE_OUTER_BOUND('',#471,.T.);
#296=FACE_OUTER_BOUND('',#472,.T.);
#297=FACE_OUTER_BOUND('',#473,.T.);
#298=FACE_OUTER_BOUND('',#474,.T.);
#299=FACE_OUTER_BOUND('',#475,.T.);
#300=FACE_OUTER_BOUND('',#476,.T.);
#301=FACE_OUTER_BOUND('',#477,.T.);
#302=FACE_OUTER_BOUND('',#478,.T.);
#303=FACE_OUTER_BOUND('',#479,.T.);
#304=FACE_OUTER_BOUND('',#481,.T.);
#305=FACE_OUTER_BOUND('',#482,.T.);
#306=FACE_OUTER_BOUND('',#483,.T.);
#307=FACE_OUTER_BOUND('',#484,.T.);
#308=FACE_OUTER_BOUND('',#485,.T.);
#309=FACE_OUTER_BOUND('',#486,.T.);
#310=FACE_OUTER_BOUND('',#487,.T.);
#311=FACE_OUTER_BOUND('',#488,.T.);
#312=FACE_OUTER_BOUND('',#489,.T.);
#313=FACE_OUTER_BOUND('',#490,.T.);
#314=FACE_OUTER_BOUND('',#491,.T.);
#315=FACE_OUTER_BOUND('',#492,.T.);
#316=FACE_OUTER_BOUND('',#493,.T.);
#317=FACE_OUTER_BOUND('',#494,.T.);
#318=FACE_OUTER_BOUND('',#495,.T.);
#319=FACE_OUTER_BOUND('',#496,.T.);
#320=FACE_OUTER_BOUND('',#497,.T.);
#321=FACE_OUTER_BOUND('',#498,.T.);
#322=FACE_OUTER_BOUND('',#499,.T.);
#323=FACE_OUTER_BOUND('',#500,.T.);
#324=FACE_OUTER_BOUND('',#501,.T.);
#325=FACE_OUTER_BOUND('',#502,.T.);
#326=FACE_OUTER_BOUND('',#503,.T.);
#327=FACE_OUTER_BOUND('',#504,.T.);
#328=FACE_OUTER_BOUND('',#505,.T.);
#329=FACE_OUTER_BOUND('',#506,.T.);
#330=FACE_OUTER_BOUND('',#507,.T.);
#331=FACE_OUTER_BOUND('',#508,.T.);
#332=FACE_OUTER_BOUND('',#509,.T.);
#333=FACE_OUTER_BOUND('',#510,.T.);
#334=FACE_OUTER_BOUND('',#511,.T.);
#335=FACE_OUTER_BOUND('',#512,.T.);
#336=FACE_OUTER_BOUND('',#513,.T.);
#337=FACE_OUTER_BOUND('',#514,.T.);
#338=FACE_OUTER_BOUND('',#515,.T.);
#339=FACE_OUTER_BOUND('',#516,.T.);
#340=FACE_OUTER_BOUND('',#517,.T.);
#341=FACE_OUTER_BOUND('',#518,.T.);
#342=FACE_OUTER_BOUND('',#519,.T.);
#343=FACE_OUTER_BOUND('',#520,.T.);
#344=FACE_OUTER_BOUND('',#521,.T.);
#345=FACE_OUTER_BOUND('',#522,.T.);
#346=FACE_OUTER_BOUND('',#523,.T.);
#347=FACE_OUTER_BOUND('',#524,.T.);
#348=FACE_OUTER_BOUND('',#543,.T.);
#349=FACE_OUTER_BOUND('',#544,.T.);
#350=FACE_OUTER_BOUND('',#545,.T.);
#351=FACE_OUTER_BOUND('',#546,.T.);
#352=FACE_OUTER_BOUND('',#547,.T.);
#353=FACE_OUTER_BOUND('',#559,.T.);
#354=FACE_OUTER_BOUND('',#560,.T.);
#355=FACE_OUTER_BOUND('',#561,.T.);
#356=FACE_OUTER_BOUND('',#562,.T.);
#357=FACE_OUTER_BOUND('',#563,.T.);
#358=FACE_OUTER_BOUND('',#564,.T.);
#359=FACE_OUTER_BOUND('',#565,.T.);
#360=FACE_OUTER_BOUND('',#566,.T.);
#361=FACE_OUTER_BOUND('',#567,.T.);
#362=FACE_OUTER_BOUND('',#568,.T.);
#363=FACE_OUTER_BOUND('',#569,.T.);
#364=FACE_OUTER_BOUND('',#570,.T.);
#365=FACE_OUTER_BOUND('',#571,.T.);
#366=FACE_OUTER_BOUND('',#572,.T.);
#367=FACE_OUTER_BOUND('',#573,.T.);
#368=FACE_OUTER_BOUND('',#574,.T.);
#369=FACE_OUTER_BOUND('',#575,.T.);
#370=FACE_OUTER_BOUND('',#576,.T.);
#371=FACE_OUTER_BOUND('',#577,.T.);
#372=FACE_OUTER_BOUND('',#578,.T.);
#373=FACE_OUTER_BOUND('',#579,.T.);
#374=FACE_OUTER_BOUND('',#580,.T.);
#375=FACE_OUTER_BOUND('',#581,.T.);
#376=FACE_OUTER_BOUND('',#582,.T.);
#377=FACE_OUTER_BOUND('',#583,.T.);
#378=FACE_OUTER_BOUND('',#584,.T.);
#379=FACE_OUTER_BOUND('',#585,.T.);
#380=FACE_OUTER_BOUND('',#586,.T.);
#381=FACE_OUTER_BOUND('',#587,.T.);
#382=FACE_OUTER_BOUND('',#588,.T.);
#383=FACE_OUTER_BOUND('',#589,.T.);
#384=FACE_OUTER_BOUND('',#590,.T.);
#385=FACE_OUTER_BOUND('',#591,.T.);
#386=FACE_OUTER_BOUND('',#592,.T.);
#387=FACE_OUTER_BOUND('',#593,.T.);
#388=FACE_OUTER_BOUND('',#594,.T.);
#389=FACE_OUTER_BOUND('',#595,.T.);
#390=FACE_OUTER_BOUND('',#596,.T.);
#391=FACE_OUTER_BOUND('',#597,.T.);
#392=FACE_OUTER_BOUND('',#598,.T.);
#393=FACE_OUTER_BOUND('',#599,.T.);
#394=FACE_OUTER_BOUND('',#600,.T.);
#395=FACE_OUTER_BOUND('',#601,.T.);
#396=FACE_OUTER_BOUND('',#602,.T.);
#397=FACE_OUTER_BOUND('',#603,.T.);
#398=FACE_OUTER_BOUND('',#604,.T.);
#399=FACE_OUTER_BOUND('',#605,.T.);
#400=FACE_OUTER_BOUND('',#606,.T.);
#401=FACE_OUTER_BOUND('',#607,.T.);
#402=FACE_OUTER_BOUND('',#608,.T.);
#403=FACE_OUTER_BOUND('',#609,.T.);
#404=FACE_OUTER_BOUND('',#610,.T.);
#405=FACE_OUTER_BOUND('',#611,.T.);
#406=FACE_OUTER_BOUND('',#612,.T.);
#407=FACE_OUTER_BOUND('',#613,.T.);
#408=FACE_OUTER_BOUND('',#614,.T.);
#409=FACE_OUTER_BOUND('',#615,.T.);
#410=FACE_OUTER_BOUND('',#616,.T.);
#411=FACE_OUTER_BOUND('',#617,.T.);
#412=FACE_OUTER_BOUND('',#618,.T.);
#413=FACE_OUTER_BOUND('',#619,.T.);
#414=FACE_OUTER_BOUND('',#620,.T.);
#415=FACE_OUTER_BOUND('',#621,.T.);
#416=EDGE_LOOP('',(#2202,#2203,#2204,#2205));
#417=EDGE_LOOP('',(#2206,#2207,#2208,#2209));
#418=EDGE_LOOP('',(#2210,#2211,#2212,#2213));
#419=EDGE_LOOP('',(#2214,#2215,#2216,#2217));
#420=EDGE_LOOP('',(#2218,#2219,#2220,#2221));
#421=EDGE_LOOP('',(#2222,#2223,#2224,#2225));
#422=EDGE_LOOP('',(#2226,#2227,#2228,#2229));
#423=EDGE_LOOP('',(#2230,#2231,#2232,#2233));
#424=EDGE_LOOP('',(#2234,#2235,#2236,#2237));
#425=EDGE_LOOP('',(#2238,#2239,#2240,#2241));
#426=EDGE_LOOP('',(#2242,#2243,#2244,#2245));
#427=EDGE_LOOP('',(#2246,#2247,#2248,#2249));
#428=EDGE_LOOP('',(#2250,#2251,#2252,#2253));
#429=EDGE_LOOP('',(#2254,#2255,#2256,#2257));
#430=EDGE_LOOP('',(#2258,#2259,#2260,#2261));
#431=EDGE_LOOP('',(#2262,#2263,#2264,#2265));
#432=EDGE_LOOP('',(#2266,#2267,#2268,#2269));
#433=EDGE_LOOP('',(#2270,#2271,#2272,#2273));
#434=EDGE_LOOP('',(#2274,#2275,#2276,#2277));
#435=EDGE_LOOP('',(#2278,#2279,#2280,#2281));
#436=EDGE_LOOP('',(#2282,#2283,#2284,#2285,#2286,#2287,#2288,#2289,#2290,
#2291,#2292,#2293,#2294,#2295,#2296));
#437=EDGE_LOOP('',(#2297,#2298,#2299,#2300,#2301));
#438=EDGE_LOOP('',(#2302,#2303,#2304,#2305));
#439=EDGE_LOOP('',(#2306,#2307,#2308,#2309));
#440=EDGE_LOOP('',(#2310,#2311,#2312,#2313));
#441=EDGE_LOOP('',(#2314,#2315,#2316,#2317));
#442=EDGE_LOOP('',(#2318,#2319,#2320,#2321));
#443=EDGE_LOOP('',(#2322,#2323,#2324,#2325));
#444=EDGE_LOOP('',(#2326,#2327,#2328,#2329));
#445=EDGE_LOOP('',(#2330,#2331,#2332,#2333));
#446=EDGE_LOOP('',(#2334,#2335,#2336,#2337));
#447=EDGE_LOOP('',(#2338,#2339,#2340,#2341));
#448=EDGE_LOOP('',(#2342,#2343,#2344,#2345));
#449=EDGE_LOOP('',(#2346,#2347,#2348,#2349));
#450=EDGE_LOOP('',(#2350,#2351,#2352,#2353));
#451=EDGE_LOOP('',(#2354,#2355,#2356,#2357));
#452=EDGE_LOOP('',(#2358,#2359,#2360,#2361));
#453=EDGE_LOOP('',(#2362,#2363,#2364,#2365));
#454=EDGE_LOOP('',(#2366,#2367,#2368,#2369));
#455=EDGE_LOOP('',(#2370,#2371,#2372,#2373));
#456=EDGE_LOOP('',(#2374,#2375,#2376,#2377,#2378,#2379,#2380,#2381,#2382,
#2383,#2384,#2385,#2386,#2387,#2388,#2389,#2390,#2391));
#457=EDGE_LOOP('',(#2392,#2393,#2394,#2395));
#458=EDGE_LOOP('',(#2396,#2397,#2398,#2399));
#459=EDGE_LOOP('',(#2400,#2401,#2402,#2403));
#460=EDGE_LOOP('',(#2404,#2405,#2406,#2407));
#461=EDGE_LOOP('',(#2408,#2409,#2410,#2411));
#462=EDGE_LOOP('',(#2412,#2413,#2414,#2415));
#463=EDGE_LOOP('',(#2416,#2417,#2418,#2419));
#464=EDGE_LOOP('',(#2420,#2421,#2422,#2423));
#465=EDGE_LOOP('',(#2424,#2425,#2426,#2427));
#466=EDGE_LOOP('',(#2428,#2429,#2430,#2431));
#467=EDGE_LOOP('',(#2432,#2433,#2434,#2435));
#468=EDGE_LOOP('',(#2436,#2437,#2438,#2439));
#469=EDGE_LOOP('',(#2440,#2441,#2442,#2443));
#470=EDGE_LOOP('',(#2444,#2445,#2446,#2447));
#471=EDGE_LOOP('',(#2448,#2449,#2450,#2451));
#472=EDGE_LOOP('',(#2452,#2453,#2454,#2455));
#473=EDGE_LOOP('',(#2456,#2457,#2458,#2459));
#474=EDGE_LOOP('',(#2460,#2461,#2462,#2463));
#475=EDGE_LOOP('',(#2464,#2465,#2466,#2467));
#476=EDGE_LOOP('',(#2468,#2469,#2470,#2471));
#477=EDGE_LOOP('',(#2472,#2473,#2474,#2475));
#478=EDGE_LOOP('',(#2476,#2477,#2478,#2479));
#479=EDGE_LOOP('',(#2480,#2481,#2482,#2483,#2484,#2485,#2486,#2487,#2488));
#480=EDGE_LOOP('',(#2489,#2490,#2491,#2492,#2493,#2494,#2495,#2496));
#481=EDGE_LOOP('',(#2497,#2498,#2499,#2500));
#482=EDGE_LOOP('',(#2501,#2502,#2503,#2504));
#483=EDGE_LOOP('',(#2505,#2506,#2507,#2508));
#484=EDGE_LOOP('',(#2509,#2510,#2511,#2512));
#485=EDGE_LOOP('',(#2513,#2514,#2515,#2516));
#486=EDGE_LOOP('',(#2517,#2518,#2519,#2520));
#487=EDGE_LOOP('',(#2521,#2522,#2523,#2524));
#488=EDGE_LOOP('',(#2525,#2526,#2527,#2528));
#489=EDGE_LOOP('',(#2529,#2530,#2531,#2532));
#490=EDGE_LOOP('',(#2533,#2534,#2535,#2536));
#491=EDGE_LOOP('',(#2537,#2538,#2539,#2540,#2541,#2542,#2543,#2544,#2545,
#2546));
#492=EDGE_LOOP('',(#2547,#2548,#2549,#2550));
#493=EDGE_LOOP('',(#2551,#2552,#2553,#2554));
#494=EDGE_LOOP('',(#2555,#2556,#2557,#2558));
#495=EDGE_LOOP('',(#2559,#2560,#2561,#2562));
#496=EDGE_LOOP('',(#2563,#2564,#2565,#2566));
#497=EDGE_LOOP('',(#2567,#2568,#2569,#2570));
#498=EDGE_LOOP('',(#2571,#2572,#2573,#2574));
#499=EDGE_LOOP('',(#2575,#2576,#2577,#2578));
#500=EDGE_LOOP('',(#2579,#2580,#2581,#2582));
#501=EDGE_LOOP('',(#2583,#2584,#2585,#2586));
#502=EDGE_LOOP('',(#2587,#2588,#2589,#2590));
#503=EDGE_LOOP('',(#2591,#2592,#2593,#2594));
#504=EDGE_LOOP('',(#2595,#2596,#2597,#2598));
#505=EDGE_LOOP('',(#2599,#2600,#2601,#2602));
#506=EDGE_LOOP('',(#2603,#2604,#2605,#2606));
#507=EDGE_LOOP('',(#2607,#2608,#2609,#2610));
#508=EDGE_LOOP('',(#2611,#2612,#2613,#2614));
#509=EDGE_LOOP('',(#2615,#2616,#2617,#2618));
#510=EDGE_LOOP('',(#2619,#2620,#2621,#2622,#2623,#2624,#2625,#2626,#2627,
#2628,#2629,#2630,#2631,#2632,#2633,#2634,#2635,#2636));
#511=EDGE_LOOP('',(#2637,#2638,#2639,#2640));
#512=EDGE_LOOP('',(#2641,#2642,#2643,#2644));
#513=EDGE_LOOP('',(#2645,#2646,#2647,#2648));
#514=EDGE_LOOP('',(#2649,#2650,#2651,#2652));
#515=EDGE_LOOP('',(#2653,#2654,#2655,#2656));
#516=EDGE_LOOP('',(#2657,#2658,#2659,#2660));
#517=EDGE_LOOP('',(#2661,#2662,#2663,#2664));
#518=EDGE_LOOP('',(#2665,#2666,#2667,#2668));
#519=EDGE_LOOP('',(#2669,#2670,#2671,#2672));
#520=EDGE_LOOP('',(#2673,#2674,#2675,#2676));
#521=EDGE_LOOP('',(#2677,#2678,#2679,#2680));
#522=EDGE_LOOP('',(#2681,#2682,#2683,#2684));
#523=EDGE_LOOP('',(#2685,#2686,#2687,#2688,#2689,#2690,#2691,#2692,#2693,
#2694,#2695,#2696));
#524=EDGE_LOOP('',(#2697,#2698,#2699,#2700,#2701,#2702,#2703,#2704,#2705,
#2706,#2707,#2708));
#525=EDGE_LOOP('',(#2709,#2710,#2711,#2712,#2713,#2714,#2715,#2716,#2717,
#2718,#2719,#2720,#2721,#2722,#2723));
#526=EDGE_LOOP('',(#2724,#2725,#2726,#2727,#2728,#2729,#2730,#2731,#2732,
#2733,#2734,#2735,#2736,#2737,#2738,#2739,#2740,#2741));
#527=EDGE_LOOP('',(#2742,#2743,#2744,#2745));
#528=EDGE_LOOP('',(#2746,#2747,#2748,#2749,#2750,#2751,#2752,#2753,#2754));
#529=EDGE_LOOP('',(#2755,#2756,#2757,#2758,#2759,#2760,#2761,#2762,#2763,
#2764));
#530=EDGE_LOOP('',(#2765,#2766,#2767,#2768,#2769,#2770,#2771,#2772,#2773,
#2774,#2775,#2776,#2777,#2778,#2779,#2780,#2781,#2782));
#531=EDGE_LOOP('',(#2783,#2784,#2785,#2786,#2787,#2788,#2789,#2790,#2791,
#2792,#2793,#2794));
#532=EDGE_LOOP('',(#2795));
#533=EDGE_LOOP('',(#2796,#2797,#2798,#2799,#2800,#2801,#2802,#2803));
#534=EDGE_LOOP('',(#2804));
#535=EDGE_LOOP('',(#2805,#2806,#2807,#2808,#2809,#2810,#2811,#2812));
#536=EDGE_LOOP('',(#2813,#2814,#2815,#2816,#2817,#2818,#2819,#2820));
#537=EDGE_LOOP('',(#2821,#2822,#2823,#2824,#2825,#2826,#2827,#2828));
#538=EDGE_LOOP('',(#2829));
#539=EDGE_LOOP('',(#2830));
#540=EDGE_LOOP('',(#2831));
#541=EDGE_LOOP('',(#2832,#2833,#2834,#2835,#2836,#2837,#2838,#2839));
#542=EDGE_LOOP('',(#2840,#2841,#2842,#2843,#2844,#2845,#2846,#2847));
#543=EDGE_LOOP('',(#2848,#2849,#2850,#2851,#2852,#2853,#2854,#2855));
#544=EDGE_LOOP('',(#2856,#2857,#2858,#2859));
#545=EDGE_LOOP('',(#2860,#2861,#2862,#2863));
#546=EDGE_LOOP('',(#2864,#2865,#2866,#2867));
#547=EDGE_LOOP('',(#2868,#2869,#2870,#2871,#2872,#2873,#2874,#2875,#2876,
#2877,#2878,#2879));
#548=EDGE_LOOP('',(#2880));
#549=EDGE_LOOP('',(#2881,#2882,#2883,#2884,#2885,#2886,#2887,#2888));
#550=EDGE_LOOP('',(#2889));
#551=EDGE_LOOP('',(#2890,#2891,#2892,#2893,#2894,#2895,#2896,#2897));
#552=EDGE_LOOP('',(#2898,#2899,#2900,#2901,#2902,#2903,#2904,#2905));
#553=EDGE_LOOP('',(#2906,#2907,#2908,#2909,#2910,#2911,#2912,#2913));
#554=EDGE_LOOP('',(#2914));
#555=EDGE_LOOP('',(#2915));
#556=EDGE_LOOP('',(#2916));
#557=EDGE_LOOP('',(#2917,#2918,#2919,#2920,#2921,#2922,#2923,#2924));
#558=EDGE_LOOP('',(#2925,#2926,#2927,#2928,#2929,#2930,#2931,#2932));
#559=EDGE_LOOP('',(#2933,#2934,#2935,#2936));
#560=EDGE_LOOP('',(#2937,#2938,#2939,#2940));
#561=EDGE_LOOP('',(#2941,#2942,#2943,#2944));
#562=EDGE_LOOP('',(#2945,#2946,#2947,#2948));
#563=EDGE_LOOP('',(#2949,#2950,#2951,#2952));
#564=EDGE_LOOP('',(#2953,#2954,#2955,#2956));
#565=EDGE_LOOP('',(#2957,#2958,#2959,#2960));
#566=EDGE_LOOP('',(#2961,#2962,#2963,#2964));
#567=EDGE_LOOP('',(#2965,#2966,#2967,#2968));
#568=EDGE_LOOP('',(#2969,#2970,#2971,#2972));
#569=EDGE_LOOP('',(#2973,#2974,#2975,#2976));
#570=EDGE_LOOP('',(#2977,#2978,#2979,#2980));
#571=EDGE_LOOP('',(#2981,#2982,#2983,#2984));
#572=EDGE_LOOP('',(#2985,#2986,#2987,#2988));
#573=EDGE_LOOP('',(#2989,#2990,#2991,#2992));
#574=EDGE_LOOP('',(#2993,#2994,#2995,#2996));
#575=EDGE_LOOP('',(#2997,#2998,#2999,#3000));
#576=EDGE_LOOP('',(#3001,#3002,#3003,#3004));
#577=EDGE_LOOP('',(#3005,#3006,#3007,#3008));
#578=EDGE_LOOP('',(#3009,#3010,#3011,#3012));
#579=EDGE_LOOP('',(#3013,#3014,#3015,#3016));
#580=EDGE_LOOP('',(#3017,#3018,#3019,#3020));
#581=EDGE_LOOP('',(#3021,#3022,#3023,#3024));
#582=EDGE_LOOP('',(#3025,#3026,#3027,#3028));
#583=EDGE_LOOP('',(#3029,#3030,#3031,#3032));
#584=EDGE_LOOP('',(#3033,#3034,#3035,#3036));
#585=EDGE_LOOP('',(#3037,#3038,#3039,#3040));
#586=EDGE_LOOP('',(#3041,#3042,#3043,#3044));
#587=EDGE_LOOP('',(#3045,#3046,#3047,#3048));
#588=EDGE_LOOP('',(#3049,#3050,#3051,#3052));
#589=EDGE_LOOP('',(#3053,#3054,#3055,#3056));
#590=EDGE_LOOP('',(#3057,#3058,#3059,#3060));
#591=EDGE_LOOP('',(#3061,#3062,#3063,#3064));
#592=EDGE_LOOP('',(#3065,#3066,#3067,#3068));
#593=EDGE_LOOP('',(#3069,#3070,#3071,#3072));
#594=EDGE_LOOP('',(#3073,#3074,#3075,#3076));
#595=EDGE_LOOP('',(#3077,#3078,#3079,#3080));
#596=EDGE_LOOP('',(#3081,#3082,#3083,#3084));
#597=EDGE_LOOP('',(#3085,#3086,#3087,#3088));
#598=EDGE_LOOP('',(#3089,#3090,#3091,#3092));
#599=EDGE_LOOP('',(#3093,#3094,#3095,#3096));
#600=EDGE_LOOP('',(#3097,#3098,#3099,#3100));
#601=EDGE_LOOP('',(#3101,#3102,#3103,#3104));
#602=EDGE_LOOP('',(#3105,#3106,#3107,#3108));
#603=EDGE_LOOP('',(#3109,#3110,#3111,#3112));
#604=EDGE_LOOP('',(#3113,#3114,#3115,#3116));
#605=EDGE_LOOP('',(#3117,#3118,#3119,#3120));
#606=EDGE_LOOP('',(#3121,#3122,#3123,#3124));
#607=EDGE_LOOP('',(#3125,#3126,#3127,#3128));
#608=EDGE_LOOP('',(#3129,#3130,#3131,#3132));
#609=EDGE_LOOP('',(#3133,#3134,#3135,#3136));
#610=EDGE_LOOP('',(#3137,#3138,#3139,#3140));
#611=EDGE_LOOP('',(#3141,#3142,#3143,#3144));
#612=EDGE_LOOP('',(#3145,#3146,#3147,#3148));
#613=EDGE_LOOP('',(#3149,#3150,#3151,#3152));
#614=EDGE_LOOP('',(#3153,#3154,#3155,#3156));
#615=EDGE_LOOP('',(#3157,#3158,#3159,#3160));
#616=EDGE_LOOP('',(#3161,#3162,#3163,#3164));
#617=EDGE_LOOP('',(#3165,#3166,#3167,#3168));
#618=EDGE_LOOP('',(#3169,#3170,#3171,#3172));
#619=EDGE_LOOP('',(#3173,#3174,#3175,#3176));
#620=EDGE_LOOP('',(#3177,#3178,#3179,#3180));
#621=EDGE_LOOP('',(#3181,#3182,#3183,#3184,#3185));
#622=LINE('',#4361,#956);
#623=LINE('',#4368,#957);
#624=LINE('',#4386,#958);
#625=LINE('',#4409,#959);
#626=LINE('',#4417,#960);
#627=LINE('',#4419,#961);
#628=LINE('',#4420,#962);
#629=LINE('',#4459,#963);
#630=LINE('',#4466,#964);
#631=LINE('',#4484,#965);
#632=LINE('',#4507,#966);
#633=LINE('',#4515,#967);
#634=LINE('',#4517,#968);
#635=LINE('',#4518,#969);
#636=LINE('',#4536,#970);
#637=LINE('',#4559,#971);
#638=LINE('',#4582,#972);
#639=LINE('',#4605,#973);
#640=LINE('',#4628,#974);
#641=LINE('',#4651,#975);
#642=LINE('',#4674,#976);
#643=LINE('',#4697,#977);
#644=LINE('',#4720,#978);
#645=LINE('',#4728,#979);
#646=LINE('',#4730,#980);
#647=LINE('',#4731,#981);
#648=LINE('',#4756,#982);
#649=LINE('',#4758,#983);
#650=LINE('',#4760,#984);
#651=LINE('',#4761,#985);
#652=LINE('',#4764,#986);
#653=LINE('',#4766,#987);
#654=LINE('',#4767,#988);
#655=LINE('',#4770,#989);
#656=LINE('',#4772,#990);
#657=LINE('',#4773,#991);
#658=LINE('',#4776,#992);
#659=LINE('',#4778,#993);
#660=LINE('',#4779,#994);
#661=LINE('',#4782,#995);
#662=LINE('',#4784,#996);
#663=LINE('',#4785,#997);
#664=LINE('',#4788,#998);
#665=LINE('',#4790,#999);
#666=LINE('',#4791,#1000);
#667=LINE('',#4794,#1001);
#668=LINE('',#4796,#1002);
#669=LINE('',#4797,#1003);
#670=LINE('',#4800,#1004);
#671=LINE('',#4802,#1005);
#672=LINE('',#4803,#1006);
#673=LINE('',#4806,#1007);
#674=LINE('',#4808,#1008);
#675=LINE('',#4809,#1009);
#676=LINE('',#4812,#1010);
#677=LINE('',#4814,#1011);
#678=LINE('',#4815,#1012);
#679=LINE('',#4818,#1013);
#680=LINE('',#4820,#1014);
#681=LINE('',#4821,#1015);
#682=LINE('',#4824,#1016);
#683=LINE('',#4826,#1017);
#684=LINE('',#4827,#1018);
#685=LINE('',#4845,#1019);
#686=LINE('',#4853,#1020);
#687=LINE('',#4855,#1021);
#688=LINE('',#4856,#1022);
#689=LINE('',#4859,#1023);
#690=LINE('',#4861,#1024);
#691=LINE('',#4862,#1025);
#692=LINE('',#4865,#1026);
#693=LINE('',#4867,#1027);
#694=LINE('',#4868,#1028);
#695=LINE('',#4871,#1029);
#696=LINE('',#4873,#1030);
#697=LINE('',#4874,#1031);
#698=LINE('',#4876,#1032);
#699=LINE('',#4877,#1033);
#700=LINE('',#4882,#1034);
#701=LINE('',#4884,#1035);
#702=LINE('',#4886,#1036);
#703=LINE('',#4887,#1037);
#704=LINE('',#4890,#1038);
#705=LINE('',#4892,#1039);
#706=LINE('',#4893,#1040);
#707=LINE('',#4896,#1041);
#708=LINE('',#4898,#1042);
#709=LINE('',#4899,#1043);
#710=LINE('',#4901,#1044);
#711=LINE('',#4902,#1045);
#712=LINE('',#4922,#1046);
#713=LINE('',#4929,#1047);
#714=LINE('',#4947,#1048);
#715=LINE('',#4970,#1049);
#716=LINE('',#4993,#1050);
#717=LINE('',#5016,#1051);
#718=LINE('',#5039,#1052);
#719=LINE('',#5062,#1053);
#720=LINE('',#5106,#1054);
#721=LINE('',#5113,#1055);
#722=LINE('',#5131,#1056);
#723=LINE('',#5154,#1057);
#724=LINE('',#5177,#1058);
#725=LINE('',#5200,#1059);
#726=LINE('',#5223,#1060);
#727=LINE('',#5246,#1061);
#728=LINE('',#5269,#1062);
#729=LINE('',#5299,#1063);
#730=LINE('',#5301,#1064);
#731=LINE('',#5303,#1065);
#732=LINE('',#5304,#1066);
#733=LINE('',#5307,#1067);
#734=LINE('',#5309,#1068);
#735=LINE('',#5310,#1069);
#736=LINE('',#5313,#1070);
#737=LINE('',#5315,#1071);
#738=LINE('',#5316,#1072);
#739=LINE('',#5319,#1073);
#740=LINE('',#5321,#1074);
#741=LINE('',#5322,#1075);
#742=LINE('',#5325,#1076);
#743=LINE('',#5327,#1077);
#744=LINE('',#5328,#1078);
#745=LINE('',#5331,#1079);
#746=LINE('',#5333,#1080);
#747=LINE('',#5334,#1081);
#748=LINE('',#5337,#1082);
#749=LINE('',#5339,#1083);
#750=LINE('',#5340,#1084);
#751=LINE('',#5343,#1085);
#752=LINE('',#5345,#1086);
#753=LINE('',#5346,#1087);
#754=LINE('',#5349,#1088);
#755=LINE('',#5351,#1089);
#756=LINE('',#5352,#1090);
#757=LINE('',#5354,#1091);
#758=LINE('',#5355,#1092);
#759=LINE('',#5375,#1093);
#760=LINE('',#5382,#1094);
#761=LINE('',#5400,#1095);
#762=LINE('',#5423,#1096);
#763=LINE('',#5431,#1097);
#764=LINE('',#5433,#1098);
#765=LINE('',#5434,#1099);
#766=LINE('',#5437,#1100);
#767=LINE('',#5439,#1101);
#768=LINE('',#5440,#1102);
#769=LINE('',#5443,#1103);
#770=LINE('',#5445,#1104);
#771=LINE('',#5446,#1105);
#772=LINE('',#5464,#1106);
#773=LINE('',#5487,#1107);
#774=LINE('',#5495,#1108);
#775=LINE('',#5497,#1109);
#776=LINE('',#5498,#1110);
#777=LINE('',#5501,#1111);
#778=LINE('',#5503,#1112);
#779=LINE('',#5504,#1113);
#780=LINE('',#5507,#1114);
#781=LINE('',#5509,#1115);
#782=LINE('',#5510,#1116);
#783=LINE('',#5528,#1117);
#784=LINE('',#5551,#1118);
#785=LINE('',#5574,#1119);
#786=LINE('',#5597,#1120);
#787=LINE('',#5620,#1121);
#788=LINE('',#5628,#1122);
#789=LINE('',#5630,#1123);
#790=LINE('',#5631,#1124);
#791=LINE('',#5656,#1125);
#792=LINE('',#5658,#1126);
#793=LINE('',#5660,#1127);
#794=LINE('',#5661,#1128);
#795=LINE('',#5664,#1129);
#796=LINE('',#5666,#1130);
#797=LINE('',#5667,#1131);
#798=LINE('',#5670,#1132);
#799=LINE('',#5672,#1133);
#800=LINE('',#5673,#1134);
#801=LINE('',#5676,#1135);
#802=LINE('',#5678,#1136);
#803=LINE('',#5679,#1137);
#804=LINE('',#5682,#1138);
#805=LINE('',#5684,#1139);
#806=LINE('',#5685,#1140);
#807=LINE('',#5688,#1141);
#808=LINE('',#5690,#1142);
#809=LINE('',#5691,#1143);
#810=LINE('',#5694,#1144);
#811=LINE('',#5696,#1145);
#812=LINE('',#5697,#1146);
#813=LINE('',#5700,#1147);
#814=LINE('',#5702,#1148);
#815=LINE('',#5703,#1149);
#816=LINE('',#5706,#1150);
#817=LINE('',#5708,#1151);
#818=LINE('',#5709,#1152);
#819=LINE('',#5712,#1153);
#820=LINE('',#5714,#1154);
#821=LINE('',#5715,#1155);
#822=LINE('',#5718,#1156);
#823=LINE('',#5720,#1157);
#824=LINE('',#5721,#1158);
#825=LINE('',#5723,#1159);
#826=LINE('',#5724,#1160);
#827=LINE('',#5731,#1161);
#828=LINE('',#5735,#1162);
#829=LINE('',#5739,#1163);
#830=LINE('',#5743,#1164);
#831=LINE('',#5745,#1165);
#832=LINE('',#5747,#1166);
#833=LINE('',#5749,#1167);
#834=LINE('',#5750,#1168);
#835=LINE('',#5757,#1169);
#836=LINE('',#5761,#1170);
#837=LINE('',#5765,#1171);
#838=LINE('',#5768,#1172);
#839=LINE('',#5775,#1173);
#840=LINE('',#5779,#1174);
#841=LINE('',#5783,#1175);
#842=LINE('',#5786,#1176);
#843=LINE('',#5791,#1177);
#844=LINE('',#5795,#1178);
#845=LINE('',#5799,#1179);
#846=LINE('',#5802,#1180);
#847=LINE('',#5807,#1181);
#848=LINE('',#5811,#1182);
#849=LINE('',#5815,#1183);
#850=LINE('',#5818,#1184);
#851=LINE('',#5829,#1185);
#852=LINE('',#5833,#1186);
#853=LINE('',#5837,#1187);
#854=LINE('',#5840,#1188);
#855=LINE('',#5845,#1189);
#856=LINE('',#5849,#1190);
#857=LINE('',#5853,#1191);
#858=LINE('',#5856,#1192);
#859=LINE('',#5860,#1193);
#860=LINE('',#5864,#1194);
#861=LINE('',#5867,#1195);
#862=LINE('',#5870,#1196);
#863=LINE('',#5871,#1197);
#864=LINE('',#5874,#1198);
#865=LINE('',#5876,#1199);
#866=LINE('',#5878,#1200);
#867=LINE('',#5880,#1201);
#868=LINE('',#5882,#1202);
#869=LINE('',#5886,#1203);
#870=LINE('',#5890,#1204);
#871=LINE('',#5896,#1205);
#872=LINE('',#5900,#1206);
#873=LINE('',#5904,#1207);
#874=LINE('',#5907,#1208);
#875=LINE('',#5914,#1209);
#876=LINE('',#5918,#1210);
#877=LINE('',#5922,#1211);
#878=LINE('',#5925,#1212);
#879=LINE('',#5930,#1213);
#880=LINE('',#5934,#1214);
#881=LINE('',#5938,#1215);
#882=LINE('',#5941,#1216);
#883=LINE('',#5946,#1217);
#884=LINE('',#5950,#1218);
#885=LINE('',#5954,#1219);
#886=LINE('',#5957,#1220);
#887=LINE('',#5968,#1221);
#888=LINE('',#5972,#1222);
#889=LINE('',#5976,#1223);
#890=LINE('',#5979,#1224);
#891=LINE('',#5984,#1225);
#892=LINE('',#5988,#1226);
#893=LINE('',#5992,#1227);
#894=LINE('',#5995,#1228);
#895=LINE('',#5997,#1229);
#896=LINE('',#5998,#1230);
#897=LINE('',#6000,#1231);
#898=LINE('',#6002,#1232);
#899=LINE('',#6004,#1233);
#900=LINE('',#6006,#1234);
#901=LINE('',#6007,#1235);
#902=LINE('',#6009,#1236);
#903=LINE('',#6011,#1237);
#904=LINE('',#6013,#1238);
#905=LINE('',#6015,#1239);
#906=LINE('',#6017,#1240);
#907=LINE('',#6019,#1241);
#908=LINE('',#6022,#1242);
#909=LINE('',#6023,#1243);
#910=LINE('',#6025,#1244);
#911=LINE('',#6027,#1245);
#912=LINE('',#6029,#1246);
#913=LINE('',#6031,#1247);
#914=LINE('',#6033,#1248);
#915=LINE('',#6035,#1249);
#916=LINE('',#6038,#1250);
#917=LINE('',#6040,#1251);
#918=LINE('',#6042,#1252);
#919=LINE('',#6044,#1253);
#920=LINE('',#6045,#1254);
#921=LINE('',#6047,#1255);
#922=LINE('',#6049,#1256);
#923=LINE('',#6051,#1257);
#924=LINE('',#6053,#1258);
#925=LINE('',#6055,#1259);
#926=LINE('',#6057,#1260);
#927=LINE('',#6060,#1261);
#928=LINE('',#6061,#1262);
#929=LINE('',#6063,#1263);
#930=LINE('',#6065,#1264);
#931=LINE('',#6067,#1265);
#932=LINE('',#6069,#1266);
#933=LINE('',#6071,#1267);
#934=LINE('',#6073,#1268);
#935=LINE('',#6076,#1269);
#936=LINE('',#6077,#1270);
#937=LINE('',#6079,#1271);
#938=LINE('',#6081,#1272);
#939=LINE('',#6083,#1273);
#940=LINE('',#6085,#1274);
#941=LINE('',#6087,#1275);
#942=LINE('',#6089,#1276);
#943=LINE('',#6092,#1277);
#944=LINE('',#6094,#1278);
#945=LINE('',#6095,#1279);
#946=LINE('',#6097,#1280);
#947=LINE('',#6099,#1281);
#948=LINE('',#6101,#1282);
#949=LINE('',#6103,#1283);
#950=LINE('',#6105,#1284);
#951=LINE('',#6107,#1285);
#952=LINE('',#6110,#1286);
#953=LINE('',#6112,#1287);
#954=LINE('',#6114,#1288);
#955=LINE('',#6116,#1289);
#956=VECTOR('',#3618,10.);
#957=VECTOR('',#3619,10.);
#958=VECTOR('',#3620,10.);
#959=VECTOR('',#3621,10.);
#960=VECTOR('',#3624,10.);
#961=VECTOR('',#3625,10.);
#962=VECTOR('',#3626,10.);
#963=VECTOR('',#3627,10.);
#964=VECTOR('',#3628,10.);
#965=VECTOR('',#3629,10.);
#966=VECTOR('',#3630,10.);
#967=VECTOR('',#3633,10.);
#968=VECTOR('',#3634,10.);
#969=VECTOR('',#3635,10.);
#970=VECTOR('',#3636,10.);
#971=VECTOR('',#3637,10.);
#972=VECTOR('',#3638,10.);
#973=VECTOR('',#3639,10.);
#974=VECTOR('',#3640,10.);
#975=VECTOR('',#3641,10.);
#976=VECTOR('',#3642,10.);
#977=VECTOR('',#3643,10.);
#978=VECTOR('',#3644,10.);
#979=VECTOR('',#3647,10.);
#980=VECTOR('',#3648,10.);
#981=VECTOR('',#3649,10.);
#982=VECTOR('',#3654,10.);
#983=VECTOR('',#3655,10.);
#984=VECTOR('',#3656,10.);
#985=VECTOR('',#3657,10.);
#986=VECTOR('',#3660,10.);
#987=VECTOR('',#3661,10.);
#988=VECTOR('',#3662,10.);
#989=VECTOR('',#3665,10.);
#990=VECTOR('',#3666,10.);
#991=VECTOR('',#3667,10.);
#992=VECTOR('',#3670,10.);
#993=VECTOR('',#3671,10.);
#994=VECTOR('',#3672,10.);
#995=VECTOR('',#3675,10.);
#996=VECTOR('',#3676,10.);
#997=VECTOR('',#3677,10.);
#998=VECTOR('',#3680,10.);
#999=VECTOR('',#3681,10.);
#1000=VECTOR('',#3682,10.);
#1001=VECTOR('',#3685,10.);
#1002=VECTOR('',#3686,10.);
#1003=VECTOR('',#3687,10.);
#1004=VECTOR('',#3690,10.);
#1005=VECTOR('',#3691,10.);
#1006=VECTOR('',#3692,10.);
#1007=VECTOR('',#3695,10.);
#1008=VECTOR('',#3696,10.);
#1009=VECTOR('',#3697,10.);
#1010=VECTOR('',#3700,10.);
#1011=VECTOR('',#3701,10.);
#1012=VECTOR('',#3702,10.);
#1013=VECTOR('',#3705,10.);
#1014=VECTOR('',#3706,10.);
#1015=VECTOR('',#3707,10.);
#1016=VECTOR('',#3710,10.);
#1017=VECTOR('',#3711,10.);
#1018=VECTOR('',#3712,10.);
#1019=VECTOR('',#3713,10.);
#1020=VECTOR('',#3716,10.);
#1021=VECTOR('',#3717,10.);
#1022=VECTOR('',#3718,10.);
#1023=VECTOR('',#3721,10.);
#1024=VECTOR('',#3722,10.);
#1025=VECTOR('',#3723,10.);
#1026=VECTOR('',#3726,10.);
#1027=VECTOR('',#3727,10.);
#1028=VECTOR('',#3728,10.);
#1029=VECTOR('',#3731,10.);
#1030=VECTOR('',#3732,10.);
#1031=VECTOR('',#3733,10.);
#1032=VECTOR('',#3736,10.);
#1033=VECTOR('',#3737,10.);
#1034=VECTOR('',#3742,10.);
#1035=VECTOR('',#3743,10.);
#1036=VECTOR('',#3744,10.);
#1037=VECTOR('',#3745,10.);
#1038=VECTOR('',#3748,10.);
#1039=VECTOR('',#3749,10.);
#1040=VECTOR('',#3750,10.);
#1041=VECTOR('',#3753,10.);
#1042=VECTOR('',#3754,10.);
#1043=VECTOR('',#3755,10.);
#1044=VECTOR('',#3758,10.);
#1045=VECTOR('',#3759,10.);
#1046=VECTOR('',#3762,10.);
#1047=VECTOR('',#3763,10.);
#1048=VECTOR('',#3764,10.);
#1049=VECTOR('',#3765,10.);
#1050=VECTOR('',#3766,10.);
#1051=VECTOR('',#3767,10.);
#1052=VECTOR('',#3768,10.);
#1053=VECTOR('',#3769,10.);
#1054=VECTOR('',#3770,10.);
#1055=VECTOR('',#3771,10.);
#1056=VECTOR('',#3772,10.);
#1057=VECTOR('',#3773,10.);
#1058=VECTOR('',#3774,10.);
#1059=VECTOR('',#3775,10.);
#1060=VECTOR('',#3776,10.);
#1061=VECTOR('',#3777,10.);
#1062=VECTOR('',#3778,10.);
#1063=VECTOR('',#3783,10.);
#1064=VECTOR('',#3784,10.);
#1065=VECTOR('',#3785,10.);
#1066=VECTOR('',#3786,10.);
#1067=VECTOR('',#3789,10.);
#1068=VECTOR('',#3790,10.);
#1069=VECTOR('',#3791,10.);
#1070=VECTOR('',#3794,10.);
#1071=VECTOR('',#3795,10.);
#1072=VECTOR('',#3796,10.);
#1073=VECTOR('',#3799,10.);
#1074=VECTOR('',#3800,10.);
#1075=VECTOR('',#3801,10.);
#1076=VECTOR('',#3804,10.);
#1077=VECTOR('',#3805,10.);
#1078=VECTOR('',#3806,10.);
#1079=VECTOR('',#3809,10.);
#1080=VECTOR('',#3810,10.);
#1081=VECTOR('',#3811,10.);
#1082=VECTOR('',#3814,10.);
#1083=VECTOR('',#3815,10.);
#1084=VECTOR('',#3816,10.);
#1085=VECTOR('',#3819,10.);
#1086=VECTOR('',#3820,10.);
#1087=VECTOR('',#3821,10.);
#1088=VECTOR('',#3824,10.);
#1089=VECTOR('',#3825,10.);
#1090=VECTOR('',#3826,10.);
#1091=VECTOR('',#3829,10.);
#1092=VECTOR('',#3830,10.);
#1093=VECTOR('',#3833,10.);
#1094=VECTOR('',#3834,10.);
#1095=VECTOR('',#3835,10.);
#1096=VECTOR('',#3836,10.);
#1097=VECTOR('',#3839,10.);
#1098=VECTOR('',#3840,10.);
#1099=VECTOR('',#3841,10.);
#1100=VECTOR('',#3844,10.);
#1101=VECTOR('',#3845,10.);
#1102=VECTOR('',#3846,10.);
#1103=VECTOR('',#3849,10.);
#1104=VECTOR('',#3850,10.);
#1105=VECTOR('',#3851,10.);
#1106=VECTOR('',#3852,10.);
#1107=VECTOR('',#3853,10.);
#1108=VECTOR('',#3856,10.);
#1109=VECTOR('',#3857,10.);
#1110=VECTOR('',#3858,10.);
#1111=VECTOR('',#3861,10.);
#1112=VECTOR('',#3862,10.);
#1113=VECTOR('',#3863,10.);
#1114=VECTOR('',#3866,10.);
#1115=VECTOR('',#3867,10.);
#1116=VECTOR('',#3868,10.);
#1117=VECTOR('',#3869,10.);
#1118=VECTOR('',#3870,10.);
#1119=VECTOR('',#3871,10.);
#1120=VECTOR('',#3872,10.);
#1121=VECTOR('',#3873,10.);
#1122=VECTOR('',#3876,10.);
#1123=VECTOR('',#3877,10.);
#1124=VECTOR('',#3878,10.);
#1125=VECTOR('',#3883,10.);
#1126=VECTOR('',#3884,10.);
#1127=VECTOR('',#3885,10.);
#1128=VECTOR('',#3886,10.);
#1129=VECTOR('',#3889,10.);
#1130=VECTOR('',#3890,10.);
#1131=VECTOR('',#3891,10.);
#1132=VECTOR('',#3894,10.);
#1133=VECTOR('',#3895,10.);
#1134=VECTOR('',#3896,10.);
#1135=VECTOR('',#3899,10.);
#1136=VECTOR('',#3900,10.);
#1137=VECTOR('',#3901,10.);
#1138=VECTOR('',#3904,10.);
#1139=VECTOR('',#3905,10.);
#1140=VECTOR('',#3906,10.);
#1141=VECTOR('',#3909,10.);
#1142=VECTOR('',#3910,10.);
#1143=VECTOR('',#3911,10.);
#1144=VECTOR('',#3914,10.);
#1145=VECTOR('',#3915,10.);
#1146=VECTOR('',#3916,10.);
#1147=VECTOR('',#3919,10.);
#1148=VECTOR('',#3920,10.);
#1149=VECTOR('',#3921,10.);
#1150=VECTOR('',#3924,10.);
#1151=VECTOR('',#3925,10.);
#1152=VECTOR('',#3926,10.);
#1153=VECTOR('',#3929,10.);
#1154=VECTOR('',#3930,10.);
#1155=VECTOR('',#3931,10.);
#1156=VECTOR('',#3934,10.);
#1157=VECTOR('',#3935,10.);
#1158=VECTOR('',#3936,10.);
#1159=VECTOR('',#3939,10.);
#1160=VECTOR('',#3940,10.);
#1161=VECTOR('',#3947,10.);
#1162=VECTOR('',#3950,10.);
#1163=VECTOR('',#3953,10.);
#1164=VECTOR('',#3956,10.);
#1165=VECTOR('',#3957,10.);
#1166=VECTOR('',#3958,10.);
#1167=VECTOR('',#3959,10.);
#1168=VECTOR('',#3960,10.);
#1169=VECTOR('',#3965,10.);
#1170=VECTOR('',#3968,10.);
#1171=VECTOR('',#3971,10.);
#1172=VECTOR('',#3974,10.);
#1173=VECTOR('',#3979,10.);
#1174=VECTOR('',#3982,10.);
#1175=VECTOR('',#3985,10.);
#1176=VECTOR('',#3988,10.);
#1177=VECTOR('',#3991,10.);
#1178=VECTOR('',#3994,10.);
#1179=VECTOR('',#3997,10.);
#1180=VECTOR('',#4000,10.);
#1181=VECTOR('',#4003,10.);
#1182=VECTOR('',#4006,10.);
#1183=VECTOR('',#4009,10.);
#1184=VECTOR('',#4012,10.);
#1185=VECTOR('',#4021,10.);
#1186=VECTOR('',#4024,10.);
#1187=VECTOR('',#4027,10.);
#1188=VECTOR('',#4030,10.);
#1189=VECTOR('',#4033,10.);
#1190=VECTOR('',#4036,10.);
#1191=VECTOR('',#4039,10.);
#1192=VECTOR('',#4042,10.);
#1193=VECTOR('',#4047,5.);
#1194=VECTOR('',#4052,10.);
#1195=VECTOR('',#4055,10.);
#1196=VECTOR('',#4058,10.);
#1197=VECTOR('',#4059,10.);
#1198=VECTOR('',#4062,10.);
#1199=VECTOR('',#4063,10.);
#1200=VECTOR('',#4064,10.);
#1201=VECTOR('',#4065,10.);
#1202=VECTOR('',#4066,10.);
#1203=VECTOR('',#4069,10.);
#1204=VECTOR('',#4072,10.);
#1205=VECTOR('',#4077,10.);
#1206=VECTOR('',#4080,10.);
#1207=VECTOR('',#4083,10.);
#1208=VECTOR('',#4086,10.);
#1209=VECTOR('',#4091,10.);
#1210=VECTOR('',#4094,10.);
#1211=VECTOR('',#4097,10.);
#1212=VECTOR('',#4100,10.);
#1213=VECTOR('',#4103,10.);
#1214=VECTOR('',#4106,10.);
#1215=VECTOR('',#4109,10.);
#1216=VECTOR('',#4112,10.);
#1217=VECTOR('',#4115,10.);
#1218=VECTOR('',#4118,10.);
#1219=VECTOR('',#4121,10.);
#1220=VECTOR('',#4124,10.);
#1221=VECTOR('',#4133,10.);
#1222=VECTOR('',#4136,10.);
#1223=VECTOR('',#4139,10.);
#1224=VECTOR('',#4142,10.);
#1225=VECTOR('',#4145,10.);
#1226=VECTOR('',#4148,10.);
#1227=VECTOR('',#4151,10.);
#1228=VECTOR('',#4154,10.);
#1229=VECTOR('',#4157,10.);
#1230=VECTOR('',#4158,10.);
#1231=VECTOR('',#4161,10.);
#1232=VECTOR('',#4164,10.);
#1233=VECTOR('',#4167,10.);
#1234=VECTOR('',#4170,10.);
#1235=VECTOR('',#4171,10.);
#1236=VECTOR('',#4174,10.);
#1237=VECTOR('',#4177,10.);
#1238=VECTOR('',#4180,10.);
#1239=VECTOR('',#4183,10.);
#1240=VECTOR('',#4186,10.);
#1241=VECTOR('',#4189,10.);
#1242=VECTOR('',#4194,10.);
#1243=VECTOR('',#4195,10.);
#1244=VECTOR('',#4198,10.);
#1245=VECTOR('',#4201,10.);
#1246=VECTOR('',#4204,10.);
#1247=VECTOR('',#4207,10.);
#1248=VECTOR('',#4210,10.);
#1249=VECTOR('',#4213,10.);
#1250=VECTOR('',#4218,1.7);
#1251=VECTOR('',#4221,1.7);
#1252=VECTOR('',#4224,1.7);
#1253=VECTOR('',#4227,10.);
#1254=VECTOR('',#4228,10.);
#1255=VECTOR('',#4231,10.);
#1256=VECTOR('',#4234,10.);
#1257=VECTOR('',#4237,10.);
#1258=VECTOR('',#4240,10.);
#1259=VECTOR('',#4243,10.);
#1260=VECTOR('',#4246,10.);
#1261=VECTOR('',#4251,10.);
#1262=VECTOR('',#4252,10.);
#1263=VECTOR('',#4255,10.);
#1264=VECTOR('',#4258,10.);
#1265=VECTOR('',#4261,10.);
#1266=VECTOR('',#4264,10.);
#1267=VECTOR('',#4267,10.);
#1268=VECTOR('',#4270,10.);
#1269=VECTOR('',#4275,10.);
#1270=VECTOR('',#4276,10.);
#1271=VECTOR('',#4279,10.);
#1272=VECTOR('',#4282,10.);
#1273=VECTOR('',#4285,10.);
#1274=VECTOR('',#4288,10.);
#1275=VECTOR('',#4291,10.);
#1276=VECTOR('',#4294,10.);
#1277=VECTOR('',#4299,1.7);
#1278=VECTOR('',#4302,10.);
#1279=VECTOR('',#4303,10.);
#1280=VECTOR('',#4306,10.);
#1281=VECTOR('',#4309,10.);
#1282=VECTOR('',#4312,10.);
#1283=VECTOR('',#4315,10.);
#1284=VECTOR('',#4318,10.);
#1285=VECTOR('',#4321,10.);
#1286=VECTOR('',#4326,10.);
#1287=VECTOR('',#4329,10.);
#1288=VECTOR('',#4332,10.);
#1289=VECTOR('',#4335,10.);
#1290=B_SPLINE_CURVE_WITH_KNOTS('',3,(#4355,#4356,#4357,#4358,#4359),
 .UNSPECIFIED.,.F.,.F.,(4,1,4),(0.,0.02373726530784,0.0468729009799232),
 .UNSPECIFIED.);
#1291=B_SPLINE_CURVE_WITH_KNOTS('',3,(#4363,#4364,#4365,#4366,#4367),
 .UNSPECIFIED.,.F.,.F.,(4,1,4),(0.,0.02373726530784,0.0468729009799232),
 .UNSPECIFIED.);
#1292=B_SPLINE_CURVE_WITH_KNOTS('',3,(#4380,#4381,#4382,#4383,#4384),
 .UNSPECIFIED.,.F.,.F.,(4,1,4),(0.,0.0257515717467414,0.0517286200947217),
 .UNSPECIFIED.);
#1293=B_SPLINE_CURVE_WITH_KNOTS('',3,(#4387,#4388,#4389,#4390,#4391),
 .UNSPECIFIED.,.F.,.F.,(4,1,4),(0.,0.0257515717467414,0.0517286200947217),
 .UNSPECIFIED.);
#1294=B_SPLINE_CURVE_WITH_KNOTS('',3,(#4403,#4404,#4405,#4406,#4407),
 .UNSPECIFIED.,.F.,.F.,(4,1,4),(0.,0.0244511485530219,0.0439069278100851),
 .UNSPECIFIED.);
#1295=B_SPLINE_CURVE_WITH_KNOTS('',3,(#4410,#4411,#4412,#4413,#4414),
 .UNSPECIFIED.,.F.,.F.,(4,1,4),(0.,0.0244511485530219,0.0439069278100851),
 .UNSPECIFIED.);
#1296=B_SPLINE_CURVE_WITH_KNOTS('',3,(#4431,#4432,#4433,#4434,#4435),
 .UNSPECIFIED.,.F.,.F.,(4,1,4),(0.,0.0239660018578946,0.050174121584811),
 .UNSPECIFIED.);
#1297=B_SPLINE_CURVE_WITH_KNOTS('',3,(#4436,#4437,#4438,#4439,#4440),
 .UNSPECIFIED.,.F.,.F.,(4,1,4),(0.,0.0239660018578946,0.050174121584811),
 .UNSPECIFIED.);
#1298=B_SPLINE_CURVE_WITH_KNOTS('',3,(#4453,#4454,#4455,#4456,#4457),
 .UNSPECIFIED.,.F.,.F.,(4,1,4),(0.,0.0189631186462206,0.0366718236202989),
 .UNSPECIFIED.);
#1299=B_SPLINE_CURVE_WITH_KNOTS('',3,(#4461,#4462,#4463,#4464,#4465),
 .UNSPECIFIED.,.F.,.F.,(4,1,4),(0.,0.0189631186462206,0.0366718236202989),
 .UNSPECIFIED.);
#1300=B_SPLINE_CURVE_WITH_KNOTS('',3,(#4478,#4479,#4480,#4481,#4482),
 .UNSPECIFIED.,.F.,.F.,(4,1,4),(0.,0.0249500404933153,0.0503652356544742),
 .UNSPECIFIED.);
#1301=B_SPLINE_CURVE_WITH_KNOTS('',3,(#4485,#4486,#4487,#4488,#4489),
 .UNSPECIFIED.,.F.,.F.,(4,1,4),(0.,0.0249500404933153,0.0503652356544742),
 .UNSPECIFIED.);
#1302=B_SPLINE_CURVE_WITH_KNOTS('',3,(#4501,#4502,#4503,#4504,#4505),
 .UNSPECIFIED.,.F.,.F.,(4,1,4),(0.,0.0321974636689984,0.0594057489561941),
 .UNSPECIFIED.);
#1303=B_SPLINE_CURVE_WITH_KNOTS('',3,(#4508,#4509,#4510,#4511,#4512),
 .UNSPECIFIED.,.F.,.F.,(4,1,4),(0.,0.0321974636689984,0.0594057489561941),
 .UNSPECIFIED.);
#1304=B_SPLINE_CURVE_WITH_KNOTS('',3,(#4530,#4531,#4532,#4533,#4534),
 .UNSPECIFIED.,.F.,.F.,(4,1,4),(0.,0.00409307243456593,0.00982501317268994),
 .UNSPECIFIED.);
#1305=B_SPLINE_CURVE_WITH_KNOTS('',3,(#4537,#4538,#4539,#4540,#4541),
 .UNSPECIFIED.,.F.,.F.,(4,1,4),(0.,0.00409307243456593,0.00982501317268994),
 .UNSPECIFIED.);
#1306=B_SPLINE_CURVE_WITH_KNOTS('',3,(#4553,#4554,#4555,#4556,#4557),
 .UNSPECIFIED.,.F.,.F.,(4,1,4),(0.,0.0412851767094973,0.0895648408389774),
 .UNSPECIFIED.);
#1307=B_SPLINE_CURVE_WITH_KNOTS('',3,(#4560,#4561,#4562,#4563,#4564),
 .UNSPECIFIED.,.F.,.F.,(4,1,4),(0.,0.0412851767094973,0.0895648408389774),
 .UNSPECIFIED.);
#1308=B_SPLINE_CURVE_WITH_KNOTS('',3,(#4576,#4577,#4578,#4579,#4580),
 .UNSPECIFIED.,.F.,.F.,(4,1,4),(0.,0.0402864005980434,0.078949988594921),
 .UNSPECIFIED.);
#1309=B_SPLINE_CURVE_WITH_KNOTS('',3,(#4583,#4584,#4585,#4586,#4587),
 .UNSPECIFIED.,.F.,.F.,(4,1,4),(0.,0.0402864005980434,0.078949988594921),
 .UNSPECIFIED.);
#1310=B_SPLINE_CURVE_WITH_KNOTS('',3,(#4599,#4600,#4601,#4602,#4603),
 .UNSPECIFIED.,.F.,.F.,(4,1,4),(0.,0.0395980562373187,0.0811196176157953),
 .UNSPECIFIED.);
#1311=B_SPLINE_CURVE_WITH_KNOTS('',3,(#4606,#4607,#4608,#4609,#4610),
 .UNSPECIFIED.,.F.,.F.,(4,1,4),(0.,0.0395980562373187,0.0811196176157953),
 .UNSPECIFIED.);
#1312=B_SPLINE_CURVE_WITH_KNOTS('',3,(#4622,#4623,#4624,#4625,#4626),
 .UNSPECIFIED.,.F.,.F.,(4,1,4),(0.,0.0492130109715511,0.0913488083880492),
 .UNSPECIFIED.);
#1313=B_SPLINE_CURVE_WITH_KNOTS('',3,(#4629,#4630,#4631,#4632,#4633),
 .UNSPECIFIED.,.F.,.F.,(4,1,4),(0.,0.0492130109715511,0.0913488083880492),
 .UNSPECIFIED.);
#1314=B_SPLINE_CURVE_WITH_KNOTS('',3,(#4645,#4646,#4647,#4648,#4649),
 .UNSPECIFIED.,.F.,.F.,(4,1,4),(0.,0.041026723230701,0.0886340870293544),
 .UNSPECIFIED.);
#1315=B_SPLINE_CURVE_WITH_KNOTS('',3,(#4652,#4653,#4654,#4655,#4656),
 .UNSPECIFIED.,.F.,.F.,(4,1,4),(0.,0.041026723230701,0.0886340870293544),
 .UNSPECIFIED.);
#1316=B_SPLINE_CURVE_WITH_KNOTS('',3,(#4668,#4669,#4670,#4671,#4672),
 .UNSPECIFIED.,.F.,.F.,(4,1,4),(0.,0.0433697369206314,0.0829362186972543),
 .UNSPECIFIED.);
#1317=B_SPLINE_CURVE_WITH_KNOTS('',3,(#4675,#4676,#4677,#4678,#4679),
 .UNSPECIFIED.,.F.,.F.,(4,1,4),(0.,0.0433697369206314,0.0829362186972543),
 .UNSPECIFIED.);
#1318=B_SPLINE_CURVE_WITH_KNOTS('',3,(#4691,#4692,#4693,#4694,#4695),
 .UNSPECIFIED.,.F.,.F.,(4,1,4),(0.,0.0309785661166585,0.0657662065005657),
 .UNSPECIFIED.);
#1319=B_SPLINE_CURVE_WITH_KNOTS('',3,(#4698,#4699,#4700,#4701,#4702),
 .UNSPECIFIED.,.F.,.F.,(4,1,4),(0.,0.0309785661166585,0.0657662065005657),
 .UNSPECIFIED.);
#1320=B_SPLINE_CURVE_WITH_KNOTS('',3,(#4714,#4715,#4716,#4717,#4718),
 .UNSPECIFIED.,.F.,.F.,(4,1,4),(0.,0.0322849983307749,0.0624774078991204),
 .UNSPECIFIED.);
#1321=B_SPLINE_CURVE_WITH_KNOTS('',3,(#4721,#4722,#4723,#4724,#4725),
 .UNSPECIFIED.,.F.,.F.,(4,1,4),(0.,0.0322849983307749,0.0624774078991204),
 .UNSPECIFIED.);
#1322=B_SPLINE_CURVE_WITH_KNOTS('',3,(#4742,#4743,#4744,#4745,#4746),
 .UNSPECIFIED.,.F.,.F.,(4,1,4),(0.,0.0188598407646672,0.0413051853886856),
 .UNSPECIFIED.);
#1323=B_SPLINE_CURVE_WITH_KNOTS('',3,(#4747,#4748,#4749,#4750,#4751),
 .UNSPECIFIED.,.F.,.F.,(4,1,4),(0.,0.0188598407646672,0.0413051853886856),
 .UNSPECIFIED.);
#1324=B_SPLINE_CURVE_WITH_KNOTS('',3,(#4839,#4840,#4841,#4842,#4843),
 .UNSPECIFIED.,.F.,.F.,(4,1,4),(0.,0.0133386428724362,0.0462075585527946),
 .UNSPECIFIED.);
#1325=B_SPLINE_CURVE_WITH_KNOTS('',3,(#4846,#4847,#4848,#4849,#4850),
 .UNSPECIFIED.,.F.,.F.,(4,1,4),(0.,0.0133386428724362,0.0462075585527946),
 .UNSPECIFIED.);
#1326=B_SPLINE_CURVE_WITH_KNOTS('',3,(#4916,#4917,#4918,#4919,#4920),
 .UNSPECIFIED.,.F.,.F.,(4,1,4),(0.,0.0257956576584471,0.0515495208600006),
 .UNSPECIFIED.);
#1327=B_SPLINE_CURVE_WITH_KNOTS('',3,(#4924,#4925,#4926,#4927,#4928),
 .UNSPECIFIED.,.F.,.F.,(4,1,4),(0.,0.0257956576584471,0.0515495208600006),
 .UNSPECIFIED.);
#1328=B_SPLINE_CURVE_WITH_KNOTS('',3,(#4941,#4942,#4943,#4944,#4945),
 .UNSPECIFIED.,.F.,.F.,(4,1,4),(0.,0.0257797097184964,0.051304870465843),
 .UNSPECIFIED.);
#1329=B_SPLINE_CURVE_WITH_KNOTS('',3,(#4948,#4949,#4950,#4951,#4952),
 .UNSPECIFIED.,.F.,.F.,(4,1,4),(0.,0.0257797097184964,0.051304870465843),
 .UNSPECIFIED.);
#1330=B_SPLINE_CURVE_WITH_KNOTS('',3,(#4964,#4965,#4966,#4967,#4968),
 .UNSPECIFIED.,.F.,.F.,(4,1,4),(0.,0.035722712666973,0.0648250562163811),
 .UNSPECIFIED.);
#1331=B_SPLINE_CURVE_WITH_KNOTS('',3,(#4971,#4972,#4973,#4974,#4975),
 .UNSPECIFIED.,.F.,.F.,(4,1,4),(0.,0.035722712666973,0.0648250562163811),
 .UNSPECIFIED.);
#1332=B_SPLINE_CURVE_WITH_KNOTS('',3,(#4987,#4988,#4989,#4990,#4991),
 .UNSPECIFIED.,.F.,.F.,(4,1,4),(0.,0.0296776106478934,0.0672498625956519),
 .UNSPECIFIED.);
#1333=B_SPLINE_CURVE_WITH_KNOTS('',3,(#4994,#4995,#4996,#4997,#4998),
 .UNSPECIFIED.,.F.,.F.,(4,1,4),(0.,0.0296776106478934,0.0672498625956519),
 .UNSPECIFIED.);
#1334=B_SPLINE_CURVE_WITH_KNOTS('',3,(#5010,#5011,#5012,#5013,#5014),
 .UNSPECIFIED.,.F.,.F.,(4,1,4),(0.,0.0256557221978055,0.0514614882232133),
 .UNSPECIFIED.);
#1335=B_SPLINE_CURVE_WITH_KNOTS('',3,(#5017,#5018,#5019,#5020,#5021),
 .UNSPECIFIED.,.F.,.F.,(4,1,4),(0.,0.0256557221978055,0.0514614882232133),
 .UNSPECIFIED.);
#1336=B_SPLINE_CURVE_WITH_KNOTS('',3,(#5033,#5034,#5035,#5036,#5037),
 .UNSPECIFIED.,.F.,.F.,(4,1,4),(0.,0.0258000496465487,0.0516009582414327),
 .UNSPECIFIED.);
#1337=B_SPLINE_CURVE_WITH_KNOTS('',3,(#5040,#5041,#5042,#5043,#5044),
 .UNSPECIFIED.,.F.,.F.,(4,1,4),(0.,0.0258000496465487,0.0516009582414327),
 .UNSPECIFIED.);
#1338=B_SPLINE_CURVE_WITH_KNOTS('',3,(#5056,#5057,#5058,#5059,#5060),
 .UNSPECIFIED.,.F.,.F.,(4,1,4),(0.,0.0367852416023662,0.0661680332236485),
 .UNSPECIFIED.);
#1339=B_SPLINE_CURVE_WITH_KNOTS('',3,(#5063,#5064,#5065,#5066,#5067),
 .UNSPECIFIED.,.F.,.F.,(4,1,4),(0.,0.0367852416023662,0.0661680332236485),
 .UNSPECIFIED.);
#1340=B_SPLINE_CURVE_WITH_KNOTS('',3,(#5078,#5079,#5080,#5081,#5082),
 .UNSPECIFIED.,.F.,.F.,(4,1,4),(0.,0.0293148558700167,0.0660747534264223),
 .UNSPECIFIED.);
#1341=B_SPLINE_CURVE_WITH_KNOTS('',3,(#5083,#5084,#5085,#5086,#5087),
 .UNSPECIFIED.,.F.,.F.,(4,1,4),(0.,0.0293148558700167,0.0660747534264223),
 .UNSPECIFIED.);
#1342=B_SPLINE_CURVE_WITH_KNOTS('',3,(#5100,#5101,#5102,#5103,#5104),
 .UNSPECIFIED.,.F.,.F.,(4,1,4),(0.,0.0419038035238163,0.0811303220376975),
 .UNSPECIFIED.);
#1343=B_SPLINE_CURVE_WITH_KNOTS('',3,(#5108,#5109,#5110,#5111,#5112),
 .UNSPECIFIED.,.F.,.F.,(4,1,4),(0.,0.0419038035238163,0.0811303220376975),
 .UNSPECIFIED.);
#1344=B_SPLINE_CURVE_WITH_KNOTS('',3,(#5125,#5126,#5127,#5128,#5129),
 .UNSPECIFIED.,.F.,.F.,(4,1,4),(0.,0.0270516409809415,0.054597919199391),
 .UNSPECIFIED.);
#1345=B_SPLINE_CURVE_WITH_KNOTS('',3,(#5132,#5133,#5134,#5135,#5136),
 .UNSPECIFIED.,.F.,.F.,(4,1,4),(0.,0.0270516409809415,0.054597919199391),
 .UNSPECIFIED.);
#1346=B_SPLINE_CURVE_WITH_KNOTS('',3,(#5148,#5149,#5150,#5151,#5152),
 .UNSPECIFIED.,.F.,.F.,(4,1,4),(0.,0.0263613920970336,0.0528979652078555),
 .UNSPECIFIED.);
#1347=B_SPLINE_CURVE_WITH_KNOTS('',3,(#5155,#5156,#5157,#5158,#5159),
 .UNSPECIFIED.,.F.,.F.,(4,1,4),(0.,0.0263613920970336,0.0528979652078555),
 .UNSPECIFIED.);
#1348=B_SPLINE_CURVE_WITH_KNOTS('',3,(#5171,#5172,#5173,#5174,#5175),
 .UNSPECIFIED.,.F.,.F.,(4,1,4),(0.,0.037606270399178,0.0676490611944434),
 .UNSPECIFIED.);
#1349=B_SPLINE_CURVE_WITH_KNOTS('',3,(#5178,#5179,#5180,#5181,#5182),
 .UNSPECIFIED.,.F.,.F.,(4,1,4),(0.,0.037606270399178,0.0676490611944434),
 .UNSPECIFIED.);
#1350=B_SPLINE_CURVE_WITH_KNOTS('',3,(#5194,#5195,#5196,#5197,#5198),
 .UNSPECIFIED.,.F.,.F.,(4,1,4),(0.,0.0409616104590999,0.0876775976427176),
 .UNSPECIFIED.);
#1351=B_SPLINE_CURVE_WITH_KNOTS('',3,(#5201,#5202,#5203,#5204,#5205),
 .UNSPECIFIED.,.F.,.F.,(4,1,4),(0.,0.0409616104590999,0.0876775976427176),
 .UNSPECIFIED.);
#1352=B_SPLINE_CURVE_WITH_KNOTS('',3,(#5217,#5218,#5219,#5220,#5221),
 .UNSPECIFIED.,.F.,.F.,(4,1,4),(0.,0.0413795340190762,0.0806701562465827),
 .UNSPECIFIED.);
#1353=B_SPLINE_CURVE_WITH_KNOTS('',3,(#5224,#5225,#5226,#5227,#5228),
 .UNSPECIFIED.,.F.,.F.,(4,1,4),(0.,0.0413795340190762,0.0806701562465827),
 .UNSPECIFIED.);
#1354=B_SPLINE_CURVE_WITH_KNOTS('',3,(#5240,#5241,#5242,#5243,#5244),
 .UNSPECIFIED.,.F.,.F.,(4,1,4),(0.,0.0359932537147115,0.0737235311861698),
 .UNSPECIFIED.);
#1355=B_SPLINE_CURVE_WITH_KNOTS('',3,(#5247,#5248,#5249,#5250,#5251),
 .UNSPECIFIED.,.F.,.F.,(4,1,4),(0.,0.0359932537147115,0.0737235311861698),
 .UNSPECIFIED.);
#1356=B_SPLINE_CURVE_WITH_KNOTS('',3,(#5263,#5264,#5265,#5266,#5267),
 .UNSPECIFIED.,.F.,.F.,(4,1,4),(0.,0.0532066197629198,0.0978624301692437),
 .UNSPECIFIED.);
#1357=B_SPLINE_CURVE_WITH_KNOTS('',3,(#5270,#5271,#5272,#5273,#5274),
 .UNSPECIFIED.,.F.,.F.,(4,1,4),(0.,0.0532066197629198,0.0978624301692437),
 .UNSPECIFIED.);
#1358=B_SPLINE_CURVE_WITH_KNOTS('',3,(#5285,#5286,#5287,#5288,#5289),
 .UNSPECIFIED.,.F.,.F.,(4,1,4),(0.,0.0414790276202761,0.0905871016666821),
 .UNSPECIFIED.);
#1359=B_SPLINE_CURVE_WITH_KNOTS('',3,(#5290,#5291,#5292,#5293,#5294),
 .UNSPECIFIED.,.F.,.F.,(4,1,4),(0.,0.0414790276202761,0.0905871016666821),
 .UNSPECIFIED.);
#1360=B_SPLINE_CURVE_WITH_KNOTS('',3,(#5369,#5370,#5371,#5372,#5373),
 .UNSPECIFIED.,.F.,.F.,(4,1,4),(0.,0.0153038410631813,0.0318120088739534),
 .UNSPECIFIED.);
#1361=B_SPLINE_CURVE_WITH_KNOTS('',3,(#5377,#5378,#5379,#5380,#5381),
 .UNSPECIFIED.,.F.,.F.,(4,1,4),(0.,0.0153038410631813,0.0318120088739534),
 .UNSPECIFIED.);
#1362=B_SPLINE_CURVE_WITH_KNOTS('',3,(#5394,#5395,#5396,#5397,#5398),
 .UNSPECIFIED.,.F.,.F.,(4,1,4),(0.,0.0189779915516181,0.0351834259168606),
 .UNSPECIFIED.);
#1363=B_SPLINE_CURVE_WITH_KNOTS('',3,(#5401,#5402,#5403,#5404,#5405),
 .UNSPECIFIED.,.F.,.F.,(4,1,4),(0.,0.0189779915516181,0.0351834259168606),
 .UNSPECIFIED.);
#1364=B_SPLINE_CURVE_WITH_KNOTS('',3,(#5417,#5418,#5419,#5420,#5421),
 .UNSPECIFIED.,.F.,.F.,(4,1,4),(0.,0.0324628789327692,0.0534979981299858),
 .UNSPECIFIED.);
#1365=B_SPLINE_CURVE_WITH_KNOTS('',3,(#5424,#5425,#5426,#5427,#5428),
 .UNSPECIFIED.,.F.,.F.,(4,1,4),(0.,0.0324628789327692,0.0534979981299858),
 .UNSPECIFIED.);
#1366=B_SPLINE_CURVE_WITH_KNOTS('',3,(#5458,#5459,#5460,#5461,#5462),
 .UNSPECIFIED.,.F.,.F.,(4,1,4),(0.,0.0260158424732575,0.0518037570633162),
 .UNSPECIFIED.);
#1367=B_SPLINE_CURVE_WITH_KNOTS('',3,(#5465,#5466,#5467,#5468,#5469),
 .UNSPECIFIED.,.F.,.F.,(4,1,4),(0.,0.0260158424732575,0.0518037570633162),
 .UNSPECIFIED.);
#1368=B_SPLINE_CURVE_WITH_KNOTS('',3,(#5481,#5482,#5483,#5484,#5485),
 .UNSPECIFIED.,.F.,.F.,(4,1,4),(0.,0.0259339183986022,0.0527642373103146),
 .UNSPECIFIED.);
#1369=B_SPLINE_CURVE_WITH_KNOTS('',3,(#5488,#5489,#5490,#5491,#5492),
 .UNSPECIFIED.,.F.,.F.,(4,1,4),(0.,0.0259339183986022,0.0527642373103146),
 .UNSPECIFIED.);
#1370=B_SPLINE_CURVE_WITH_KNOTS('',3,(#5522,#5523,#5524,#5525,#5526),
 .UNSPECIFIED.,.F.,.F.,(4,1,4),(0.,0.00401271077718488,0.00958132572403577),
 .UNSPECIFIED.);
#1371=B_SPLINE_CURVE_WITH_KNOTS('',3,(#5529,#5530,#5531,#5532,#5533),
 .UNSPECIFIED.,.F.,.F.,(4,1,4),(0.,0.00401271077718488,0.00958132572403577),
 .UNSPECIFIED.);
#1372=B_SPLINE_CURVE_WITH_KNOTS('',3,(#5545,#5546,#5547,#5548,#5549),
 .UNSPECIFIED.,.F.,.F.,(4,1,4),(0.,0.0106413257922866,0.0296645134592211),
 .UNSPECIFIED.);
#1373=B_SPLINE_CURVE_WITH_KNOTS('',3,(#5552,#5553,#5554,#5555,#5556),
 .UNSPECIFIED.,.F.,.F.,(4,1,4),(0.,0.0106413257922866,0.0296645134592211),
 .UNSPECIFIED.);
#1374=B_SPLINE_CURVE_WITH_KNOTS('',3,(#5568,#5569,#5570,#5571,#5572),
 .UNSPECIFIED.,.F.,.F.,(4,1,4),(0.,0.00830880177819159,0.0167786728905258),
 .UNSPECIFIED.);
#1375=B_SPLINE_CURVE_WITH_KNOTS('',3,(#5575,#5576,#5577,#5578,#5579),
 .UNSPECIFIED.,.F.,.F.,(4,1,4),(0.,0.00830880177819159,0.0167786728905258),
 .UNSPECIFIED.);
#1376=B_SPLINE_CURVE_WITH_KNOTS('',3,(#5591,#5592,#5593,#5594,#5595),
 .UNSPECIFIED.,.F.,.F.,(4,1,4),(0.,0.0110977326982604,0.0202242277238703),
 .UNSPECIFIED.);
#1377=B_SPLINE_CURVE_WITH_KNOTS('',3,(#5598,#5599,#5600,#5601,#5602),
 .UNSPECIFIED.,.F.,.F.,(4,1,4),(0.,0.0110977326982604,0.0202242277238703),
 .UNSPECIFIED.);
#1378=B_SPLINE_CURVE_WITH_KNOTS('',3,(#5614,#5615,#5616,#5617,#5618),
 .UNSPECIFIED.,.F.,.F.,(4,1,4),(0.,0.0115698887407437,0.0213755798351677),
 .UNSPECIFIED.);
#1379=B_SPLINE_CURVE_WITH_KNOTS('',3,(#5621,#5622,#5623,#5624,#5625),
 .UNSPECIFIED.,.F.,.F.,(4,1,4),(0.,0.0115698887407437,0.0213755798351677),
 .UNSPECIFIED.);
#1380=B_SPLINE_CURVE_WITH_KNOTS('',3,(#5642,#5643,#5644,#5645,#5646),
 .UNSPECIFIED.,.F.,.F.,(4,1,4),(0.,0.0113112214992322,0.0242427590980384),
 .UNSPECIFIED.);
#1381=B_SPLINE_CURVE_WITH_KNOTS('',3,(#5647,#5648,#5649,#5650,#5651),
 .UNSPECIFIED.,.F.,.F.,(4,1,4),(0.,0.0113112214992322,0.0242427590980384),
 .UNSPECIFIED.);
#1382=VERTEX_POINT('',#4353);
#1383=VERTEX_POINT('',#4354);
#1384=VERTEX_POINT('',#4360);
#1385=VERTEX_POINT('',#4362);
#1386=VERTEX_POINT('',#4379);
#1387=VERTEX_POINT('',#4385);
#1388=VERTEX_POINT('',#4402);
#1389=VERTEX_POINT('',#4408);
#1390=VERTEX_POINT('',#4416);
#1391=VERTEX_POINT('',#4418);
#1392=VERTEX_POINT('',#4451);
#1393=VERTEX_POINT('',#4452);
#1394=VERTEX_POINT('',#4458);
#1395=VERTEX_POINT('',#4460);
#1396=VERTEX_POINT('',#4477);
#1397=VERTEX_POINT('',#4483);
#1398=VERTEX_POINT('',#4500);
#1399=VERTEX_POINT('',#4506);
#1400=VERTEX_POINT('',#4514);
#1401=VERTEX_POINT('',#4516);
#1402=VERTEX_POINT('',#4529);
#1403=VERTEX_POINT('',#4535);
#1404=VERTEX_POINT('',#4552);
#1405=VERTEX_POINT('',#4558);
#1406=VERTEX_POINT('',#4575);
#1407=VERTEX_POINT('',#4581);
#1408=VERTEX_POINT('',#4598);
#1409=VERTEX_POINT('',#4604);
#1410=VERTEX_POINT('',#4621);
#1411=VERTEX_POINT('',#4627);
#1412=VERTEX_POINT('',#4644);
#1413=VERTEX_POINT('',#4650);
#1414=VERTEX_POINT('',#4667);
#1415=VERTEX_POINT('',#4673);
#1416=VERTEX_POINT('',#4690);
#1417=VERTEX_POINT('',#4696);
#1418=VERTEX_POINT('',#4713);
#1419=VERTEX_POINT('',#4719);
#1420=VERTEX_POINT('',#4727);
#1421=VERTEX_POINT('',#4729);
#1422=VERTEX_POINT('',#4754);
#1423=VERTEX_POINT('',#4755);
#1424=VERTEX_POINT('',#4757);
#1425=VERTEX_POINT('',#4759);
#1426=VERTEX_POINT('',#4763);
#1427=VERTEX_POINT('',#4765);
#1428=VERTEX_POINT('',#4769);
#1429=VERTEX_POINT('',#4771);
#1430=VERTEX_POINT('',#4775);
#1431=VERTEX_POINT('',#4777);
#1432=VERTEX_POINT('',#4781);
#1433=VERTEX_POINT('',#4783);
#1434=VERTEX_POINT('',#4787);
#1435=VERTEX_POINT('',#4789);
#1436=VERTEX_POINT('',#4793);
#1437=VERTEX_POINT('',#4795);
#1438=VERTEX_POINT('',#4799);
#1439=VERTEX_POINT('',#4801);
#1440=VERTEX_POINT('',#4805);
#1441=VERTEX_POINT('',#4807);
#1442=VERTEX_POINT('',#4811);
#1443=VERTEX_POINT('',#4813);
#1444=VERTEX_POINT('',#4817);
#1445=VERTEX_POINT('',#4819);
#1446=VERTEX_POINT('',#4823);
#1447=VERTEX_POINT('',#4825);
#1448=VERTEX_POINT('',#4838);
#1449=VERTEX_POINT('',#4844);
#1450=VERTEX_POINT('',#4852);
#1451=VERTEX_POINT('',#4854);
#1452=VERTEX_POINT('',#4858);
#1453=VERTEX_POINT('',#4860);
#1454=VERTEX_POINT('',#4864);
#1455=VERTEX_POINT('',#4866);
#1456=VERTEX_POINT('',#4870);
#1457=VERTEX_POINT('',#4872);
#1458=VERTEX_POINT('',#4880);
#1459=VERTEX_POINT('',#4881);
#1460=VERTEX_POINT('',#4883);
#1461=VERTEX_POINT('',#4885);
#1462=VERTEX_POINT('',#4889);
#1463=VERTEX_POINT('',#4891);
#1464=VERTEX_POINT('',#4895);
#1465=VERTEX_POINT('',#4897);
#1466=VERTEX_POINT('',#4914);
#1467=VERTEX_POINT('',#4915);
#1468=VERTEX_POINT('',#4921);
#1469=VERTEX_POINT('',#4923);
#1470=VERTEX_POINT('',#4940);
#1471=VERTEX_POINT('',#4946);
#1472=VERTEX_POINT('',#4963);
#1473=VERTEX_POINT('',#4969);
#1474=VERTEX_POINT('',#4986);
#1475=VERTEX_POINT('',#4992);
#1476=VERTEX_POINT('',#5009);
#1477=VERTEX_POINT('',#5015);
#1478=VERTEX_POINT('',#5032);
#1479=VERTEX_POINT('',#5038);
#1480=VERTEX_POINT('',#5055);
#1481=VERTEX_POINT('',#5061);
#1482=VERTEX_POINT('',#5098);
#1483=VERTEX_POINT('',#5099);
#1484=VERTEX_POINT('',#5105);
#1485=VERTEX_POINT('',#5107);
#1486=VERTEX_POINT('',#5124);
#1487=VERTEX_POINT('',#5130);
#1488=VERTEX_POINT('',#5147);
#1489=VERTEX_POINT('',#5153);
#1490=VERTEX_POINT('',#5170);
#1491=VERTEX_POINT('',#5176);
#1492=VERTEX_POINT('',#5193);
#1493=VERTEX_POINT('',#5199);
#1494=VERTEX_POINT('',#5216);
#1495=VERTEX_POINT('',#5222);
#1496=VERTEX_POINT('',#5239);
#1497=VERTEX_POINT('',#5245);
#1498=VERTEX_POINT('',#5262);
#1499=VERTEX_POINT('',#5268);
#1500=VERTEX_POINT('',#5297);
#1501=VERTEX_POINT('',#5298);
#1502=VERTEX_POINT('',#5300);
#1503=VERTEX_POINT('',#5302);
#1504=VERTEX_POINT('',#5306);
#1505=VERTEX_POINT('',#5308);
#1506=VERTEX_POINT('',#5312);
#1507=VERTEX_POINT('',#5314);
#1508=VERTEX_POINT('',#5318);
#1509=VERTEX_POINT('',#5320);
#1510=VERTEX_POINT('',#5324);
#1511=VERTEX_POINT('',#5326);
#1512=VERTEX_POINT('',#5330);
#1513=VERTEX_POINT('',#5332);
#1514=VERTEX_POINT('',#5336);
#1515=VERTEX_POINT('',#5338);
#1516=VERTEX_POINT('',#5342);
#1517=VERTEX_POINT('',#5344);
#1518=VERTEX_POINT('',#5348);
#1519=VERTEX_POINT('',#5350);
#1520=VERTEX_POINT('',#5367);
#1521=VERTEX_POINT('',#5368);
#1522=VERTEX_POINT('',#5374);
#1523=VERTEX_POINT('',#5376);
#1524=VERTEX_POINT('',#5393);
#1525=VERTEX_POINT('',#5399);
#1526=VERTEX_POINT('',#5416);
#1527=VERTEX_POINT('',#5422);
#1528=VERTEX_POINT('',#5430);
#1529=VERTEX_POINT('',#5432);
#1530=VERTEX_POINT('',#5436);
#1531=VERTEX_POINT('',#5438);
#1532=VERTEX_POINT('',#5442);
#1533=VERTEX_POINT('',#5444);
#1534=VERTEX_POINT('',#5457);
#1535=VERTEX_POINT('',#5463);
#1536=VERTEX_POINT('',#5480);
#1537=VERTEX_POINT('',#5486);
#1538=VERTEX_POINT('',#5494);
#1539=VERTEX_POINT('',#5496);
#1540=VERTEX_POINT('',#5500);
#1541=VERTEX_POINT('',#5502);
#1542=VERTEX_POINT('',#5506);
#1543=VERTEX_POINT('',#5508);
#1544=VERTEX_POINT('',#5521);
#1545=VERTEX_POINT('',#5527);
#1546=VERTEX_POINT('',#5544);
#1547=VERTEX_POINT('',#5550);
#1548=VERTEX_POINT('',#5567);
#1549=VERTEX_POINT('',#5573);
#1550=VERTEX_POINT('',#5590);
#1551=VERTEX_POINT('',#5596);
#1552=VERTEX_POINT('',#5613);
#1553=VERTEX_POINT('',#5619);
#1554=VERTEX_POINT('',#5627);
#1555=VERTEX_POINT('',#5629);
#1556=VERTEX_POINT('',#5654);
#1557=VERTEX_POINT('',#5655);
#1558=VERTEX_POINT('',#5657);
#1559=VERTEX_POINT('',#5659);
#1560=VERTEX_POINT('',#5663);
#1561=VERTEX_POINT('',#5665);
#1562=VERTEX_POINT('',#5669);
#1563=VERTEX_POINT('',#5671);
#1564=VERTEX_POINT('',#5675);
#1565=VERTEX_POINT('',#5677);
#1566=VERTEX_POINT('',#5681);
#1567=VERTEX_POINT('',#5683);
#1568=VERTEX_POINT('',#5687);
#1569=VERTEX_POINT('',#5689);
#1570=VERTEX_POINT('',#5693);
#1571=VERTEX_POINT('',#5695);
#1572=VERTEX_POINT('',#5699);
#1573=VERTEX_POINT('',#5701);
#1574=VERTEX_POINT('',#5705);
#1575=VERTEX_POINT('',#5707);
#1576=VERTEX_POINT('',#5711);
#1577=VERTEX_POINT('',#5713);
#1578=VERTEX_POINT('',#5717);
#1579=VERTEX_POINT('',#5719);
#1580=VERTEX_POINT('',#5727);
#1581=VERTEX_POINT('',#5728);
#1582=VERTEX_POINT('',#5730);
#1583=VERTEX_POINT('',#5732);
#1584=VERTEX_POINT('',#5734);
#1585=VERTEX_POINT('',#5736);
#1586=VERTEX_POINT('',#5738);
#1587=VERTEX_POINT('',#5740);
#1588=VERTEX_POINT('',#5742);
#1589=VERTEX_POINT('',#5744);
#1590=VERTEX_POINT('',#5746);
#1591=VERTEX_POINT('',#5748);
#1592=VERTEX_POINT('',#5751);
#1593=VERTEX_POINT('',#5753);
#1594=VERTEX_POINT('',#5754);
#1595=VERTEX_POINT('',#5756);
#1596=VERTEX_POINT('',#5758);
#1597=VERTEX_POINT('',#5760);
#1598=VERTEX_POINT('',#5762);
#1599=VERTEX_POINT('',#5764);
#1600=VERTEX_POINT('',#5766);
#1601=VERTEX_POINT('',#5769);
#1602=VERTEX_POINT('',#5771);
#1603=VERTEX_POINT('',#5772);
#1604=VERTEX_POINT('',#5774);
#1605=VERTEX_POINT('',#5776);
#1606=VERTEX_POINT('',#5778);
#1607=VERTEX_POINT('',#5780);
#1608=VERTEX_POINT('',#5782);
#1609=VERTEX_POINT('',#5784);
#1610=VERTEX_POINT('',#5787);
#1611=VERTEX_POINT('',#5788);
#1612=VERTEX_POINT('',#5790);
#1613=VERTEX_POINT('',#5792);
#1614=VERTEX_POINT('',#5794);
#1615=VERTEX_POINT('',#5796);
#1616=VERTEX_POINT('',#5798);
#1617=VERTEX_POINT('',#5800);
#1618=VERTEX_POINT('',#5803);
#1619=VERTEX_POINT('',#5804);
#1620=VERTEX_POINT('',#5806);
#1621=VERTEX_POINT('',#5808);
#1622=VERTEX_POINT('',#5810);
#1623=VERTEX_POINT('',#5812);
#1624=VERTEX_POINT('',#5814);
#1625=VERTEX_POINT('',#5816);
#1626=VERTEX_POINT('',#5819);
#1627=VERTEX_POINT('',#5821);
#1628=VERTEX_POINT('',#5823);
#1629=VERTEX_POINT('',#5825);
#1630=VERTEX_POINT('',#5826);
#1631=VERTEX_POINT('',#5828);
#1632=VERTEX_POINT('',#5830);
#1633=VERTEX_POINT('',#5832);
#1634=VERTEX_POINT('',#5834);
#1635=VERTEX_POINT('',#5836);
#1636=VERTEX_POINT('',#5838);
#1637=VERTEX_POINT('',#5841);
#1638=VERTEX_POINT('',#5842);
#1639=VERTEX_POINT('',#5844);
#1640=VERTEX_POINT('',#5846);
#1641=VERTEX_POINT('',#5848);
#1642=VERTEX_POINT('',#5850);
#1643=VERTEX_POINT('',#5852);
#1644=VERTEX_POINT('',#5854);
#1645=VERTEX_POINT('',#5859);
#1646=VERTEX_POINT('',#5863);
#1647=VERTEX_POINT('',#5865);
#1648=VERTEX_POINT('',#5869);
#1649=VERTEX_POINT('',#5873);
#1650=VERTEX_POINT('',#5875);
#1651=VERTEX_POINT('',#5877);
#1652=VERTEX_POINT('',#5879);
#1653=VERTEX_POINT('',#5881);
#1654=VERTEX_POINT('',#5883);
#1655=VERTEX_POINT('',#5885);
#1656=VERTEX_POINT('',#5887);
#1657=VERTEX_POINT('',#5889);
#1658=VERTEX_POINT('',#5892);
#1659=VERTEX_POINT('',#5893);
#1660=VERTEX_POINT('',#5895);
#1661=VERTEX_POINT('',#5897);
#1662=VERTEX_POINT('',#5899);
#1663=VERTEX_POINT('',#5901);
#1664=VERTEX_POINT('',#5903);
#1665=VERTEX_POINT('',#5905);
#1666=VERTEX_POINT('',#5908);
#1667=VERTEX_POINT('',#5910);
#1668=VERTEX_POINT('',#5911);
#1669=VERTEX_POINT('',#5913);
#1670=VERTEX_POINT('',#5915);
#1671=VERTEX_POINT('',#5917);
#1672=VERTEX_POINT('',#5919);
#1673=VERTEX_POINT('',#5921);
#1674=VERTEX_POINT('',#5923);
#1675=VERTEX_POINT('',#5926);
#1676=VERTEX_POINT('',#5927);
#1677=VERTEX_POINT('',#5929);
#1678=VERTEX_POINT('',#5931);
#1679=VERTEX_POINT('',#5933);
#1680=VERTEX_POINT('',#5935);
#1681=VERTEX_POINT('',#5937);
#1682=VERTEX_POINT('',#5939);
#1683=VERTEX_POINT('',#5942);
#1684=VERTEX_POINT('',#5943);
#1685=VERTEX_POINT('',#5945);
#1686=VERTEX_POINT('',#5947);
#1687=VERTEX_POINT('',#5949);
#1688=VERTEX_POINT('',#5951);
#1689=VERTEX_POINT('',#5953);
#1690=VERTEX_POINT('',#5955);
#1691=VERTEX_POINT('',#5958);
#1692=VERTEX_POINT('',#5960);
#1693=VERTEX_POINT('',#5962);
#1694=VERTEX_POINT('',#5964);
#1695=VERTEX_POINT('',#5965);
#1696=VERTEX_POINT('',#5967);
#1697=VERTEX_POINT('',#5969);
#1698=VERTEX_POINT('',#5971);
#1699=VERTEX_POINT('',#5973);
#1700=VERTEX_POINT('',#5975);
#1701=VERTEX_POINT('',#5977);
#1702=VERTEX_POINT('',#5980);
#1703=VERTEX_POINT('',#5981);
#1704=VERTEX_POINT('',#5983);
#1705=VERTEX_POINT('',#5985);
#1706=VERTEX_POINT('',#5987);
#1707=VERTEX_POINT('',#5989);
#1708=VERTEX_POINT('',#5991);
#1709=VERTEX_POINT('',#5993);
#1710=EDGE_CURVE('',#1382,#1383,#1290,.T.);
#1711=EDGE_CURVE('',#1382,#1384,#622,.T.);
#1712=EDGE_CURVE('',#1384,#1385,#1291,.T.);
#1713=EDGE_CURVE('',#1383,#1385,#623,.T.);
#1714=EDGE_CURVE('',#1386,#1382,#1292,.T.);
#1715=EDGE_CURVE('',#1386,#1387,#624,.T.);
#1716=EDGE_CURVE('',#1387,#1384,#1293,.T.);
#1717=EDGE_CURVE('',#1388,#1386,#1294,.T.);
#1718=EDGE_CURVE('',#1388,#1389,#625,.T.);
#1719=EDGE_CURVE('',#1389,#1387,#1295,.T.);
#1720=EDGE_CURVE('',#1390,#1388,#626,.T.);
#1721=EDGE_CURVE('',#1390,#1391,#627,.T.);
#1722=EDGE_CURVE('',#1391,#1389,#628,.T.);
#1723=EDGE_CURVE('',#1383,#1390,#1296,.T.);
#1724=EDGE_CURVE('',#1385,#1391,#1297,.T.);
#1725=EDGE_CURVE('',#1392,#1393,#1298,.T.);
#1726=EDGE_CURVE('',#1392,#1394,#629,.T.);
#1727=EDGE_CURVE('',#1394,#1395,#1299,.T.);
#1728=EDGE_CURVE('',#1393,#1395,#630,.T.);
#1729=EDGE_CURVE('',#1396,#1392,#1300,.T.);
#1730=EDGE_CURVE('',#1396,#1397,#631,.T.);
#1731=EDGE_CURVE('',#1397,#1394,#1301,.T.);
#1732=EDGE_CURVE('',#1398,#1396,#1302,.T.);
#1733=EDGE_CURVE('',#1398,#1399,#632,.T.);
#1734=EDGE_CURVE('',#1399,#1397,#1303,.T.);
#1735=EDGE_CURVE('',#1400,#1398,#633,.T.);
#1736=EDGE_CURVE('',#1400,#1401,#634,.T.);
#1737=EDGE_CURVE('',#1401,#1399,#635,.T.);
#1738=EDGE_CURVE('',#1402,#1400,#1304,.T.);
#1739=EDGE_CURVE('',#1402,#1403,#636,.T.);
#1740=EDGE_CURVE('',#1403,#1401,#1305,.T.);
#1741=EDGE_CURVE('',#1404,#1402,#1306,.T.);
#1742=EDGE_CURVE('',#1404,#1405,#637,.T.);
#1743=EDGE_CURVE('',#1405,#1403,#1307,.T.);
#1744=EDGE_CURVE('',#1406,#1404,#1308,.T.);
#1745=EDGE_CURVE('',#1406,#1407,#638,.T.);
#1746=EDGE_CURVE('',#1407,#1405,#1309,.T.);
#1747=EDGE_CURVE('',#1408,#1406,#1310,.T.);
#1748=EDGE_CURVE('',#1408,#1409,#639,.T.);
#1749=EDGE_CURVE('',#1409,#1407,#1311,.T.);
#1750=EDGE_CURVE('',#1410,#1408,#1312,.T.);
#1751=EDGE_CURVE('',#1410,#1411,#640,.T.);
#1752=EDGE_CURVE('',#1411,#1409,#1313,.T.);
#1753=EDGE_CURVE('',#1412,#1410,#1314,.T.);
#1754=EDGE_CURVE('',#1412,#1413,#641,.T.);
#1755=EDGE_CURVE('',#1413,#1411,#1315,.T.);
#1756=EDGE_CURVE('',#1414,#1412,#1316,.T.);
#1757=EDGE_CURVE('',#1414,#1415,#642,.T.);
#1758=EDGE_CURVE('',#1415,#1413,#1317,.T.);
#1759=EDGE_CURVE('',#1416,#1414,#1318,.T.);
#1760=EDGE_CURVE('',#1416,#1417,#643,.T.);
#1761=EDGE_CURVE('',#1417,#1415,#1319,.T.);
#1762=EDGE_CURVE('',#1418,#1416,#1320,.T.);
#1763=EDGE_CURVE('',#1418,#1419,#644,.T.);
#1764=EDGE_CURVE('',#1419,#1417,#1321,.T.);
#1765=EDGE_CURVE('',#1420,#1418,#645,.T.);
#1766=EDGE_CURVE('',#1420,#1421,#646,.T.);
#1767=EDGE_CURVE('',#1421,#1419,#647,.T.);
#1768=EDGE_CURVE('',#1393,#1420,#1322,.T.);
#1769=EDGE_CURVE('',#1395,#1421,#1323,.T.);
#1770=EDGE_CURVE('',#1422,#1423,#648,.T.);
#1771=EDGE_CURVE('',#1422,#1424,#649,.T.);
#1772=EDGE_CURVE('',#1424,#1425,#650,.T.);
#1773=EDGE_CURVE('',#1423,#1425,#651,.T.);
#1774=EDGE_CURVE('',#1426,#1422,#652,.T.);
#1775=EDGE_CURVE('',#1426,#1427,#653,.T.);
#1776=EDGE_CURVE('',#1427,#1424,#654,.T.);
#1777=EDGE_CURVE('',#1428,#1426,#655,.T.);
#1778=EDGE_CURVE('',#1428,#1429,#656,.T.);
#1779=EDGE_CURVE('',#1429,#1427,#657,.T.);
#1780=EDGE_CURVE('',#1430,#1428,#658,.T.);
#1781=EDGE_CURVE('',#1430,#1431,#659,.T.);
#1782=EDGE_CURVE('',#1431,#1429,#660,.T.);
#1783=EDGE_CURVE('',#1432,#1430,#661,.T.);
#1784=EDGE_CURVE('',#1432,#1433,#662,.T.);
#1785=EDGE_CURVE('',#1433,#1431,#663,.T.);
#1786=EDGE_CURVE('',#1434,#1432,#664,.T.);
#1787=EDGE_CURVE('',#1434,#1435,#665,.T.);
#1788=EDGE_CURVE('',#1435,#1433,#666,.T.);
#1789=EDGE_CURVE('',#1436,#1434,#667,.T.);
#1790=EDGE_CURVE('',#1436,#1437,#668,.T.);
#1791=EDGE_CURVE('',#1437,#1435,#669,.T.);
#1792=EDGE_CURVE('',#1438,#1436,#670,.T.);
#1793=EDGE_CURVE('',#1438,#1439,#671,.T.);
#1794=EDGE_CURVE('',#1439,#1437,#672,.T.);
#1795=EDGE_CURVE('',#1440,#1438,#673,.T.);
#1796=EDGE_CURVE('',#1440,#1441,#674,.T.);
#1797=EDGE_CURVE('',#1441,#1439,#675,.T.);
#1798=EDGE_CURVE('',#1442,#1440,#676,.T.);
#1799=EDGE_CURVE('',#1442,#1443,#677,.T.);
#1800=EDGE_CURVE('',#1443,#1441,#678,.T.);
#1801=EDGE_CURVE('',#1444,#1442,#679,.T.);
#1802=EDGE_CURVE('',#1444,#1445,#680,.T.);
#1803=EDGE_CURVE('',#1445,#1443,#681,.T.);
#1804=EDGE_CURVE('',#1446,#1444,#682,.T.);
#1805=EDGE_CURVE('',#1446,#1447,#683,.T.);
#1806=EDGE_CURVE('',#1447,#1445,#684,.T.);
#1807=EDGE_CURVE('',#1448,#1446,#1324,.T.);
#1808=EDGE_CURVE('',#1448,#1449,#685,.T.);
#1809=EDGE_CURVE('',#1449,#1447,#1325,.T.);
#1810=EDGE_CURVE('',#1450,#1448,#686,.T.);
#1811=EDGE_CURVE('',#1450,#1451,#687,.T.);
#1812=EDGE_CURVE('',#1451,#1449,#688,.T.);
#1813=EDGE_CURVE('',#1452,#1450,#689,.T.);
#1814=EDGE_CURVE('',#1452,#1453,#690,.T.);
#1815=EDGE_CURVE('',#1453,#1451,#691,.T.);
#1816=EDGE_CURVE('',#1454,#1452,#692,.T.);
#1817=EDGE_CURVE('',#1454,#1455,#693,.T.);
#1818=EDGE_CURVE('',#1455,#1453,#694,.T.);
#1819=EDGE_CURVE('',#1456,#1454,#695,.T.);
#1820=EDGE_CURVE('',#1456,#1457,#696,.T.);
#1821=EDGE_CURVE('',#1457,#1455,#697,.T.);
#1822=EDGE_CURVE('',#1423,#1456,#698,.T.);
#1823=EDGE_CURVE('',#1425,#1457,#699,.T.);
#1824=EDGE_CURVE('',#1458,#1459,#700,.T.);
#1825=EDGE_CURVE('',#1458,#1460,#701,.T.);
#1826=EDGE_CURVE('',#1460,#1461,#702,.T.);
#1827=EDGE_CURVE('',#1459,#1461,#703,.T.);
#1828=EDGE_CURVE('',#1462,#1458,#704,.T.);
#1829=EDGE_CURVE('',#1462,#1463,#705,.T.);
#1830=EDGE_CURVE('',#1463,#1460,#706,.T.);
#1831=EDGE_CURVE('',#1464,#1462,#707,.T.);
#1832=EDGE_CURVE('',#1464,#1465,#708,.T.);
#1833=EDGE_CURVE('',#1465,#1463,#709,.T.);
#1834=EDGE_CURVE('',#1459,#1464,#710,.T.);
#1835=EDGE_CURVE('',#1461,#1465,#711,.T.);
#1836=EDGE_CURVE('',#1466,#1467,#1326,.T.);
#1837=EDGE_CURVE('',#1466,#1468,#712,.T.);
#1838=EDGE_CURVE('',#1468,#1469,#1327,.T.);
#1839=EDGE_CURVE('',#1467,#1469,#713,.T.);
#1840=EDGE_CURVE('',#1470,#1466,#1328,.T.);
#1841=EDGE_CURVE('',#1470,#1471,#714,.T.);
#1842=EDGE_CURVE('',#1471,#1468,#1329,.T.);
#1843=EDGE_CURVE('',#1472,#1470,#1330,.T.);
#1844=EDGE_CURVE('',#1472,#1473,#715,.T.);
#1845=EDGE_CURVE('',#1473,#1471,#1331,.T.);
#1846=EDGE_CURVE('',#1474,#1472,#1332,.T.);
#1847=EDGE_CURVE('',#1474,#1475,#716,.T.);
#1848=EDGE_CURVE('',#1475,#1473,#1333,.T.);
#1849=EDGE_CURVE('',#1476,#1474,#1334,.T.);
#1850=EDGE_CURVE('',#1476,#1477,#717,.T.);
#1851=EDGE_CURVE('',#1477,#1475,#1335,.T.);
#1852=EDGE_CURVE('',#1478,#1476,#1336,.T.);
#1853=EDGE_CURVE('',#1478,#1479,#718,.T.);
#1854=EDGE_CURVE('',#1479,#1477,#1337,.T.);
#1855=EDGE_CURVE('',#1480,#1478,#1338,.T.);
#1856=EDGE_CURVE('',#1480,#1481,#719,.T.);
#1857=EDGE_CURVE('',#1481,#1479,#1339,.T.);
#1858=EDGE_CURVE('',#1467,#1480,#1340,.T.);
#1859=EDGE_CURVE('',#1469,#1481,#1341,.T.);
#1860=EDGE_CURVE('',#1482,#1483,#1342,.T.);
#1861=EDGE_CURVE('',#1482,#1484,#720,.T.);
#1862=EDGE_CURVE('',#1484,#1485,#1343,.T.);
#1863=EDGE_CURVE('',#1483,#1485,#721,.T.);
#1864=EDGE_CURVE('',#1486,#1482,#1344,.T.);
#1865=EDGE_CURVE('',#1486,#1487,#722,.T.);
#1866=EDGE_CURVE('',#1487,#1484,#1345,.T.);
#1867=EDGE_CURVE('',#1488,#1486,#1346,.T.);
#1868=EDGE_CURVE('',#1488,#1489,#723,.T.);
#1869=EDGE_CURVE('',#1489,#1487,#1347,.T.);
#1870=EDGE_CURVE('',#1490,#1488,#1348,.T.);
#1871=EDGE_CURVE('',#1490,#1491,#724,.T.);
#1872=EDGE_CURVE('',#1491,#1489,#1349,.T.);
#1873=EDGE_CURVE('',#1492,#1490,#1350,.T.);
#1874=EDGE_CURVE('',#1492,#1493,#725,.T.);
#1875=EDGE_CURVE('',#1493,#1491,#1351,.T.);
#1876=EDGE_CURVE('',#1494,#1492,#1352,.T.);
#1877=EDGE_CURVE('',#1494,#1495,#726,.T.);
#1878=EDGE_CURVE('',#1495,#1493,#1353,.T.);
#1879=EDGE_CURVE('',#1496,#1494,#1354,.T.);
#1880=EDGE_CURVE('',#1496,#1497,#727,.T.);
#1881=EDGE_CURVE('',#1497,#1495,#1355,.T.);
#1882=EDGE_CURVE('',#1498,#1496,#1356,.T.);
#1883=EDGE_CURVE('',#1498,#1499,#728,.T.);
#1884=EDGE_CURVE('',#1499,#1497,#1357,.T.);
#1885=EDGE_CURVE('',#1483,#1498,#1358,.T.);
#1886=EDGE_CURVE('',#1485,#1499,#1359,.T.);
#1887=EDGE_CURVE('',#1500,#1501,#729,.T.);
#1888=EDGE_CURVE('',#1500,#1502,#730,.T.);
#1889=EDGE_CURVE('',#1502,#1503,#731,.T.);
#1890=EDGE_CURVE('',#1501,#1503,#732,.T.);
#1891=EDGE_CURVE('',#1504,#1500,#733,.T.);
#1892=EDGE_CURVE('',#1504,#1505,#734,.T.);
#1893=EDGE_CURVE('',#1505,#1502,#735,.T.);
#1894=EDGE_CURVE('',#1506,#1504,#736,.T.);
#1895=EDGE_CURVE('',#1506,#1507,#737,.T.);
#1896=EDGE_CURVE('',#1507,#1505,#738,.T.);
#1897=EDGE_CURVE('',#1508,#1506,#739,.T.);
#1898=EDGE_CURVE('',#1508,#1509,#740,.T.);
#1899=EDGE_CURVE('',#1509,#1507,#741,.T.);
#1900=EDGE_CURVE('',#1510,#1508,#742,.T.);
#1901=EDGE_CURVE('',#1510,#1511,#743,.T.);
#1902=EDGE_CURVE('',#1511,#1509,#744,.T.);
#1903=EDGE_CURVE('',#1512,#1510,#745,.T.);
#1904=EDGE_CURVE('',#1512,#1513,#746,.T.);
#1905=EDGE_CURVE('',#1513,#1511,#747,.T.);
#1906=EDGE_CURVE('',#1514,#1512,#748,.T.);
#1907=EDGE_CURVE('',#1514,#1515,#749,.T.);
#1908=EDGE_CURVE('',#1515,#1513,#750,.T.);
#1909=EDGE_CURVE('',#1516,#1514,#751,.T.);
#1910=EDGE_CURVE('',#1516,#1517,#752,.T.);
#1911=EDGE_CURVE('',#1517,#1515,#753,.T.);
#1912=EDGE_CURVE('',#1518,#1516,#754,.T.);
#1913=EDGE_CURVE('',#1518,#1519,#755,.T.);
#1914=EDGE_CURVE('',#1519,#1517,#756,.T.);
#1915=EDGE_CURVE('',#1501,#1518,#757,.T.);
#1916=EDGE_CURVE('',#1503,#1519,#758,.T.);
#1917=EDGE_CURVE('',#1520,#1521,#1360,.T.);
#1918=EDGE_CURVE('',#1520,#1522,#759,.T.);
#1919=EDGE_CURVE('',#1522,#1523,#1361,.T.);
#1920=EDGE_CURVE('',#1521,#1523,#760,.T.);
#1921=EDGE_CURVE('',#1524,#1520,#1362,.T.);
#1922=EDGE_CURVE('',#1524,#1525,#761,.T.);
#1923=EDGE_CURVE('',#1525,#1522,#1363,.T.);
#1924=EDGE_CURVE('',#1526,#1524,#1364,.T.);
#1925=EDGE_CURVE('',#1526,#1527,#762,.T.);
#1926=EDGE_CURVE('',#1527,#1525,#1365,.T.);
#1927=EDGE_CURVE('',#1528,#1526,#763,.T.);
#1928=EDGE_CURVE('',#1528,#1529,#764,.T.);
#1929=EDGE_CURVE('',#1529,#1527,#765,.T.);
#1930=EDGE_CURVE('',#1530,#1528,#766,.T.);
#1931=EDGE_CURVE('',#1530,#1531,#767,.T.);
#1932=EDGE_CURVE('',#1531,#1529,#768,.T.);
#1933=EDGE_CURVE('',#1532,#1530,#769,.T.);
#1934=EDGE_CURVE('',#1532,#1533,#770,.T.);
#1935=EDGE_CURVE('',#1533,#1531,#771,.T.);
#1936=EDGE_CURVE('',#1534,#1532,#1366,.T.);
#1937=EDGE_CURVE('',#1534,#1535,#772,.T.);
#1938=EDGE_CURVE('',#1535,#1533,#1367,.T.);
#1939=EDGE_CURVE('',#1536,#1534,#1368,.T.);
#1940=EDGE_CURVE('',#1536,#1537,#773,.T.);
#1941=EDGE_CURVE('',#1537,#1535,#1369,.T.);
#1942=EDGE_CURVE('',#1538,#1536,#774,.T.);
#1943=EDGE_CURVE('',#1538,#1539,#775,.T.);
#1944=EDGE_CURVE('',#1539,#1537,#776,.T.);
#1945=EDGE_CURVE('',#1540,#1538,#777,.T.);
#1946=EDGE_CURVE('',#1540,#1541,#778,.T.);
#1947=EDGE_CURVE('',#1541,#1539,#779,.T.);
#1948=EDGE_CURVE('',#1542,#1540,#780,.T.);
#1949=EDGE_CURVE('',#1542,#1543,#781,.T.);
#1950=EDGE_CURVE('',#1543,#1541,#782,.T.);
#1951=EDGE_CURVE('',#1544,#1542,#1370,.T.);
#1952=EDGE_CURVE('',#1544,#1545,#783,.T.);
#1953=EDGE_CURVE('',#1545,#1543,#1371,.T.);
#1954=EDGE_CURVE('',#1546,#1544,#1372,.T.);
#1955=EDGE_CURVE('',#1546,#1547,#784,.T.);
#1956=EDGE_CURVE('',#1547,#1545,#1373,.T.);
#1957=EDGE_CURVE('',#1548,#1546,#1374,.T.);
#1958=EDGE_CURVE('',#1548,#1549,#785,.T.);
#1959=EDGE_CURVE('',#1549,#1547,#1375,.T.);
#1960=EDGE_CURVE('',#1550,#1548,#1376,.T.);
#1961=EDGE_CURVE('',#1550,#1551,#786,.T.);
#1962=EDGE_CURVE('',#1551,#1549,#1377,.T.);
#1963=EDGE_CURVE('',#1552,#1550,#1378,.T.);
#1964=EDGE_CURVE('',#1552,#1553,#787,.T.);
#1965=EDGE_CURVE('',#1553,#1551,#1379,.T.);
#1966=EDGE_CURVE('',#1554,#1552,#788,.T.);
#1967=EDGE_CURVE('',#1554,#1555,#789,.T.);
#1968=EDGE_CURVE('',#1555,#1553,#790,.T.);
#1969=EDGE_CURVE('',#1521,#1554,#1380,.T.);
#1970=EDGE_CURVE('',#1523,#1555,#1381,.T.);
#1971=EDGE_CURVE('',#1556,#1557,#791,.T.);
#1972=EDGE_CURVE('',#1556,#1558,#792,.T.);
#1973=EDGE_CURVE('',#1558,#1559,#793,.T.);
#1974=EDGE_CURVE('',#1557,#1559,#794,.T.);
#1975=EDGE_CURVE('',#1560,#1556,#795,.T.);
#1976=EDGE_CURVE('',#1560,#1561,#796,.T.);
#1977=EDGE_CURVE('',#1561,#1558,#797,.T.);
#1978=EDGE_CURVE('',#1562,#1560,#798,.T.);
#1979=EDGE_CURVE('',#1562,#1563,#799,.T.);
#1980=EDGE_CURVE('',#1563,#1561,#800,.T.);
#1981=EDGE_CURVE('',#1564,#1562,#801,.T.);
#1982=EDGE_CURVE('',#1564,#1565,#802,.T.);
#1983=EDGE_CURVE('',#1565,#1563,#803,.T.);
#1984=EDGE_CURVE('',#1566,#1564,#804,.T.);
#1985=EDGE_CURVE('',#1566,#1567,#805,.T.);
#1986=EDGE_CURVE('',#1567,#1565,#806,.T.);
#1987=EDGE_CURVE('',#1568,#1566,#807,.T.);
#1988=EDGE_CURVE('',#1568,#1569,#808,.T.);
#1989=EDGE_CURVE('',#1569,#1567,#809,.T.);
#1990=EDGE_CURVE('',#1570,#1568,#810,.T.);
#1991=EDGE_CURVE('',#1570,#1571,#811,.T.);
#1992=EDGE_CURVE('',#1571,#1569,#812,.T.);
#1993=EDGE_CURVE('',#1572,#1570,#813,.T.);
#1994=EDGE_CURVE('',#1572,#1573,#814,.T.);
#1995=EDGE_CURVE('',#1573,#1571,#815,.T.);
#1996=EDGE_CURVE('',#1574,#1572,#816,.T.);
#1997=EDGE_CURVE('',#1574,#1575,#817,.T.);
#1998=EDGE_CURVE('',#1575,#1573,#818,.T.);
#1999=EDGE_CURVE('',#1576,#1574,#819,.T.);
#2000=EDGE_CURVE('',#1576,#1577,#820,.T.);
#2001=EDGE_CURVE('',#1577,#1575,#821,.T.);
#2002=EDGE_CURVE('',#1578,#1576,#822,.T.);
#2003=EDGE_CURVE('',#1578,#1579,#823,.T.);
#2004=EDGE_CURVE('',#1579,#1577,#824,.T.);
#2005=EDGE_CURVE('',#1557,#1578,#825,.T.);
#2006=EDGE_CURVE('',#1559,#1579,#826,.T.);
#2007=EDGE_CURVE('',#1580,#1581,#48,.T.);
#2008=EDGE_CURVE('',#1580,#1582,#827,.T.);
#2009=EDGE_CURVE('',#1583,#1582,#49,.T.);
#2010=EDGE_CURVE('',#1583,#1584,#828,.T.);
#2011=EDGE_CURVE('',#1585,#1584,#50,.T.);
#2012=EDGE_CURVE('',#1585,#1586,#829,.T.);
#2013=EDGE_CURVE('',#1587,#1586,#51,.T.);
#2014=EDGE_CURVE('',#1587,#1588,#830,.T.);
#2015=EDGE_CURVE('',#1588,#1589,#831,.T.);
#2016=EDGE_CURVE('',#1589,#1590,#832,.T.);
#2017=EDGE_CURVE('',#1590,#1591,#833,.T.);
#2018=EDGE_CURVE('',#1591,#1581,#834,.T.);
#2019=EDGE_CURVE('',#1592,#1592,#52,.T.);
#2020=EDGE_CURVE('',#1593,#1594,#53,.T.);
#2021=EDGE_CURVE('',#1594,#1595,#835,.T.);
#2022=EDGE_CURVE('',#1595,#1596,#54,.T.);
#2023=EDGE_CURVE('',#1596,#1597,#836,.T.);
#2024=EDGE_CURVE('',#1597,#1598,#55,.T.);
#2025=EDGE_CURVE('',#1598,#1599,#837,.T.);
#2026=EDGE_CURVE('',#1599,#1600,#56,.T.);
#2027=EDGE_CURVE('',#1600,#1593,#838,.T.);
#2028=EDGE_CURVE('',#1601,#1601,#57,.T.);
#2029=EDGE_CURVE('',#1602,#1603,#58,.T.);
#2030=EDGE_CURVE('',#1603,#1604,#839,.T.);
#2031=EDGE_CURVE('',#1604,#1605,#59,.T.);
#2032=EDGE_CURVE('',#1605,#1606,#840,.T.);
#2033=EDGE_CURVE('',#1606,#1607,#60,.T.);
#2034=EDGE_CURVE('',#1607,#1608,#841,.T.);
#2035=EDGE_CURVE('',#1608,#1609,#61,.T.);
#2036=EDGE_CURVE('',#1609,#1602,#842,.T.);
#2037=EDGE_CURVE('',#1610,#1611,#62,.T.);
#2038=EDGE_CURVE('',#1611,#1612,#843,.T.);
#2039=EDGE_CURVE('',#1612,#1613,#63,.T.);
#2040=EDGE_CURVE('',#1613,#1614,#844,.T.);
#2041=EDGE_CURVE('',#1614,#1615,#64,.T.);
#2042=EDGE_CURVE('',#1615,#1616,#845,.T.);
#2043=EDGE_CURVE('',#1616,#1617,#65,.T.);
#2044=EDGE_CURVE('',#1617,#1610,#846,.T.);
#2045=EDGE_CURVE('',#1618,#1619,#66,.T.);
#2046=EDGE_CURVE('',#1619,#1620,#847,.T.);
#2047=EDGE_CURVE('',#1620,#1621,#67,.T.);
#2048=EDGE_CURVE('',#1621,#1622,#848,.T.);
#2049=EDGE_CURVE('',#1622,#1623,#68,.T.);
#2050=EDGE_CURVE('',#1623,#1624,#849,.T.);
#2051=EDGE_CURVE('',#1624,#1625,#69,.T.);
#2052=EDGE_CURVE('',#1625,#1618,#850,.T.);
#2053=EDGE_CURVE('',#1626,#1626,#70,.T.);
#2054=EDGE_CURVE('',#1627,#1627,#71,.T.);
#2055=EDGE_CURVE('',#1628,#1628,#72,.T.);
#2056=EDGE_CURVE('',#1629,#1630,#73,.T.);
#2057=EDGE_CURVE('',#1630,#1631,#851,.T.);
#2058=EDGE_CURVE('',#1631,#1632,#74,.T.);
#2059=EDGE_CURVE('',#1632,#1633,#852,.T.);
#2060=EDGE_CURVE('',#1633,#1634,#75,.T.);
#2061=EDGE_CURVE('',#1634,#1635,#853,.T.);
#2062=EDGE_CURVE('',#1635,#1636,#76,.T.);
#2063=EDGE_CURVE('',#1636,#1629,#854,.T.);
#2064=EDGE_CURVE('',#1637,#1638,#77,.T.);
#2065=EDGE_CURVE('',#1638,#1639,#855,.T.);
#2066=EDGE_CURVE('',#1639,#1640,#78,.T.);
#2067=EDGE_CURVE('',#1640,#1641,#856,.T.);
#2068=EDGE_CURVE('',#1641,#1642,#79,.T.);
#2069=EDGE_CURVE('',#1642,#1643,#857,.T.);
#2070=EDGE_CURVE('',#1643,#1644,#80,.T.);
#2071=EDGE_CURVE('',#1644,#1637,#858,.T.);
#2072=EDGE_CURVE('',#1592,#1645,#859,.T.);
#2073=EDGE_CURVE('',#1645,#1645,#81,.T.);
#2074=EDGE_CURVE('',#1581,#1646,#860,.T.);
#2075=EDGE_CURVE('',#1646,#1647,#82,.T.);
#2076=EDGE_CURVE('',#1647,#1580,#861,.T.);
#2077=EDGE_CURVE('',#1647,#1648,#862,.T.);
#2078=EDGE_CURVE('',#1582,#1648,#863,.T.);
#2079=EDGE_CURVE('',#1646,#1649,#864,.T.);
#2080=EDGE_CURVE('',#1650,#1649,#865,.T.);
#2081=EDGE_CURVE('',#1651,#1650,#866,.T.);
#2082=EDGE_CURVE('',#1652,#1651,#867,.T.);
#2083=EDGE_CURVE('',#1653,#1652,#868,.T.);
#2084=EDGE_CURVE('',#1654,#1653,#83,.T.);
#2085=EDGE_CURVE('',#1655,#1654,#869,.T.);
#2086=EDGE_CURVE('',#1656,#1655,#84,.T.);
#2087=EDGE_CURVE('',#1657,#1656,#870,.T.);
#2088=EDGE_CURVE('',#1648,#1657,#85,.T.);
#2089=EDGE_CURVE('',#1658,#1659,#86,.T.);
#2090=EDGE_CURVE('',#1660,#1658,#871,.T.);
#2091=EDGE_CURVE('',#1661,#1660,#87,.T.);
#2092=EDGE_CURVE('',#1662,#1661,#872,.T.);
#2093=EDGE_CURVE('',#1663,#1662,#88,.T.);
#2094=EDGE_CURVE('',#1664,#1663,#873,.T.);
#2095=EDGE_CURVE('',#1665,#1664,#89,.T.);
#2096=EDGE_CURVE('',#1659,#1665,#874,.T.);
#2097=EDGE_CURVE('',#1666,#1666,#90,.T.);
#2098=EDGE_CURVE('',#1667,#1668,#91,.T.);
#2099=EDGE_CURVE('',#1669,#1667,#875,.T.);
#2100=EDGE_CURVE('',#1670,#1669,#92,.T.);
#2101=EDGE_CURVE('',#1671,#1670,#876,.T.);
#2102=EDGE_CURVE('',#1672,#1671,#93,.T.);
#2103=EDGE_CURVE('',#1673,#1672,#877,.T.);
#2104=EDGE_CURVE('',#1674,#1673,#94,.T.);
#2105=EDGE_CURVE('',#1668,#1674,#878,.T.);
#2106=EDGE_CURVE('',#1675,#1676,#95,.T.);
#2107=EDGE_CURVE('',#1677,#1675,#879,.T.);
#2108=EDGE_CURVE('',#1678,#1677,#96,.T.);
#2109=EDGE_CURVE('',#1679,#1678,#880,.T.);
#2110=EDGE_CURVE('',#1680,#1679,#97,.T.);
#2111=EDGE_CURVE('',#1681,#1680,#881,.T.);
#2112=EDGE_CURVE('',#1682,#1681,#98,.T.);
#2113=EDGE_CURVE('',#1676,#1682,#882,.T.);
#2114=EDGE_CURVE('',#1683,#1684,#99,.T.);
#2115=EDGE_CURVE('',#1685,#1683,#883,.T.);
#2116=EDGE_CURVE('',#1686,#1685,#100,.T.);
#2117=EDGE_CURVE('',#1687,#1686,#884,.T.);
#2118=EDGE_CURVE('',#1688,#1687,#101,.T.);
#2119=EDGE_CURVE('',#1689,#1688,#885,.T.);
#2120=EDGE_CURVE('',#1690,#1689,#102,.T.);
#2121=EDGE_CURVE('',#1684,#1690,#886,.T.);
#2122=EDGE_CURVE('',#1691,#1691,#103,.T.);
#2123=EDGE_CURVE('',#1692,#1692,#104,.T.);
#2124=EDGE_CURVE('',#1693,#1693,#105,.T.);
#2125=EDGE_CURVE('',#1694,#1695,#106,.T.);
#2126=EDGE_CURVE('',#1696,#1694,#887,.T.);
#2127=EDGE_CURVE('',#1697,#1696,#107,.T.);
#2128=EDGE_CURVE('',#1698,#1697,#888,.T.);
#2129=EDGE_CURVE('',#1699,#1698,#108,.T.);
#2130=EDGE_CURVE('',#1700,#1699,#889,.T.);
#2131=EDGE_CURVE('',#1701,#1700,#109,.T.);
#2132=EDGE_CURVE('',#1695,#1701,#890,.T.);
#2133=EDGE_CURVE('',#1702,#1703,#110,.T.);
#2134=EDGE_CURVE('',#1704,#1702,#891,.T.);
#2135=EDGE_CURVE('',#1705,#1704,#111,.T.);
#2136=EDGE_CURVE('',#1706,#1705,#892,.T.);
#2137=EDGE_CURVE('',#1707,#1706,#112,.T.);
#2138=EDGE_CURVE('',#1708,#1707,#893,.T.);
#2139=EDGE_CURVE('',#1709,#1708,#113,.T.);
#2140=EDGE_CURVE('',#1703,#1709,#894,.T.);
#2141=EDGE_CURVE('',#1586,#1654,#895,.T.);
#2142=EDGE_CURVE('',#1653,#1587,#896,.T.);
#2143=EDGE_CURVE('',#1655,#1585,#897,.T.);
#2144=EDGE_CURVE('',#1584,#1656,#898,.T.);
#2145=EDGE_CURVE('',#1657,#1583,#899,.T.);
#2146=EDGE_CURVE('',#1702,#1637,#900,.T.);
#2147=EDGE_CURVE('',#1704,#1644,#901,.T.);
#2148=EDGE_CURVE('',#1705,#1643,#902,.T.);
#2149=EDGE_CURVE('',#1706,#1642,#903,.T.);
#2150=EDGE_CURVE('',#1707,#1641,#904,.T.);
#2151=EDGE_CURVE('',#1708,#1640,#905,.T.);
#2152=EDGE_CURVE('',#1709,#1639,#906,.T.);
#2153=EDGE_CURVE('',#1703,#1638,#907,.T.);
#2154=EDGE_CURVE('',#1694,#1629,#908,.T.);
#2155=EDGE_CURVE('',#1696,#1636,#909,.T.);
#2156=EDGE_CURVE('',#1697,#1635,#910,.T.);
#2157=EDGE_CURVE('',#1698,#1634,#911,.T.);
#2158=EDGE_CURVE('',#1699,#1633,#912,.T.);
#2159=EDGE_CURVE('',#1700,#1632,#913,.T.);
#2160=EDGE_CURVE('',#1701,#1631,#914,.T.);
#2161=EDGE_CURVE('',#1695,#1630,#915,.T.);
#2162=EDGE_CURVE('',#1628,#1693,#916,.T.);
#2163=EDGE_CURVE('',#1627,#1692,#917,.T.);
#2164=EDGE_CURVE('',#1626,#1691,#918,.T.);
#2165=EDGE_CURVE('',#1683,#1618,#919,.T.);
#2166=EDGE_CURVE('',#1685,#1625,#920,.T.);
#2167=EDGE_CURVE('',#1686,#1624,#921,.T.);
#2168=EDGE_CURVE('',#1687,#1623,#922,.T.);
#2169=EDGE_CURVE('',#1688,#1622,#923,.T.);
#2170=EDGE_CURVE('',#1689,#1621,#924,.T.);
#2171=EDGE_CURVE('',#1690,#1620,#925,.T.);
#2172=EDGE_CURVE('',#1684,#1619,#926,.T.);
#2173=EDGE_CURVE('',#1675,#1610,#927,.T.);
#2174=EDGE_CURVE('',#1677,#1617,#928,.T.);
#2175=EDGE_CURVE('',#1678,#1616,#929,.T.);
#2176=EDGE_CURVE('',#1679,#1615,#930,.T.);
#2177=EDGE_CURVE('',#1680,#1614,#931,.T.);
#2178=EDGE_CURVE('',#1681,#1613,#932,.T.);
#2179=EDGE_CURVE('',#1682,#1612,#933,.T.);
#2180=EDGE_CURVE('',#1676,#1611,#934,.T.);
#2181=EDGE_CURVE('',#1667,#1602,#935,.T.);
#2182=EDGE_CURVE('',#1669,#1609,#936,.T.);
#2183=EDGE_CURVE('',#1670,#1608,#937,.T.);
#2184=EDGE_CURVE('',#1671,#1607,#938,.T.);
#2185=EDGE_CURVE('',#1672,#1606,#939,.T.);
#2186=EDGE_CURVE('',#1673,#1605,#940,.T.);
#2187=EDGE_CURVE('',#1674,#1604,#941,.T.);
#2188=EDGE_CURVE('',#1668,#1603,#942,.T.);
#2189=EDGE_CURVE('',#1601,#1666,#943,.T.);
#2190=EDGE_CURVE('',#1658,#1593,#944,.T.);
#2191=EDGE_CURVE('',#1660,#1600,#945,.T.);
#2192=EDGE_CURVE('',#1661,#1599,#946,.T.);
#2193=EDGE_CURVE('',#1662,#1598,#947,.T.);
#2194=EDGE_CURVE('',#1663,#1597,#948,.T.);
#2195=EDGE_CURVE('',#1664,#1596,#949,.T.);
#2196=EDGE_CURVE('',#1665,#1595,#950,.T.);
#2197=EDGE_CURVE('',#1659,#1594,#951,.T.);
#2198=EDGE_CURVE('',#1649,#1591,#952,.T.);
#2199=EDGE_CURVE('',#1650,#1590,#953,.T.);
#2200=EDGE_CURVE('',#1651,#1589,#954,.T.);
#2201=EDGE_CURVE('',#1652,#1588,#955,.T.);
#2202=ORIENTED_EDGE('',*,*,#1710,.F.);
#2203=ORIENTED_EDGE('',*,*,#1711,.T.);
#2204=ORIENTED_EDGE('',*,*,#1712,.T.);
#2205=ORIENTED_EDGE('',*,*,#1713,.F.);
#2206=ORIENTED_EDGE('',*,*,#1714,.F.);
#2207=ORIENTED_EDGE('',*,*,#1715,.T.);
#2208=ORIENTED_EDGE('',*,*,#1716,.T.);
#2209=ORIENTED_EDGE('',*,*,#1711,.F.);
#2210=ORIENTED_EDGE('',*,*,#1717,.F.);
#2211=ORIENTED_EDGE('',*,*,#1718,.T.);
#2212=ORIENTED_EDGE('',*,*,#1719,.T.);
#2213=ORIENTED_EDGE('',*,*,#1715,.F.);
#2214=ORIENTED_EDGE('',*,*,#1720,.F.);
#2215=ORIENTED_EDGE('',*,*,#1721,.T.);
#2216=ORIENTED_EDGE('',*,*,#1722,.T.);
#2217=ORIENTED_EDGE('',*,*,#1718,.F.);
#2218=ORIENTED_EDGE('',*,*,#1723,.F.);
#2219=ORIENTED_EDGE('',*,*,#1713,.T.);
#2220=ORIENTED_EDGE('',*,*,#1724,.T.);
#2221=ORIENTED_EDGE('',*,*,#1721,.F.);
#2222=ORIENTED_EDGE('',*,*,#1725,.F.);
#2223=ORIENTED_EDGE('',*,*,#1726,.T.);
#2224=ORIENTED_EDGE('',*,*,#1727,.T.);
#2225=ORIENTED_EDGE('',*,*,#1728,.F.);
#2226=ORIENTED_EDGE('',*,*,#1729,.F.);
#2227=ORIENTED_EDGE('',*,*,#1730,.T.);
#2228=ORIENTED_EDGE('',*,*,#1731,.T.);
#2229=ORIENTED_EDGE('',*,*,#1726,.F.);
#2230=ORIENTED_EDGE('',*,*,#1732,.F.);
#2231=ORIENTED_EDGE('',*,*,#1733,.T.);
#2232=ORIENTED_EDGE('',*,*,#1734,.T.);
#2233=ORIENTED_EDGE('',*,*,#1730,.F.);
#2234=ORIENTED_EDGE('',*,*,#1735,.F.);
#2235=ORIENTED_EDGE('',*,*,#1736,.T.);
#2236=ORIENTED_EDGE('',*,*,#1737,.T.);
#2237=ORIENTED_EDGE('',*,*,#1733,.F.);
#2238=ORIENTED_EDGE('',*,*,#1738,.F.);
#2239=ORIENTED_EDGE('',*,*,#1739,.T.);
#2240=ORIENTED_EDGE('',*,*,#1740,.T.);
#2241=ORIENTED_EDGE('',*,*,#1736,.F.);
#2242=ORIENTED_EDGE('',*,*,#1741,.F.);
#2243=ORIENTED_EDGE('',*,*,#1742,.T.);
#2244=ORIENTED_EDGE('',*,*,#1743,.T.);
#2245=ORIENTED_EDGE('',*,*,#1739,.F.);
#2246=ORIENTED_EDGE('',*,*,#1744,.F.);
#2247=ORIENTED_EDGE('',*,*,#1745,.T.);
#2248=ORIENTED_EDGE('',*,*,#1746,.T.);
#2249=ORIENTED_EDGE('',*,*,#1742,.F.);
#2250=ORIENTED_EDGE('',*,*,#1747,.F.);
#2251=ORIENTED_EDGE('',*,*,#1748,.T.);
#2252=ORIENTED_EDGE('',*,*,#1749,.T.);
#2253=ORIENTED_EDGE('',*,*,#1745,.F.);
#2254=ORIENTED_EDGE('',*,*,#1750,.F.);
#2255=ORIENTED_EDGE('',*,*,#1751,.T.);
#2256=ORIENTED_EDGE('',*,*,#1752,.T.);
#2257=ORIENTED_EDGE('',*,*,#1748,.F.);
#2258=ORIENTED_EDGE('',*,*,#1753,.F.);
#2259=ORIENTED_EDGE('',*,*,#1754,.T.);
#2260=ORIENTED_EDGE('',*,*,#1755,.T.);
#2261=ORIENTED_EDGE('',*,*,#1751,.F.);
#2262=ORIENTED_EDGE('',*,*,#1756,.F.);
#2263=ORIENTED_EDGE('',*,*,#1757,.T.);
#2264=ORIENTED_EDGE('',*,*,#1758,.T.);
#2265=ORIENTED_EDGE('',*,*,#1754,.F.);
#2266=ORIENTED_EDGE('',*,*,#1759,.F.);
#2267=ORIENTED_EDGE('',*,*,#1760,.T.);
#2268=ORIENTED_EDGE('',*,*,#1761,.T.);
#2269=ORIENTED_EDGE('',*,*,#1757,.F.);
#2270=ORIENTED_EDGE('',*,*,#1762,.F.);
#2271=ORIENTED_EDGE('',*,*,#1763,.T.);
#2272=ORIENTED_EDGE('',*,*,#1764,.T.);
#2273=ORIENTED_EDGE('',*,*,#1760,.F.);
#2274=ORIENTED_EDGE('',*,*,#1765,.F.);
#2275=ORIENTED_EDGE('',*,*,#1766,.T.);
#2276=ORIENTED_EDGE('',*,*,#1767,.T.);
#2277=ORIENTED_EDGE('',*,*,#1763,.F.);
#2278=ORIENTED_EDGE('',*,*,#1768,.F.);
#2279=ORIENTED_EDGE('',*,*,#1728,.T.);
#2280=ORIENTED_EDGE('',*,*,#1769,.T.);
#2281=ORIENTED_EDGE('',*,*,#1766,.F.);
#2282=ORIENTED_EDGE('',*,*,#1769,.F.);
#2283=ORIENTED_EDGE('',*,*,#1727,.F.);
#2284=ORIENTED_EDGE('',*,*,#1731,.F.);
#2285=ORIENTED_EDGE('',*,*,#1734,.F.);
#2286=ORIENTED_EDGE('',*,*,#1737,.F.);
#2287=ORIENTED_EDGE('',*,*,#1740,.F.);
#2288=ORIENTED_EDGE('',*,*,#1743,.F.);
#2289=ORIENTED_EDGE('',*,*,#1746,.F.);
#2290=ORIENTED_EDGE('',*,*,#1749,.F.);
#2291=ORIENTED_EDGE('',*,*,#1752,.F.);
#2292=ORIENTED_EDGE('',*,*,#1755,.F.);
#2293=ORIENTED_EDGE('',*,*,#1758,.F.);
#2294=ORIENTED_EDGE('',*,*,#1761,.F.);
#2295=ORIENTED_EDGE('',*,*,#1764,.F.);
#2296=ORIENTED_EDGE('',*,*,#1767,.F.);
#2297=ORIENTED_EDGE('',*,*,#1724,.F.);
#2298=ORIENTED_EDGE('',*,*,#1712,.F.);
#2299=ORIENTED_EDGE('',*,*,#1716,.F.);
#2300=ORIENTED_EDGE('',*,*,#1719,.F.);
#2301=ORIENTED_EDGE('',*,*,#1722,.F.);
#2302=ORIENTED_EDGE('',*,*,#1770,.F.);
#2303=ORIENTED_EDGE('',*,*,#1771,.T.);
#2304=ORIENTED_EDGE('',*,*,#1772,.T.);
#2305=ORIENTED_EDGE('',*,*,#1773,.F.);
#2306=ORIENTED_EDGE('',*,*,#1774,.F.);
#2307=ORIENTED_EDGE('',*,*,#1775,.T.);
#2308=ORIENTED_EDGE('',*,*,#1776,.T.);
#2309=ORIENTED_EDGE('',*,*,#1771,.F.);
#2310=ORIENTED_EDGE('',*,*,#1777,.F.);
#2311=ORIENTED_EDGE('',*,*,#1778,.T.);
#2312=ORIENTED_EDGE('',*,*,#1779,.T.);
#2313=ORIENTED_EDGE('',*,*,#1775,.F.);
#2314=ORIENTED_EDGE('',*,*,#1780,.F.);
#2315=ORIENTED_EDGE('',*,*,#1781,.T.);
#2316=ORIENTED_EDGE('',*,*,#1782,.T.);
#2317=ORIENTED_EDGE('',*,*,#1778,.F.);
#2318=ORIENTED_EDGE('',*,*,#1783,.F.);
#2319=ORIENTED_EDGE('',*,*,#1784,.T.);
#2320=ORIENTED_EDGE('',*,*,#1785,.T.);
#2321=ORIENTED_EDGE('',*,*,#1781,.F.);
#2322=ORIENTED_EDGE('',*,*,#1786,.F.);
#2323=ORIENTED_EDGE('',*,*,#1787,.T.);
#2324=ORIENTED_EDGE('',*,*,#1788,.T.);
#2325=ORIENTED_EDGE('',*,*,#1784,.F.);
#2326=ORIENTED_EDGE('',*,*,#1789,.F.);
#2327=ORIENTED_EDGE('',*,*,#1790,.T.);
#2328=ORIENTED_EDGE('',*,*,#1791,.T.);
#2329=ORIENTED_EDGE('',*,*,#1787,.F.);
#2330=ORIENTED_EDGE('',*,*,#1792,.F.);
#2331=ORIENTED_EDGE('',*,*,#1793,.T.);
#2332=ORIENTED_EDGE('',*,*,#1794,.T.);
#2333=ORIENTED_EDGE('',*,*,#1790,.F.);
#2334=ORIENTED_EDGE('',*,*,#1795,.F.);
#2335=ORIENTED_EDGE('',*,*,#1796,.T.);
#2336=ORIENTED_EDGE('',*,*,#1797,.T.);
#2337=ORIENTED_EDGE('',*,*,#1793,.F.);
#2338=ORIENTED_EDGE('',*,*,#1798,.F.);
#2339=ORIENTED_EDGE('',*,*,#1799,.T.);
#2340=ORIENTED_EDGE('',*,*,#1800,.T.);
#2341=ORIENTED_EDGE('',*,*,#1796,.F.);
#2342=ORIENTED_EDGE('',*,*,#1801,.F.);
#2343=ORIENTED_EDGE('',*,*,#1802,.T.);
#2344=ORIENTED_EDGE('',*,*,#1803,.T.);
#2345=ORIENTED_EDGE('',*,*,#1799,.F.);
#2346=ORIENTED_EDGE('',*,*,#1804,.F.);
#2347=ORIENTED_EDGE('',*,*,#1805,.T.);
#2348=ORIENTED_EDGE('',*,*,#1806,.T.);
#2349=ORIENTED_EDGE('',*,*,#1802,.F.);
#2350=ORIENTED_EDGE('',*,*,#1807,.F.);
#2351=ORIENTED_EDGE('',*,*,#1808,.T.);
#2352=ORIENTED_EDGE('',*,*,#1809,.T.);
#2353=ORIENTED_EDGE('',*,*,#1805,.F.);
#2354=ORIENTED_EDGE('',*,*,#1810,.F.);
#2355=ORIENTED_EDGE('',*,*,#1811,.T.);
#2356=ORIENTED_EDGE('',*,*,#1812,.T.);
#2357=ORIENTED_EDGE('',*,*,#1808,.F.);
#2358=ORIENTED_EDGE('',*,*,#1813,.F.);
#2359=ORIENTED_EDGE('',*,*,#1814,.T.);
#2360=ORIENTED_EDGE('',*,*,#1815,.T.);
#2361=ORIENTED_EDGE('',*,*,#1811,.F.);
#2362=ORIENTED_EDGE('',*,*,#1816,.F.);
#2363=ORIENTED_EDGE('',*,*,#1817,.T.);
#2364=ORIENTED_EDGE('',*,*,#1818,.T.);
#2365=ORIENTED_EDGE('',*,*,#1814,.F.);
#2366=ORIENTED_EDGE('',*,*,#1819,.F.);
#2367=ORIENTED_EDGE('',*,*,#1820,.T.);
#2368=ORIENTED_EDGE('',*,*,#1821,.T.);
#2369=ORIENTED_EDGE('',*,*,#1817,.F.);
#2370=ORIENTED_EDGE('',*,*,#1822,.F.);
#2371=ORIENTED_EDGE('',*,*,#1773,.T.);
#2372=ORIENTED_EDGE('',*,*,#1823,.T.);
#2373=ORIENTED_EDGE('',*,*,#1820,.F.);
#2374=ORIENTED_EDGE('',*,*,#1823,.F.);
#2375=ORIENTED_EDGE('',*,*,#1772,.F.);
#2376=ORIENTED_EDGE('',*,*,#1776,.F.);
#2377=ORIENTED_EDGE('',*,*,#1779,.F.);
#2378=ORIENTED_EDGE('',*,*,#1782,.F.);
#2379=ORIENTED_EDGE('',*,*,#1785,.F.);
#2380=ORIENTED_EDGE('',*,*,#1788,.F.);
#2381=ORIENTED_EDGE('',*,*,#1791,.F.);
#2382=ORIENTED_EDGE('',*,*,#1794,.F.);
#2383=ORIENTED_EDGE('',*,*,#1797,.F.);
#2384=ORIENTED_EDGE('',*,*,#1800,.F.);
#2385=ORIENTED_EDGE('',*,*,#1803,.F.);
#2386=ORIENTED_EDGE('',*,*,#1806,.F.);
#2387=ORIENTED_EDGE('',*,*,#1809,.F.);
#2388=ORIENTED_EDGE('',*,*,#1812,.F.);
#2389=ORIENTED_EDGE('',*,*,#1815,.F.);
#2390=ORIENTED_EDGE('',*,*,#1818,.F.);
#2391=ORIENTED_EDGE('',*,*,#1821,.F.);
#2392=ORIENTED_EDGE('',*,*,#1824,.F.);
#2393=ORIENTED_EDGE('',*,*,#1825,.T.);
#2394=ORIENTED_EDGE('',*,*,#1826,.T.);
#2395=ORIENTED_EDGE('',*,*,#1827,.F.);
#2396=ORIENTED_EDGE('',*,*,#1828,.F.);
#2397=ORIENTED_EDGE('',*,*,#1829,.T.);
#2398=ORIENTED_EDGE('',*,*,#1830,.T.);
#2399=ORIENTED_EDGE('',*,*,#1825,.F.);
#2400=ORIENTED_EDGE('',*,*,#1831,.F.);
#2401=ORIENTED_EDGE('',*,*,#1832,.T.);
#2402=ORIENTED_EDGE('',*,*,#1833,.T.);
#2403=ORIENTED_EDGE('',*,*,#1829,.F.);
#2404=ORIENTED_EDGE('',*,*,#1834,.F.);
#2405=ORIENTED_EDGE('',*,*,#1827,.T.);
#2406=ORIENTED_EDGE('',*,*,#1835,.T.);
#2407=ORIENTED_EDGE('',*,*,#1832,.F.);
#2408=ORIENTED_EDGE('',*,*,#1835,.F.);
#2409=ORIENTED_EDGE('',*,*,#1826,.F.);
#2410=ORIENTED_EDGE('',*,*,#1830,.F.);
#2411=ORIENTED_EDGE('',*,*,#1833,.F.);
#2412=ORIENTED_EDGE('',*,*,#1836,.F.);
#2413=ORIENTED_EDGE('',*,*,#1837,.T.);
#2414=ORIENTED_EDGE('',*,*,#1838,.T.);
#2415=ORIENTED_EDGE('',*,*,#1839,.F.);
#2416=ORIENTED_EDGE('',*,*,#1840,.F.);
#2417=ORIENTED_EDGE('',*,*,#1841,.T.);
#2418=ORIENTED_EDGE('',*,*,#1842,.T.);
#2419=ORIENTED_EDGE('',*,*,#1837,.F.);
#2420=ORIENTED_EDGE('',*,*,#1843,.F.);
#2421=ORIENTED_EDGE('',*,*,#1844,.T.);
#2422=ORIENTED_EDGE('',*,*,#1845,.T.);
#2423=ORIENTED_EDGE('',*,*,#1841,.F.);
#2424=ORIENTED_EDGE('',*,*,#1846,.F.);
#2425=ORIENTED_EDGE('',*,*,#1847,.T.);
#2426=ORIENTED_EDGE('',*,*,#1848,.T.);
#2427=ORIENTED_EDGE('',*,*,#1844,.F.);
#2428=ORIENTED_EDGE('',*,*,#1849,.F.);
#2429=ORIENTED_EDGE('',*,*,#1850,.T.);
#2430=ORIENTED_EDGE('',*,*,#1851,.T.);
#2431=ORIENTED_EDGE('',*,*,#1847,.F.);
#2432=ORIENTED_EDGE('',*,*,#1852,.F.);
#2433=ORIENTED_EDGE('',*,*,#1853,.T.);
#2434=ORIENTED_EDGE('',*,*,#1854,.T.);
#2435=ORIENTED_EDGE('',*,*,#1850,.F.);
#2436=ORIENTED_EDGE('',*,*,#1855,.F.);
#2437=ORIENTED_EDGE('',*,*,#1856,.T.);
#2438=ORIENTED_EDGE('',*,*,#1857,.T.);
#2439=ORIENTED_EDGE('',*,*,#1853,.F.);
#2440=ORIENTED_EDGE('',*,*,#1858,.F.);
#2441=ORIENTED_EDGE('',*,*,#1839,.T.);
#2442=ORIENTED_EDGE('',*,*,#1859,.T.);
#2443=ORIENTED_EDGE('',*,*,#1856,.F.);
#2444=ORIENTED_EDGE('',*,*,#1860,.F.);
#2445=ORIENTED_EDGE('',*,*,#1861,.T.);
#2446=ORIENTED_EDGE('',*,*,#1862,.T.);
#2447=ORIENTED_EDGE('',*,*,#1863,.F.);
#2448=ORIENTED_EDGE('',*,*,#1864,.F.);
#2449=ORIENTED_EDGE('',*,*,#1865,.T.);
#2450=ORIENTED_EDGE('',*,*,#1866,.T.);
#2451=ORIENTED_EDGE('',*,*,#1861,.F.);
#2452=ORIENTED_EDGE('',*,*,#1867,.F.);
#2453=ORIENTED_EDGE('',*,*,#1868,.T.);
#2454=ORIENTED_EDGE('',*,*,#1869,.T.);
#2455=ORIENTED_EDGE('',*,*,#1865,.F.);
#2456=ORIENTED_EDGE('',*,*,#1870,.F.);
#2457=ORIENTED_EDGE('',*,*,#1871,.T.);
#2458=ORIENTED_EDGE('',*,*,#1872,.T.);
#2459=ORIENTED_EDGE('',*,*,#1868,.F.);
#2460=ORIENTED_EDGE('',*,*,#1873,.F.);
#2461=ORIENTED_EDGE('',*,*,#1874,.T.);
#2462=ORIENTED_EDGE('',*,*,#1875,.T.);
#2463=ORIENTED_EDGE('',*,*,#1871,.F.);
#2464=ORIENTED_EDGE('',*,*,#1876,.F.);
#2465=ORIENTED_EDGE('',*,*,#1877,.T.);
#2466=ORIENTED_EDGE('',*,*,#1878,.T.);
#2467=ORIENTED_EDGE('',*,*,#1874,.F.);
#2468=ORIENTED_EDGE('',*,*,#1879,.F.);
#2469=ORIENTED_EDGE('',*,*,#1880,.T.);
#2470=ORIENTED_EDGE('',*,*,#1881,.T.);
#2471=ORIENTED_EDGE('',*,*,#1877,.F.);
#2472=ORIENTED_EDGE('',*,*,#1882,.F.);
#2473=ORIENTED_EDGE('',*,*,#1883,.T.);
#2474=ORIENTED_EDGE('',*,*,#1884,.T.);
#2475=ORIENTED_EDGE('',*,*,#1880,.F.);
#2476=ORIENTED_EDGE('',*,*,#1885,.F.);
#2477=ORIENTED_EDGE('',*,*,#1863,.T.);
#2478=ORIENTED_EDGE('',*,*,#1886,.T.);
#2479=ORIENTED_EDGE('',*,*,#1883,.F.);
#2480=ORIENTED_EDGE('',*,*,#1886,.F.);
#2481=ORIENTED_EDGE('',*,*,#1862,.F.);
#2482=ORIENTED_EDGE('',*,*,#1866,.F.);
#2483=ORIENTED_EDGE('',*,*,#1869,.F.);
#2484=ORIENTED_EDGE('',*,*,#1872,.F.);
#2485=ORIENTED_EDGE('',*,*,#1875,.F.);
#2486=ORIENTED_EDGE('',*,*,#1878,.F.);
#2487=ORIENTED_EDGE('',*,*,#1881,.F.);
#2488=ORIENTED_EDGE('',*,*,#1884,.F.);
#2489=ORIENTED_EDGE('',*,*,#1859,.F.);
#2490=ORIENTED_EDGE('',*,*,#1838,.F.);
#2491=ORIENTED_EDGE('',*,*,#1842,.F.);
#2492=ORIENTED_EDGE('',*,*,#1845,.F.);
#2493=ORIENTED_EDGE('',*,*,#1848,.F.);
#2494=ORIENTED_EDGE('',*,*,#1851,.F.);
#2495=ORIENTED_EDGE('',*,*,#1854,.F.);
#2496=ORIENTED_EDGE('',*,*,#1857,.F.);
#2497=ORIENTED_EDGE('',*,*,#1887,.F.);
#2498=ORIENTED_EDGE('',*,*,#1888,.T.);
#2499=ORIENTED_EDGE('',*,*,#1889,.T.);
#2500=ORIENTED_EDGE('',*,*,#1890,.F.);
#2501=ORIENTED_EDGE('',*,*,#1891,.F.);
#2502=ORIENTED_EDGE('',*,*,#1892,.T.);
#2503=ORIENTED_EDGE('',*,*,#1893,.T.);
#2504=ORIENTED_EDGE('',*,*,#1888,.F.);
#2505=ORIENTED_EDGE('',*,*,#1894,.F.);
#2506=ORIENTED_EDGE('',*,*,#1895,.T.);
#2507=ORIENTED_EDGE('',*,*,#1896,.T.);
#2508=ORIENTED_EDGE('',*,*,#1892,.F.);
#2509=ORIENTED_EDGE('',*,*,#1897,.F.);
#2510=ORIENTED_EDGE('',*,*,#1898,.T.);
#2511=ORIENTED_EDGE('',*,*,#1899,.T.);
#2512=ORIENTED_EDGE('',*,*,#1895,.F.);
#2513=ORIENTED_EDGE('',*,*,#1900,.F.);
#2514=ORIENTED_EDGE('',*,*,#1901,.T.);
#2515=ORIENTED_EDGE('',*,*,#1902,.T.);
#2516=ORIENTED_EDGE('',*,*,#1898,.F.);
#2517=ORIENTED_EDGE('',*,*,#1903,.F.);
#2518=ORIENTED_EDGE('',*,*,#1904,.T.);
#2519=ORIENTED_EDGE('',*,*,#1905,.T.);
#2520=ORIENTED_EDGE('',*,*,#1901,.F.);
#2521=ORIENTED_EDGE('',*,*,#1906,.F.);
#2522=ORIENTED_EDGE('',*,*,#1907,.T.);
#2523=ORIENTED_EDGE('',*,*,#1908,.T.);
#2524=ORIENTED_EDGE('',*,*,#1904,.F.);
#2525=ORIENTED_EDGE('',*,*,#1909,.F.);
#2526=ORIENTED_EDGE('',*,*,#1910,.T.);
#2527=ORIENTED_EDGE('',*,*,#1911,.T.);
#2528=ORIENTED_EDGE('',*,*,#1907,.F.);
#2529=ORIENTED_EDGE('',*,*,#1912,.F.);
#2530=ORIENTED_EDGE('',*,*,#1913,.T.);
#2531=ORIENTED_EDGE('',*,*,#1914,.T.);
#2532=ORIENTED_EDGE('',*,*,#1910,.F.);
#2533=ORIENTED_EDGE('',*,*,#1915,.F.);
#2534=ORIENTED_EDGE('',*,*,#1890,.T.);
#2535=ORIENTED_EDGE('',*,*,#1916,.T.);
#2536=ORIENTED_EDGE('',*,*,#1913,.F.);
#2537=ORIENTED_EDGE('',*,*,#1916,.F.);
#2538=ORIENTED_EDGE('',*,*,#1889,.F.);
#2539=ORIENTED_EDGE('',*,*,#1893,.F.);
#2540=ORIENTED_EDGE('',*,*,#1896,.F.);
#2541=ORIENTED_EDGE('',*,*,#1899,.F.);
#2542=ORIENTED_EDGE('',*,*,#1902,.F.);
#2543=ORIENTED_EDGE('',*,*,#1905,.F.);
#2544=ORIENTED_EDGE('',*,*,#1908,.F.);
#2545=ORIENTED_EDGE('',*,*,#1911,.F.);
#2546=ORIENTED_EDGE('',*,*,#1914,.F.);
#2547=ORIENTED_EDGE('',*,*,#1917,.F.);
#2548=ORIENTED_EDGE('',*,*,#1918,.T.);
#2549=ORIENTED_EDGE('',*,*,#1919,.T.);
#2550=ORIENTED_EDGE('',*,*,#1920,.F.);
#2551=ORIENTED_EDGE('',*,*,#1921,.F.);
#2552=ORIENTED_EDGE('',*,*,#1922,.T.);
#2553=ORIENTED_EDGE('',*,*,#1923,.T.);
#2554=ORIENTED_EDGE('',*,*,#1918,.F.);
#2555=ORIENTED_EDGE('',*,*,#1924,.F.);
#2556=ORIENTED_EDGE('',*,*,#1925,.T.);
#2557=ORIENTED_EDGE('',*,*,#1926,.T.);
#2558=ORIENTED_EDGE('',*,*,#1922,.F.);
#2559=ORIENTED_EDGE('',*,*,#1927,.F.);
#2560=ORIENTED_EDGE('',*,*,#1928,.T.);
#2561=ORIENTED_EDGE('',*,*,#1929,.T.);
#2562=ORIENTED_EDGE('',*,*,#1925,.F.);
#2563=ORIENTED_EDGE('',*,*,#1930,.F.);
#2564=ORIENTED_EDGE('',*,*,#1931,.T.);
#2565=ORIENTED_EDGE('',*,*,#1932,.T.);
#2566=ORIENTED_EDGE('',*,*,#1928,.F.);
#2567=ORIENTED_EDGE('',*,*,#1933,.F.);
#2568=ORIENTED_EDGE('',*,*,#1934,.T.);
#2569=ORIENTED_EDGE('',*,*,#1935,.T.);
#2570=ORIENTED_EDGE('',*,*,#1931,.F.);
#2571=ORIENTED_EDGE('',*,*,#1936,.F.);
#2572=ORIENTED_EDGE('',*,*,#1937,.T.);
#2573=ORIENTED_EDGE('',*,*,#1938,.T.);
#2574=ORIENTED_EDGE('',*,*,#1934,.F.);
#2575=ORIENTED_EDGE('',*,*,#1939,.F.);
#2576=ORIENTED_EDGE('',*,*,#1940,.T.);
#2577=ORIENTED_EDGE('',*,*,#1941,.T.);
#2578=ORIENTED_EDGE('',*,*,#1937,.F.);
#2579=ORIENTED_EDGE('',*,*,#1942,.F.);
#2580=ORIENTED_EDGE('',*,*,#1943,.T.);
#2581=ORIENTED_EDGE('',*,*,#1944,.T.);
#2582=ORIENTED_EDGE('',*,*,#1940,.F.);
#2583=ORIENTED_EDGE('',*,*,#1945,.F.);
#2584=ORIENTED_EDGE('',*,*,#1946,.T.);
#2585=ORIENTED_EDGE('',*,*,#1947,.T.);
#2586=ORIENTED_EDGE('',*,*,#1943,.F.);
#2587=ORIENTED_EDGE('',*,*,#1948,.F.);
#2588=ORIENTED_EDGE('',*,*,#1949,.T.);
#2589=ORIENTED_EDGE('',*,*,#1950,.T.);
#2590=ORIENTED_EDGE('',*,*,#1946,.F.);
#2591=ORIENTED_EDGE('',*,*,#1951,.F.);
#2592=ORIENTED_EDGE('',*,*,#1952,.T.);
#2593=ORIENTED_EDGE('',*,*,#1953,.T.);
#2594=ORIENTED_EDGE('',*,*,#1949,.F.);
#2595=ORIENTED_EDGE('',*,*,#1954,.F.);
#2596=ORIENTED_EDGE('',*,*,#1955,.T.);
#2597=ORIENTED_EDGE('',*,*,#1956,.T.);
#2598=ORIENTED_EDGE('',*,*,#1952,.F.);
#2599=ORIENTED_EDGE('',*,*,#1957,.F.);
#2600=ORIENTED_EDGE('',*,*,#1958,.T.);
#2601=ORIENTED_EDGE('',*,*,#1959,.T.);
#2602=ORIENTED_EDGE('',*,*,#1955,.F.);
#2603=ORIENTED_EDGE('',*,*,#1960,.F.);
#2604=ORIENTED_EDGE('',*,*,#1961,.T.);
#2605=ORIENTED_EDGE('',*,*,#1962,.T.);
#2606=ORIENTED_EDGE('',*,*,#1958,.F.);
#2607=ORIENTED_EDGE('',*,*,#1963,.F.);
#2608=ORIENTED_EDGE('',*,*,#1964,.T.);
#2609=ORIENTED_EDGE('',*,*,#1965,.T.);
#2610=ORIENTED_EDGE('',*,*,#1961,.F.);
#2611=ORIENTED_EDGE('',*,*,#1966,.F.);
#2612=ORIENTED_EDGE('',*,*,#1967,.T.);
#2613=ORIENTED_EDGE('',*,*,#1968,.T.);
#2614=ORIENTED_EDGE('',*,*,#1964,.F.);
#2615=ORIENTED_EDGE('',*,*,#1969,.F.);
#2616=ORIENTED_EDGE('',*,*,#1920,.T.);
#2617=ORIENTED_EDGE('',*,*,#1970,.T.);
#2618=ORIENTED_EDGE('',*,*,#1967,.F.);
#2619=ORIENTED_EDGE('',*,*,#1970,.F.);
#2620=ORIENTED_EDGE('',*,*,#1919,.F.);
#2621=ORIENTED_EDGE('',*,*,#1923,.F.);
#2622=ORIENTED_EDGE('',*,*,#1926,.F.);
#2623=ORIENTED_EDGE('',*,*,#1929,.F.);
#2624=ORIENTED_EDGE('',*,*,#1932,.F.);
#2625=ORIENTED_EDGE('',*,*,#1935,.F.);
#2626=ORIENTED_EDGE('',*,*,#1938,.F.);
#2627=ORIENTED_EDGE('',*,*,#1941,.F.);
#2628=ORIENTED_EDGE('',*,*,#1944,.F.);
#2629=ORIENTED_EDGE('',*,*,#1947,.F.);
#2630=ORIENTED_EDGE('',*,*,#1950,.F.);
#2631=ORIENTED_EDGE('',*,*,#1953,.F.);
#2632=ORIENTED_EDGE('',*,*,#1956,.F.);
#2633=ORIENTED_EDGE('',*,*,#1959,.F.);
#2634=ORIENTED_EDGE('',*,*,#1962,.F.);
#2635=ORIENTED_EDGE('',*,*,#1965,.F.);
#2636=ORIENTED_EDGE('',*,*,#1968,.F.);
#2637=ORIENTED_EDGE('',*,*,#1971,.F.);
#2638=ORIENTED_EDGE('',*,*,#1972,.T.);
#2639=ORIENTED_EDGE('',*,*,#1973,.T.);
#2640=ORIENTED_EDGE('',*,*,#1974,.F.);
#2641=ORIENTED_EDGE('',*,*,#1975,.F.);
#2642=ORIENTED_EDGE('',*,*,#1976,.T.);
#2643=ORIENTED_EDGE('',*,*,#1977,.T.);
#2644=ORIENTED_EDGE('',*,*,#1972,.F.);
#2645=ORIENTED_EDGE('',*,*,#1978,.F.);
#2646=ORIENTED_EDGE('',*,*,#1979,.T.);
#2647=ORIENTED_EDGE('',*,*,#1980,.T.);
#2648=ORIENTED_EDGE('',*,*,#1976,.F.);
#2649=ORIENTED_EDGE('',*,*,#1981,.F.);
#2650=ORIENTED_EDGE('',*,*,#1982,.T.);
#2651=ORIENTED_EDGE('',*,*,#1983,.T.);
#2652=ORIENTED_EDGE('',*,*,#1979,.F.);
#2653=ORIENTED_EDGE('',*,*,#1984,.F.);
#2654=ORIENTED_EDGE('',*,*,#1985,.T.);
#2655=ORIENTED_EDGE('',*,*,#1986,.T.);
#2656=ORIENTED_EDGE('',*,*,#1982,.F.);
#2657=ORIENTED_EDGE('',*,*,#1987,.F.);
#2658=ORIENTED_EDGE('',*,*,#1988,.T.);
#2659=ORIENTED_EDGE('',*,*,#1989,.T.);
#2660=ORIENTED_EDGE('',*,*,#1985,.F.);
#2661=ORIENTED_EDGE('',*,*,#1990,.F.);
#2662=ORIENTED_EDGE('',*,*,#1991,.T.);
#2663=ORIENTED_EDGE('',*,*,#1992,.T.);
#2664=ORIENTED_EDGE('',*,*,#1988,.F.);
#2665=ORIENTED_EDGE('',*,*,#1993,.F.);
#2666=ORIENTED_EDGE('',*,*,#1994,.T.);
#2667=ORIENTED_EDGE('',*,*,#1995,.T.);
#2668=ORIENTED_EDGE('',*,*,#1991,.F.);
#2669=ORIENTED_EDGE('',*,*,#1996,.F.);
#2670=ORIENTED_EDGE('',*,*,#1997,.T.);
#2671=ORIENTED_EDGE('',*,*,#1998,.T.);
#2672=ORIENTED_EDGE('',*,*,#1994,.F.);
#2673=ORIENTED_EDGE('',*,*,#1999,.F.);
#2674=ORIENTED_EDGE('',*,*,#2000,.T.);
#2675=ORIENTED_EDGE('',*,*,#2001,.T.);
#2676=ORIENTED_EDGE('',*,*,#1997,.F.);
#2677=ORIENTED_EDGE('',*,*,#2002,.F.);
#2678=ORIENTED_EDGE('',*,*,#2003,.T.);
#2679=ORIENTED_EDGE('',*,*,#2004,.T.);
#2680=ORIENTED_EDGE('',*,*,#2000,.F.);
#2681=ORIENTED_EDGE('',*,*,#2005,.F.);
#2682=ORIENTED_EDGE('',*,*,#1974,.T.);
#2683=ORIENTED_EDGE('',*,*,#2006,.T.);
#2684=ORIENTED_EDGE('',*,*,#2003,.F.);
#2685=ORIENTED_EDGE('',*,*,#2006,.F.);
#2686=ORIENTED_EDGE('',*,*,#1973,.F.);
#2687=ORIENTED_EDGE('',*,*,#1977,.F.);
#2688=ORIENTED_EDGE('',*,*,#1980,.F.);
#2689=ORIENTED_EDGE('',*,*,#1983,.F.);
#2690=ORIENTED_EDGE('',*,*,#1986,.F.);
#2691=ORIENTED_EDGE('',*,*,#1989,.F.);
#2692=ORIENTED_EDGE('',*,*,#1992,.F.);
#2693=ORIENTED_EDGE('',*,*,#1995,.F.);
#2694=ORIENTED_EDGE('',*,*,#1998,.F.);
#2695=ORIENTED_EDGE('',*,*,#2001,.F.);
#2696=ORIENTED_EDGE('',*,*,#2004,.F.);
#2697=ORIENTED_EDGE('',*,*,#2007,.F.);
#2698=ORIENTED_EDGE('',*,*,#2008,.T.);
#2699=ORIENTED_EDGE('',*,*,#2009,.F.);
#2700=ORIENTED_EDGE('',*,*,#2010,.T.);
#2701=ORIENTED_EDGE('',*,*,#2011,.F.);
#2702=ORIENTED_EDGE('',*,*,#2012,.T.);
#2703=ORIENTED_EDGE('',*,*,#2013,.F.);
#2704=ORIENTED_EDGE('',*,*,#2014,.T.);
#2705=ORIENTED_EDGE('',*,*,#2015,.T.);
#2706=ORIENTED_EDGE('',*,*,#2016,.T.);
#2707=ORIENTED_EDGE('',*,*,#2017,.T.);
#2708=ORIENTED_EDGE('',*,*,#2018,.T.);
#2709=ORIENTED_EDGE('',*,*,#1725,.T.);
#2710=ORIENTED_EDGE('',*,*,#1768,.T.);
#2711=ORIENTED_EDGE('',*,*,#1765,.T.);
#2712=ORIENTED_EDGE('',*,*,#1762,.T.);
#2713=ORIENTED_EDGE('',*,*,#1759,.T.);
#2714=ORIENTED_EDGE('',*,*,#1756,.T.);
#2715=ORIENTED_EDGE('',*,*,#1753,.T.);
#2716=ORIENTED_EDGE('',*,*,#1750,.T.);
#2717=ORIENTED_EDGE('',*,*,#1747,.T.);
#2718=ORIENTED_EDGE('',*,*,#1744,.T.);
#2719=ORIENTED_EDGE('',*,*,#1741,.T.);
#2720=ORIENTED_EDGE('',*,*,#1738,.T.);
#2721=ORIENTED_EDGE('',*,*,#1735,.T.);
#2722=ORIENTED_EDGE('',*,*,#1732,.T.);
#2723=ORIENTED_EDGE('',*,*,#1729,.T.);
#2724=ORIENTED_EDGE('',*,*,#1770,.T.);
#2725=ORIENTED_EDGE('',*,*,#1822,.T.);
#2726=ORIENTED_EDGE('',*,*,#1819,.T.);
#2727=ORIENTED_EDGE('',*,*,#1816,.T.);
#2728=ORIENTED_EDGE('',*,*,#1813,.T.);
#2729=ORIENTED_EDGE('',*,*,#1810,.T.);
#2730=ORIENTED_EDGE('',*,*,#1807,.T.);
#2731=ORIENTED_EDGE('',*,*,#1804,.T.);
#2732=ORIENTED_EDGE('',*,*,#1801,.T.);
#2733=ORIENTED_EDGE('',*,*,#1798,.T.);
#2734=ORIENTED_EDGE('',*,*,#1795,.T.);
#2735=ORIENTED_EDGE('',*,*,#1792,.T.);
#2736=ORIENTED_EDGE('',*,*,#1789,.T.);
#2737=ORIENTED_EDGE('',*,*,#1786,.T.);
#2738=ORIENTED_EDGE('',*,*,#1783,.T.);
#2739=ORIENTED_EDGE('',*,*,#1780,.T.);
#2740=ORIENTED_EDGE('',*,*,#1777,.T.);
#2741=ORIENTED_EDGE('',*,*,#1774,.T.);
#2742=ORIENTED_EDGE('',*,*,#1824,.T.);
#2743=ORIENTED_EDGE('',*,*,#1834,.T.);
#2744=ORIENTED_EDGE('',*,*,#1831,.T.);
#2745=ORIENTED_EDGE('',*,*,#1828,.T.);
#2746=ORIENTED_EDGE('',*,*,#1860,.T.);
#2747=ORIENTED_EDGE('',*,*,#1885,.T.);
#2748=ORIENTED_EDGE('',*,*,#1882,.T.);
#2749=ORIENTED_EDGE('',*,*,#1879,.T.);
#2750=ORIENTED_EDGE('',*,*,#1876,.T.);
#2751=ORIENTED_EDGE('',*,*,#1873,.T.);
#2752=ORIENTED_EDGE('',*,*,#1870,.T.);
#2753=ORIENTED_EDGE('',*,*,#1867,.T.);
#2754=ORIENTED_EDGE('',*,*,#1864,.T.);
#2755=ORIENTED_EDGE('',*,*,#1887,.T.);
#2756=ORIENTED_EDGE('',*,*,#1915,.T.);
#2757=ORIENTED_EDGE('',*,*,#1912,.T.);
#2758=ORIENTED_EDGE('',*,*,#1909,.T.);
#2759=ORIENTED_EDGE('',*,*,#1906,.T.);
#2760=ORIENTED_EDGE('',*,*,#1903,.T.);
#2761=ORIENTED_EDGE('',*,*,#1900,.T.);
#2762=ORIENTED_EDGE('',*,*,#1897,.T.);
#2763=ORIENTED_EDGE('',*,*,#1894,.T.);
#2764=ORIENTED_EDGE('',*,*,#1891,.T.);
#2765=ORIENTED_EDGE('',*,*,#1917,.T.);
#2766=ORIENTED_EDGE('',*,*,#1969,.T.);
#2767=ORIENTED_EDGE('',*,*,#1966,.T.);
#2768=ORIENTED_EDGE('',*,*,#1963,.T.);
#2769=ORIENTED_EDGE('',*,*,#1960,.T.);
#2770=ORIENTED_EDGE('',*,*,#1957,.T.);
#2771=ORIENTED_EDGE('',*,*,#1954,.T.);
#2772=ORIENTED_EDGE('',*,*,#1951,.T.);
#2773=ORIENTED_EDGE('',*,*,#1948,.T.);
#2774=ORIENTED_EDGE('',*,*,#1945,.T.);
#2775=ORIENTED_EDGE('',*,*,#1942,.T.);
#2776=ORIENTED_EDGE('',*,*,#1939,.T.);
#2777=ORIENTED_EDGE('',*,*,#1936,.T.);
#2778=ORIENTED_EDGE('',*,*,#1933,.T.);
#2779=ORIENTED_EDGE('',*,*,#1930,.T.);
#2780=ORIENTED_EDGE('',*,*,#1927,.T.);
#2781=ORIENTED_EDGE('',*,*,#1924,.T.);
#2782=ORIENTED_EDGE('',*,*,#1921,.T.);
#2783=ORIENTED_EDGE('',*,*,#1971,.T.);
#2784=ORIENTED_EDGE('',*,*,#2005,.T.);
#2785=ORIENTED_EDGE('',*,*,#2002,.T.);
#2786=ORIENTED_EDGE('',*,*,#1999,.T.);
#2787=ORIENTED_EDGE('',*,*,#1996,.T.);
#2788=ORIENTED_EDGE('',*,*,#1993,.T.);
#2789=ORIENTED_EDGE('',*,*,#1990,.T.);
#2790=ORIENTED_EDGE('',*,*,#1987,.T.);
#2791=ORIENTED_EDGE('',*,*,#1984,.T.);
#2792=ORIENTED_EDGE('',*,*,#1981,.T.);
#2793=ORIENTED_EDGE('',*,*,#1978,.T.);
#2794=ORIENTED_EDGE('',*,*,#1975,.T.);
#2795=ORIENTED_EDGE('',*,*,#2019,.T.);
#2796=ORIENTED_EDGE('',*,*,#2020,.T.);
#2797=ORIENTED_EDGE('',*,*,#2021,.T.);
#2798=ORIENTED_EDGE('',*,*,#2022,.T.);
#2799=ORIENTED_EDGE('',*,*,#2023,.T.);
#2800=ORIENTED_EDGE('',*,*,#2024,.T.);
#2801=ORIENTED_EDGE('',*,*,#2025,.T.);
#2802=ORIENTED_EDGE('',*,*,#2026,.T.);
#2803=ORIENTED_EDGE('',*,*,#2027,.T.);
#2804=ORIENTED_EDGE('',*,*,#2028,.T.);
#2805=ORIENTED_EDGE('',*,*,#2029,.T.);
#2806=ORIENTED_EDGE('',*,*,#2030,.T.);
#2807=ORIENTED_EDGE('',*,*,#2031,.T.);
#2808=ORIENTED_EDGE('',*,*,#2032,.T.);
#2809=ORIENTED_EDGE('',*,*,#2033,.T.);
#2810=ORIENTED_EDGE('',*,*,#2034,.T.);
#2811=ORIENTED_EDGE('',*,*,#2035,.T.);
#2812=ORIENTED_EDGE('',*,*,#2036,.T.);
#2813=ORIENTED_EDGE('',*,*,#2037,.T.);
#2814=ORIENTED_EDGE('',*,*,#2038,.T.);
#2815=ORIENTED_EDGE('',*,*,#2039,.T.);
#2816=ORIENTED_EDGE('',*,*,#2040,.T.);
#2817=ORIENTED_EDGE('',*,*,#2041,.T.);
#2818=ORIENTED_EDGE('',*,*,#2042,.T.);
#2819=ORIENTED_EDGE('',*,*,#2043,.T.);
#2820=ORIENTED_EDGE('',*,*,#2044,.T.);
#2821=ORIENTED_EDGE('',*,*,#2045,.T.);
#2822=ORIENTED_EDGE('',*,*,#2046,.T.);
#2823=ORIENTED_EDGE('',*,*,#2047,.T.);
#2824=ORIENTED_EDGE('',*,*,#2048,.T.);
#2825=ORIENTED_EDGE('',*,*,#2049,.T.);
#2826=ORIENTED_EDGE('',*,*,#2050,.T.);
#2827=ORIENTED_EDGE('',*,*,#2051,.T.);
#2828=ORIENTED_EDGE('',*,*,#2052,.T.);
#2829=ORIENTED_EDGE('',*,*,#2053,.T.);
#2830=ORIENTED_EDGE('',*,*,#2054,.T.);
#2831=ORIENTED_EDGE('',*,*,#2055,.T.);
#2832=ORIENTED_EDGE('',*,*,#2056,.T.);
#2833=ORIENTED_EDGE('',*,*,#2057,.T.);
#2834=ORIENTED_EDGE('',*,*,#2058,.T.);
#2835=ORIENTED_EDGE('',*,*,#2059,.T.);
#2836=ORIENTED_EDGE('',*,*,#2060,.T.);
#2837=ORIENTED_EDGE('',*,*,#2061,.T.);
#2838=ORIENTED_EDGE('',*,*,#2062,.T.);
#2839=ORIENTED_EDGE('',*,*,#2063,.T.);
#2840=ORIENTED_EDGE('',*,*,#2064,.T.);
#2841=ORIENTED_EDGE('',*,*,#2065,.T.);
#2842=ORIENTED_EDGE('',*,*,#2066,.T.);
#2843=ORIENTED_EDGE('',*,*,#2067,.T.);
#2844=ORIENTED_EDGE('',*,*,#2068,.T.);
#2845=ORIENTED_EDGE('',*,*,#2069,.T.);
#2846=ORIENTED_EDGE('',*,*,#2070,.T.);
#2847=ORIENTED_EDGE('',*,*,#2071,.T.);
#2848=ORIENTED_EDGE('',*,*,#1836,.T.);
#2849=ORIENTED_EDGE('',*,*,#1858,.T.);
#2850=ORIENTED_EDGE('',*,*,#1855,.T.);
#2851=ORIENTED_EDGE('',*,*,#1852,.T.);
#2852=ORIENTED_EDGE('',*,*,#1849,.T.);
#2853=ORIENTED_EDGE('',*,*,#1846,.T.);
#2854=ORIENTED_EDGE('',*,*,#1843,.T.);
#2855=ORIENTED_EDGE('',*,*,#1840,.T.);
#2856=ORIENTED_EDGE('',*,*,#2019,.F.);
#2857=ORIENTED_EDGE('',*,*,#2072,.T.);
#2858=ORIENTED_EDGE('',*,*,#2073,.F.);
#2859=ORIENTED_EDGE('',*,*,#2072,.F.);
#2860=ORIENTED_EDGE('',*,*,#2007,.T.);
#2861=ORIENTED_EDGE('',*,*,#2074,.T.);
#2862=ORIENTED_EDGE('',*,*,#2075,.T.);
#2863=ORIENTED_EDGE('',*,*,#2076,.T.);
#2864=ORIENTED_EDGE('',*,*,#2076,.F.);
#2865=ORIENTED_EDGE('',*,*,#2077,.T.);
#2866=ORIENTED_EDGE('',*,*,#2078,.F.);
#2867=ORIENTED_EDGE('',*,*,#2008,.F.);
#2868=ORIENTED_EDGE('',*,*,#2075,.F.);
#2869=ORIENTED_EDGE('',*,*,#2079,.T.);
#2870=ORIENTED_EDGE('',*,*,#2080,.F.);
#2871=ORIENTED_EDGE('',*,*,#2081,.F.);
#2872=ORIENTED_EDGE('',*,*,#2082,.F.);
#2873=ORIENTED_EDGE('',*,*,#2083,.F.);
#2874=ORIENTED_EDGE('',*,*,#2084,.F.);
#2875=ORIENTED_EDGE('',*,*,#2085,.F.);
#2876=ORIENTED_EDGE('',*,*,#2086,.F.);
#2877=ORIENTED_EDGE('',*,*,#2087,.F.);
#2878=ORIENTED_EDGE('',*,*,#2088,.F.);
#2879=ORIENTED_EDGE('',*,*,#2077,.F.);
#2880=ORIENTED_EDGE('',*,*,#2073,.T.);
#2881=ORIENTED_EDGE('',*,*,#2089,.F.);
#2882=ORIENTED_EDGE('',*,*,#2090,.F.);
#2883=ORIENTED_EDGE('',*,*,#2091,.F.);
#2884=ORIENTED_EDGE('',*,*,#2092,.F.);
#2885=ORIENTED_EDGE('',*,*,#2093,.F.);
#2886=ORIENTED_EDGE('',*,*,#2094,.F.);
#2887=ORIENTED_EDGE('',*,*,#2095,.F.);
#2888=ORIENTED_EDGE('',*,*,#2096,.F.);
#2889=ORIENTED_EDGE('',*,*,#2097,.F.);
#2890=ORIENTED_EDGE('',*,*,#2098,.F.);
#2891=ORIENTED_EDGE('',*,*,#2099,.F.);
#2892=ORIENTED_EDGE('',*,*,#2100,.F.);
#2893=ORIENTED_EDGE('',*,*,#2101,.F.);
#2894=ORIENTED_EDGE('',*,*,#2102,.F.);
#2895=ORIENTED_EDGE('',*,*,#2103,.F.);
#2896=ORIENTED_EDGE('',*,*,#2104,.F.);
#2897=ORIENTED_EDGE('',*,*,#2105,.F.);
#2898=ORIENTED_EDGE('',*,*,#2106,.F.);
#2899=ORIENTED_EDGE('',*,*,#2107,.F.);
#2900=ORIENTED_EDGE('',*,*,#2108,.F.);
#2901=ORIENTED_EDGE('',*,*,#2109,.F.);
#2902=ORIENTED_EDGE('',*,*,#2110,.F.);
#2903=ORIENTED_EDGE('',*,*,#2111,.F.);
#2904=ORIENTED_EDGE('',*,*,#2112,.F.);
#2905=ORIENTED_EDGE('',*,*,#2113,.F.);
#2906=ORIENTED_EDGE('',*,*,#2114,.F.);
#2907=ORIENTED_EDGE('',*,*,#2115,.F.);
#2908=ORIENTED_EDGE('',*,*,#2116,.F.);
#2909=ORIENTED_EDGE('',*,*,#2117,.F.);
#2910=ORIENTED_EDGE('',*,*,#2118,.F.);
#2911=ORIENTED_EDGE('',*,*,#2119,.F.);
#2912=ORIENTED_EDGE('',*,*,#2120,.F.);
#2913=ORIENTED_EDGE('',*,*,#2121,.F.);
#2914=ORIENTED_EDGE('',*,*,#2122,.F.);
#2915=ORIENTED_EDGE('',*,*,#2123,.F.);
#2916=ORIENTED_EDGE('',*,*,#2124,.F.);
#2917=ORIENTED_EDGE('',*,*,#2125,.F.);
#2918=ORIENTED_EDGE('',*,*,#2126,.F.);
#2919=ORIENTED_EDGE('',*,*,#2127,.F.);
#2920=ORIENTED_EDGE('',*,*,#2128,.F.);
#2921=ORIENTED_EDGE('',*,*,#2129,.F.);
#2922=ORIENTED_EDGE('',*,*,#2130,.F.);
#2923=ORIENTED_EDGE('',*,*,#2131,.F.);
#2924=ORIENTED_EDGE('',*,*,#2132,.F.);
#2925=ORIENTED_EDGE('',*,*,#2133,.F.);
#2926=ORIENTED_EDGE('',*,*,#2134,.F.);
#2927=ORIENTED_EDGE('',*,*,#2135,.F.);
#2928=ORIENTED_EDGE('',*,*,#2136,.F.);
#2929=ORIENTED_EDGE('',*,*,#2137,.F.);
#2930=ORIENTED_EDGE('',*,*,#2138,.F.);
#2931=ORIENTED_EDGE('',*,*,#2139,.F.);
#2932=ORIENTED_EDGE('',*,*,#2140,.F.);
#2933=ORIENTED_EDGE('',*,*,#2013,.T.);
#2934=ORIENTED_EDGE('',*,*,#2141,.T.);
#2935=ORIENTED_EDGE('',*,*,#2084,.T.);
#2936=ORIENTED_EDGE('',*,*,#2142,.T.);
#2937=ORIENTED_EDGE('',*,*,#2141,.F.);
#2938=ORIENTED_EDGE('',*,*,#2012,.F.);
#2939=ORIENTED_EDGE('',*,*,#2143,.F.);
#2940=ORIENTED_EDGE('',*,*,#2085,.T.);
#2941=ORIENTED_EDGE('',*,*,#2011,.T.);
#2942=ORIENTED_EDGE('',*,*,#2144,.T.);
#2943=ORIENTED_EDGE('',*,*,#2086,.T.);
#2944=ORIENTED_EDGE('',*,*,#2143,.T.);
#2945=ORIENTED_EDGE('',*,*,#2009,.T.);
#2946=ORIENTED_EDGE('',*,*,#2078,.T.);
#2947=ORIENTED_EDGE('',*,*,#2088,.T.);
#2948=ORIENTED_EDGE('',*,*,#2145,.T.);
#2949=ORIENTED_EDGE('',*,*,#2134,.T.);
#2950=ORIENTED_EDGE('',*,*,#2146,.T.);
#2951=ORIENTED_EDGE('',*,*,#2071,.F.);
#2952=ORIENTED_EDGE('',*,*,#2147,.F.);
#2953=ORIENTED_EDGE('',*,*,#2135,.T.);
#2954=ORIENTED_EDGE('',*,*,#2147,.T.);
#2955=ORIENTED_EDGE('',*,*,#2070,.F.);
#2956=ORIENTED_EDGE('',*,*,#2148,.F.);
#2957=ORIENTED_EDGE('',*,*,#2136,.T.);
#2958=ORIENTED_EDGE('',*,*,#2148,.T.);
#2959=ORIENTED_EDGE('',*,*,#2069,.F.);
#2960=ORIENTED_EDGE('',*,*,#2149,.F.);
#2961=ORIENTED_EDGE('',*,*,#2137,.T.);
#2962=ORIENTED_EDGE('',*,*,#2149,.T.);
#2963=ORIENTED_EDGE('',*,*,#2068,.F.);
#2964=ORIENTED_EDGE('',*,*,#2150,.F.);
#2965=ORIENTED_EDGE('',*,*,#2138,.T.);
#2966=ORIENTED_EDGE('',*,*,#2150,.T.);
#2967=ORIENTED_EDGE('',*,*,#2067,.F.);
#2968=ORIENTED_EDGE('',*,*,#2151,.F.);
#2969=ORIENTED_EDGE('',*,*,#2139,.T.);
#2970=ORIENTED_EDGE('',*,*,#2151,.T.);
#2971=ORIENTED_EDGE('',*,*,#2066,.F.);
#2972=ORIENTED_EDGE('',*,*,#2152,.F.);
#2973=ORIENTED_EDGE('',*,*,#2140,.T.);
#2974=ORIENTED_EDGE('',*,*,#2152,.T.);
#2975=ORIENTED_EDGE('',*,*,#2065,.F.);
#2976=ORIENTED_EDGE('',*,*,#2153,.F.);
#2977=ORIENTED_EDGE('',*,*,#2133,.T.);
#2978=ORIENTED_EDGE('',*,*,#2153,.T.);
#2979=ORIENTED_EDGE('',*,*,#2064,.F.);
#2980=ORIENTED_EDGE('',*,*,#2146,.F.);
#2981=ORIENTED_EDGE('',*,*,#2126,.T.);
#2982=ORIENTED_EDGE('',*,*,#2154,.T.);
#2983=ORIENTED_EDGE('',*,*,#2063,.F.);
#2984=ORIENTED_EDGE('',*,*,#2155,.F.);
#2985=ORIENTED_EDGE('',*,*,#2127,.T.);
#2986=ORIENTED_EDGE('',*,*,#2155,.T.);
#2987=ORIENTED_EDGE('',*,*,#2062,.F.);
#2988=ORIENTED_EDGE('',*,*,#2156,.F.);
#2989=ORIENTED_EDGE('',*,*,#2128,.T.);
#2990=ORIENTED_EDGE('',*,*,#2156,.T.);
#2991=ORIENTED_EDGE('',*,*,#2061,.F.);
#2992=ORIENTED_EDGE('',*,*,#2157,.F.);
#2993=ORIENTED_EDGE('',*,*,#2129,.T.);
#2994=ORIENTED_EDGE('',*,*,#2157,.T.);
#2995=ORIENTED_EDGE('',*,*,#2060,.F.);
#2996=ORIENTED_EDGE('',*,*,#2158,.F.);
#2997=ORIENTED_EDGE('',*,*,#2130,.T.);
#2998=ORIENTED_EDGE('',*,*,#2158,.T.);
#2999=ORIENTED_EDGE('',*,*,#2059,.F.);
#3000=ORIENTED_EDGE('',*,*,#2159,.F.);
#3001=ORIENTED_EDGE('',*,*,#2131,.T.);
#3002=ORIENTED_EDGE('',*,*,#2159,.T.);
#3003=ORIENTED_EDGE('',*,*,#2058,.F.);
#3004=ORIENTED_EDGE('',*,*,#2160,.F.);
#3005=ORIENTED_EDGE('',*,*,#2132,.T.);
#3006=ORIENTED_EDGE('',*,*,#2160,.T.);
#3007=ORIENTED_EDGE('',*,*,#2057,.F.);
#3008=ORIENTED_EDGE('',*,*,#2161,.F.);
#3009=ORIENTED_EDGE('',*,*,#2125,.T.);
#3010=ORIENTED_EDGE('',*,*,#2161,.T.);
#3011=ORIENTED_EDGE('',*,*,#2056,.F.);
#3012=ORIENTED_EDGE('',*,*,#2154,.F.);
#3013=ORIENTED_EDGE('',*,*,#2055,.F.);
#3014=ORIENTED_EDGE('',*,*,#2162,.T.);
#3015=ORIENTED_EDGE('',*,*,#2124,.T.);
#3016=ORIENTED_EDGE('',*,*,#2162,.F.);
#3017=ORIENTED_EDGE('',*,*,#2054,.F.);
#3018=ORIENTED_EDGE('',*,*,#2163,.T.);
#3019=ORIENTED_EDGE('',*,*,#2123,.T.);
#3020=ORIENTED_EDGE('',*,*,#2163,.F.);
#3021=ORIENTED_EDGE('',*,*,#2053,.F.);
#3022=ORIENTED_EDGE('',*,*,#2164,.T.);
#3023=ORIENTED_EDGE('',*,*,#2122,.T.);
#3024=ORIENTED_EDGE('',*,*,#2164,.F.);
#3025=ORIENTED_EDGE('',*,*,#2115,.T.);
#3026=ORIENTED_EDGE('',*,*,#2165,.T.);
#3027=ORIENTED_EDGE('',*,*,#2052,.F.);
#3028=ORIENTED_EDGE('',*,*,#2166,.F.);
#3029=ORIENTED_EDGE('',*,*,#2116,.T.);
#3030=ORIENTED_EDGE('',*,*,#2166,.T.);
#3031=ORIENTED_EDGE('',*,*,#2051,.F.);
#3032=ORIENTED_EDGE('',*,*,#2167,.F.);
#3033=ORIENTED_EDGE('',*,*,#2117,.T.);
#3034=ORIENTED_EDGE('',*,*,#2167,.T.);
#3035=ORIENTED_EDGE('',*,*,#2050,.F.);
#3036=ORIENTED_EDGE('',*,*,#2168,.F.);
#3037=ORIENTED_EDGE('',*,*,#2118,.T.);
#3038=ORIENTED_EDGE('',*,*,#2168,.T.);
#3039=ORIENTED_EDGE('',*,*,#2049,.F.);
#3040=ORIENTED_EDGE('',*,*,#2169,.F.);
#3041=ORIENTED_EDGE('',*,*,#2119,.T.);
#3042=ORIENTED_EDGE('',*,*,#2169,.T.);
#3043=ORIENTED_EDGE('',*,*,#2048,.F.);
#3044=ORIENTED_EDGE('',*,*,#2170,.F.);
#3045=ORIENTED_EDGE('',*,*,#2120,.T.);
#3046=ORIENTED_EDGE('',*,*,#2170,.T.);
#3047=ORIENTED_EDGE('',*,*,#2047,.F.);
#3048=ORIENTED_EDGE('',*,*,#2171,.F.);
#3049=ORIENTED_EDGE('',*,*,#2121,.T.);
#3050=ORIENTED_EDGE('',*,*,#2171,.T.);
#3051=ORIENTED_EDGE('',*,*,#2046,.F.);
#3052=ORIENTED_EDGE('',*,*,#2172,.F.);
#3053=ORIENTED_EDGE('',*,*,#2114,.T.);
#3054=ORIENTED_EDGE('',*,*,#2172,.T.);
#3055=ORIENTED_EDGE('',*,*,#2045,.F.);
#3056=ORIENTED_EDGE('',*,*,#2165,.F.);
#3057=ORIENTED_EDGE('',*,*,#2107,.T.);
#3058=ORIENTED_EDGE('',*,*,#2173,.T.);
#3059=ORIENTED_EDGE('',*,*,#2044,.F.);
#3060=ORIENTED_EDGE('',*,*,#2174,.F.);
#3061=ORIENTED_EDGE('',*,*,#2108,.T.);
#3062=ORIENTED_EDGE('',*,*,#2174,.T.);
#3063=ORIENTED_EDGE('',*,*,#2043,.F.);
#3064=ORIENTED_EDGE('',*,*,#2175,.F.);
#3065=ORIENTED_EDGE('',*,*,#2109,.T.);
#3066=ORIENTED_EDGE('',*,*,#2175,.T.);
#3067=ORIENTED_EDGE('',*,*,#2042,.F.);
#3068=ORIENTED_EDGE('',*,*,#2176,.F.);
#3069=ORIENTED_EDGE('',*,*,#2110,.T.);
#3070=ORIENTED_EDGE('',*,*,#2176,.T.);
#3071=ORIENTED_EDGE('',*,*,#2041,.F.);
#3072=ORIENTED_EDGE('',*,*,#2177,.F.);
#3073=ORIENTED_EDGE('',*,*,#2111,.T.);
#3074=ORIENTED_EDGE('',*,*,#2177,.T.);
#3075=ORIENTED_EDGE('',*,*,#2040,.F.);
#3076=ORIENTED_EDGE('',*,*,#2178,.F.);
#3077=ORIENTED_EDGE('',*,*,#2112,.T.);
#3078=ORIENTED_EDGE('',*,*,#2178,.T.);
#3079=ORIENTED_EDGE('',*,*,#2039,.F.);
#3080=ORIENTED_EDGE('',*,*,#2179,.F.);
#3081=ORIENTED_EDGE('',*,*,#2113,.T.);
#3082=ORIENTED_EDGE('',*,*,#2179,.T.);
#3083=ORIENTED_EDGE('',*,*,#2038,.F.);
#3084=ORIENTED_EDGE('',*,*,#2180,.F.);
#3085=ORIENTED_EDGE('',*,*,#2106,.T.);
#3086=ORIENTED_EDGE('',*,*,#2180,.T.);
#3087=ORIENTED_EDGE('',*,*,#2037,.F.);
#3088=ORIENTED_EDGE('',*,*,#2173,.F.);
#3089=ORIENTED_EDGE('',*,*,#2099,.T.);
#3090=ORIENTED_EDGE('',*,*,#2181,.T.);
#3091=ORIENTED_EDGE('',*,*,#2036,.F.);
#3092=ORIENTED_EDGE('',*,*,#2182,.F.);
#3093=ORIENTED_EDGE('',*,*,#2100,.T.);
#3094=ORIENTED_EDGE('',*,*,#2182,.T.);
#3095=ORIENTED_EDGE('',*,*,#2035,.F.);
#3096=ORIENTED_EDGE('',*,*,#2183,.F.);
#3097=ORIENTED_EDGE('',*,*,#2101,.T.);
#3098=ORIENTED_EDGE('',*,*,#2183,.T.);
#3099=ORIENTED_EDGE('',*,*,#2034,.F.);
#3100=ORIENTED_EDGE('',*,*,#2184,.F.);
#3101=ORIENTED_EDGE('',*,*,#2102,.T.);
#3102=ORIENTED_EDGE('',*,*,#2184,.T.);
#3103=ORIENTED_EDGE('',*,*,#2033,.F.);
#3104=ORIENTED_EDGE('',*,*,#2185,.F.);
#3105=ORIENTED_EDGE('',*,*,#2103,.T.);
#3106=ORIENTED_EDGE('',*,*,#2185,.T.);
#3107=ORIENTED_EDGE('',*,*,#2032,.F.);
#3108=ORIENTED_EDGE('',*,*,#2186,.F.);
#3109=ORIENTED_EDGE('',*,*,#2104,.T.);
#3110=ORIENTED_EDGE('',*,*,#2186,.T.);
#3111=ORIENTED_EDGE('',*,*,#2031,.F.);
#3112=ORIENTED_EDGE('',*,*,#2187,.F.);
#3113=ORIENTED_EDGE('',*,*,#2105,.T.);
#3114=ORIENTED_EDGE('',*,*,#2187,.T.);
#3115=ORIENTED_EDGE('',*,*,#2030,.F.);
#3116=ORIENTED_EDGE('',*,*,#2188,.F.);
#3117=ORIENTED_EDGE('',*,*,#2098,.T.);
#3118=ORIENTED_EDGE('',*,*,#2188,.T.);
#3119=ORIENTED_EDGE('',*,*,#2029,.F.);
#3120=ORIENTED_EDGE('',*,*,#2181,.F.);
#3121=ORIENTED_EDGE('',*,*,#2028,.F.);
#3122=ORIENTED_EDGE('',*,*,#2189,.T.);
#3123=ORIENTED_EDGE('',*,*,#2097,.T.);
#3124=ORIENTED_EDGE('',*,*,#2189,.F.);
#3125=ORIENTED_EDGE('',*,*,#2090,.T.);
#3126=ORIENTED_EDGE('',*,*,#2190,.T.);
#3127=ORIENTED_EDGE('',*,*,#2027,.F.);
#3128=ORIENTED_EDGE('',*,*,#2191,.F.);
#3129=ORIENTED_EDGE('',*,*,#2091,.T.);
#3130=ORIENTED_EDGE('',*,*,#2191,.T.);
#3131=ORIENTED_EDGE('',*,*,#2026,.F.);
#3132=ORIENTED_EDGE('',*,*,#2192,.F.);
#3133=ORIENTED_EDGE('',*,*,#2092,.T.);
#3134=ORIENTED_EDGE('',*,*,#2192,.T.);
#3135=ORIENTED_EDGE('',*,*,#2025,.F.);
#3136=ORIENTED_EDGE('',*,*,#2193,.F.);
#3137=ORIENTED_EDGE('',*,*,#2093,.T.);
#3138=ORIENTED_EDGE('',*,*,#2193,.T.);
#3139=ORIENTED_EDGE('',*,*,#2024,.F.);
#3140=ORIENTED_EDGE('',*,*,#2194,.F.);
#3141=ORIENTED_EDGE('',*,*,#2094,.T.);
#3142=ORIENTED_EDGE('',*,*,#2194,.T.);
#3143=ORIENTED_EDGE('',*,*,#2023,.F.);
#3144=ORIENTED_EDGE('',*,*,#2195,.F.);
#3145=ORIENTED_EDGE('',*,*,#2095,.T.);
#3146=ORIENTED_EDGE('',*,*,#2195,.T.);
#3147=ORIENTED_EDGE('',*,*,#2022,.F.);
#3148=ORIENTED_EDGE('',*,*,#2196,.F.);
#3149=ORIENTED_EDGE('',*,*,#2096,.T.);
#3150=ORIENTED_EDGE('',*,*,#2196,.T.);
#3151=ORIENTED_EDGE('',*,*,#2021,.F.);
#3152=ORIENTED_EDGE('',*,*,#2197,.F.);
#3153=ORIENTED_EDGE('',*,*,#2089,.T.);
#3154=ORIENTED_EDGE('',*,*,#2197,.T.);
#3155=ORIENTED_EDGE('',*,*,#2020,.F.);
#3156=ORIENTED_EDGE('',*,*,#2190,.F.);
#3157=ORIENTED_EDGE('',*,*,#2074,.F.);
#3158=ORIENTED_EDGE('',*,*,#2018,.F.);
#3159=ORIENTED_EDGE('',*,*,#2198,.F.);
#3160=ORIENTED_EDGE('',*,*,#2079,.F.);
#3161=ORIENTED_EDGE('',*,*,#2080,.T.);
#3162=ORIENTED_EDGE('',*,*,#2198,.T.);
#3163=ORIENTED_EDGE('',*,*,#2017,.F.);
#3164=ORIENTED_EDGE('',*,*,#2199,.F.);
#3165=ORIENTED_EDGE('',*,*,#2081,.T.);
#3166=ORIENTED_EDGE('',*,*,#2199,.T.);
#3167=ORIENTED_EDGE('',*,*,#2016,.F.);
#3168=ORIENTED_EDGE('',*,*,#2200,.F.);
#3169=ORIENTED_EDGE('',*,*,#2082,.T.);
#3170=ORIENTED_EDGE('',*,*,#2200,.T.);
#3171=ORIENTED_EDGE('',*,*,#2015,.F.);
#3172=ORIENTED_EDGE('',*,*,#2201,.F.);
#3173=ORIENTED_EDGE('',*,*,#2142,.F.);
#3174=ORIENTED_EDGE('',*,*,#2083,.T.);
#3175=ORIENTED_EDGE('',*,*,#2201,.T.);
#3176=ORIENTED_EDGE('',*,*,#2014,.F.);
#3177=ORIENTED_EDGE('',*,*,#2144,.F.);
#3178=ORIENTED_EDGE('',*,*,#2010,.F.);
#3179=ORIENTED_EDGE('',*,*,#2145,.F.);
#3180=ORIENTED_EDGE('',*,*,#2087,.T.);
#3181=ORIENTED_EDGE('',*,*,#1710,.T.);
#3182=ORIENTED_EDGE('',*,*,#1723,.T.);
#3183=ORIENTED_EDGE('',*,*,#1720,.T.);
#3184=ORIENTED_EDGE('',*,*,#1717,.T.);
#3185=ORIENTED_EDGE('',*,*,#1714,.T.);
#3186=B_SPLINE_SURFACE_WITH_KNOTS('',3,1,((#4343,#4344),(#4345,#4346),(#4347,
#4348),(#4349,#4350),(#4351,#4352)),.UNSPECIFIED.,.F.,.F.,.F.,(4,1,4),(2,
2),(0.,0.02373726530784,0.0468729009799232),(0.,0.02),.UNSPECIFIED.);
#3187=B_SPLINE_SURFACE_WITH_KNOTS('',3,1,((#4369,#4370),(#4371,#4372),(#4373,
#4374),(#4375,#4376),(#4377,#4378)),.UNSPECIFIED.,.F.,.F.,.F.,(4,1,4),(2,
2),(0.,0.0257515717467414,0.0517286200947217),(0.,0.02),.UNSPECIFIED.);
#3188=B_SPLINE_SURFACE_WITH_KNOTS('',3,1,((#4392,#4393),(#4394,#4395),(#4396,
#4397),(#4398,#4399),(#4400,#4401)),.UNSPECIFIED.,.F.,.F.,.F.,(4,1,4),(2,
2),(0.,0.0244511485530219,0.0439069278100851),(0.,0.02),.UNSPECIFIED.);
#3189=B_SPLINE_SURFACE_WITH_KNOTS('',3,1,((#4421,#4422),(#4423,#4424),(#4425,
#4426),(#4427,#4428),(#4429,#4430)),.UNSPECIFIED.,.F.,.F.,.F.,(4,1,4),(2,
2),(0.,0.0239660018578946,0.050174121584811),(0.,0.02),.UNSPECIFIED.);
#3190=B_SPLINE_SURFACE_WITH_KNOTS('',3,1,((#4441,#4442),(#4443,#4444),(#4445,
#4446),(#4447,#4448),(#4449,#4450)),.UNSPECIFIED.,.F.,.F.,.F.,(4,1,4),(2,
2),(0.,0.0189631186462206,0.0366718236202989),(0.,0.02),.UNSPECIFIED.);
#3191=B_SPLINE_SURFACE_WITH_KNOTS('',3,1,((#4467,#4468),(#4469,#4470),(#4471,
#4472),(#4473,#4474),(#4475,#4476)),.UNSPECIFIED.,.F.,.F.,.F.,(4,1,4),(2,
2),(0.,0.0249500404933153,0.0503652356544742),(0.,0.02),.UNSPECIFIED.);
#3192=B_SPLINE_SURFACE_WITH_KNOTS('',3,1,((#4490,#4491),(#4492,#4493),(#4494,
#4495),(#4496,#4497),(#4498,#4499)),.UNSPECIFIED.,.F.,.F.,.F.,(4,1,4),(2,
2),(0.,0.0321974636689984,0.0594057489561941),(0.,0.02),.UNSPECIFIED.);
#3193=B_SPLINE_SURFACE_WITH_KNOTS('',3,1,((#4519,#4520),(#4521,#4522),(#4523,
#4524),(#4525,#4526),(#4527,#4528)),.UNSPECIFIED.,.F.,.F.,.F.,(4,1,4),(2,
2),(0.,0.00409307243456593,0.00982501317268994),(0.,0.02),.UNSPECIFIED.);
#3194=B_SPLINE_SURFACE_WITH_KNOTS('',3,1,((#4542,#4543),(#4544,#4545),(#4546,
#4547),(#4548,#4549),(#4550,#4551)),.UNSPECIFIED.,.F.,.F.,.F.,(4,1,4),(2,
2),(0.,0.0412851767094973,0.0895648408389774),(0.,0.02),.UNSPECIFIED.);
#3195=B_SPLINE_SURFACE_WITH_KNOTS('',3,1,((#4565,#4566),(#4567,#4568),(#4569,
#4570),(#4571,#4572),(#4573,#4574)),.UNSPECIFIED.,.F.,.F.,.F.,(4,1,4),(2,
2),(0.,0.0402864005980434,0.078949988594921),(0.,0.02),.UNSPECIFIED.);
#3196=B_SPLINE_SURFACE_WITH_KNOTS('',3,1,((#4588,#4589),(#4590,#4591),(#4592,
#4593),(#4594,#4595),(#4596,#4597)),.UNSPECIFIED.,.F.,.F.,.F.,(4,1,4),(2,
2),(0.,0.0395980562373187,0.0811196176157953),(0.,0.02),.UNSPECIFIED.);
#3197=B_SPLINE_SURFACE_WITH_KNOTS('',3,1,((#4611,#4612),(#4613,#4614),(#4615,
#4616),(#4617,#4618),(#4619,#4620)),.UNSPECIFIED.,.F.,.F.,.F.,(4,1,4),(2,
2),(0.,0.0492130109715511,0.0913488083880492),(0.,0.02),.UNSPECIFIED.);
#3198=B_SPLINE_SURFACE_WITH_KNOTS('',3,1,((#4634,#4635),(#4636,#4637),(#4638,
#4639),(#4640,#4641),(#4642,#4643)),.UNSPECIFIED.,.F.,.F.,.F.,(4,1,4),(2,
2),(0.,0.041026723230701,0.0886340870293544),(0.,0.02),.UNSPECIFIED.);
#3199=B_SPLINE_SURFACE_WITH_KNOTS('',3,1,((#4657,#4658),(#4659,#4660),(#4661,
#4662),(#4663,#4664),(#4665,#4666)),.UNSPECIFIED.,.F.,.F.,.F.,(4,1,4),(2,
2),(0.,0.0433697369206314,0.0829362186972543),(0.,0.02),.UNSPECIFIED.);
#3200=B_SPLINE_SURFACE_WITH_KNOTS('',3,1,((#4680,#4681),(#4682,#4683),(#4684,
#4685),(#4686,#4687),(#4688,#4689)),.UNSPECIFIED.,.F.,.F.,.F.,(4,1,4),(2,
2),(0.,0.0309785661166585,0.0657662065005657),(0.,0.02),.UNSPECIFIED.);
#3201=B_SPLINE_SURFACE_WITH_KNOTS('',3,1,((#4703,#4704),(#4705,#4706),(#4707,
#4708),(#4709,#4710),(#4711,#4712)),.UNSPECIFIED.,.F.,.F.,.F.,(4,1,4),(2,
2),(0.,0.0322849983307749,0.0624774078991204),(0.,0.02),.UNSPECIFIED.);
#3202=B_SPLINE_SURFACE_WITH_KNOTS('',3,1,((#4732,#4733),(#4734,#4735),(#4736,
#4737),(#4738,#4739),(#4740,#4741)),.UNSPECIFIED.,.F.,.F.,.F.,(4,1,4),(2,
2),(0.,0.0188598407646672,0.0413051853886856),(0.,0.02),.UNSPECIFIED.);
#3203=B_SPLINE_SURFACE_WITH_KNOTS('',3,1,((#4828,#4829),(#4830,#4831),(#4832,
#4833),(#4834,#4835),(#4836,#4837)),.UNSPECIFIED.,.F.,.F.,.F.,(4,1,4),(2,
2),(0.,0.0133386428724362,0.0462075585527946),(0.,0.02),.UNSPECIFIED.);
#3204=B_SPLINE_SURFACE_WITH_KNOTS('',3,1,((#4904,#4905),(#4906,#4907),(#4908,
#4909),(#4910,#4911),(#4912,#4913)),.UNSPECIFIED.,.F.,.F.,.F.,(4,1,4),(2,
2),(0.,0.0257956576584471,0.0515495208600006),(0.,0.02),.UNSPECIFIED.);
#3205=B_SPLINE_SURFACE_WITH_KNOTS('',3,1,((#4930,#4931),(#4932,#4933),(#4934,
#4935),(#4936,#4937),(#4938,#4939)),.UNSPECIFIED.,.F.,.F.,.F.,(4,1,4),(2,
2),(0.,0.0257797097184964,0.051304870465843),(0.,0.02),.UNSPECIFIED.);
#3206=B_SPLINE_SURFACE_WITH_KNOTS('',3,1,((#4953,#4954),(#4955,#4956),(#4957,
#4958),(#4959,#4960),(#4961,#4962)),.UNSPECIFIED.,.F.,.F.,.F.,(4,1,4),(2,
2),(0.,0.035722712666973,0.0648250562163811),(0.,0.02),.UNSPECIFIED.);
#3207=B_SPLINE_SURFACE_WITH_KNOTS('',3,1,((#4976,#4977),(#4978,#4979),(#4980,
#4981),(#4982,#4983),(#4984,#4985)),.UNSPECIFIED.,.F.,.F.,.F.,(4,1,4),(2,
2),(0.,0.0296776106478934,0.0672498625956519),(0.,0.02),.UNSPECIFIED.);
#3208=B_SPLINE_SURFACE_WITH_KNOTS('',3,1,((#4999,#5000),(#5001,#5002),(#5003,
#5004),(#5005,#5006),(#5007,#5008)),.UNSPECIFIED.,.F.,.F.,.F.,(4,1,4),(2,
2),(0.,0.0256557221978055,0.0514614882232133),(0.,0.02),.UNSPECIFIED.);
#3209=B_SPLINE_SURFACE_WITH_KNOTS('',3,1,((#5022,#5023),(#5024,#5025),(#5026,
#5027),(#5028,#5029),(#5030,#5031)),.UNSPECIFIED.,.F.,.F.,.F.,(4,1,4),(2,
2),(0.,0.0258000496465487,0.0516009582414327),(0.,0.02),.UNSPECIFIED.);
#3210=B_SPLINE_SURFACE_WITH_KNOTS('',3,1,((#5045,#5046),(#5047,#5048),(#5049,
#5050),(#5051,#5052),(#5053,#5054)),.UNSPECIFIED.,.F.,.F.,.F.,(4,1,4),(2,
2),(0.,0.0367852416023662,0.0661680332236485),(0.,0.02),.UNSPECIFIED.);
#3211=B_SPLINE_SURFACE_WITH_KNOTS('',3,1,((#5068,#5069),(#5070,#5071),(#5072,
#5073),(#5074,#5075),(#5076,#5077)),.UNSPECIFIED.,.F.,.F.,.F.,(4,1,4),(2,
2),(0.,0.0293148558700167,0.0660747534264223),(0.,0.02),.UNSPECIFIED.);
#3212=B_SPLINE_SURFACE_WITH_KNOTS('',3,1,((#5088,#5089),(#5090,#5091),(#5092,
#5093),(#5094,#5095),(#5096,#5097)),.UNSPECIFIED.,.F.,.F.,.F.,(4,1,4),(2,
2),(0.,0.0419038035238163,0.0811303220376975),(0.,0.02),.UNSPECIFIED.);
#3213=B_SPLINE_SURFACE_WITH_KNOTS('',3,1,((#5114,#5115),(#5116,#5117),(#5118,
#5119),(#5120,#5121),(#5122,#5123)),.UNSPECIFIED.,.F.,.F.,.F.,(4,1,4),(2,
2),(0.,0.0270516409809415,0.054597919199391),(0.,0.02),.UNSPECIFIED.);
#3214=B_SPLINE_SURFACE_WITH_KNOTS('',3,1,((#5137,#5138),(#5139,#5140),(#5141,
#5142),(#5143,#5144),(#5145,#5146)),.UNSPECIFIED.,.F.,.F.,.F.,(4,1,4),(2,
2),(0.,0.0263613920970336,0.0528979652078555),(0.,0.02),.UNSPECIFIED.);
#3215=B_SPLINE_SURFACE_WITH_KNOTS('',3,1,((#5160,#5161),(#5162,#5163),(#5164,
#5165),(#5166,#5167),(#5168,#5169)),.UNSPECIFIED.,.F.,.F.,.F.,(4,1,4),(2,
2),(0.,0.037606270399178,0.0676490611944434),(0.,0.02),.UNSPECIFIED.);
#3216=B_SPLINE_SURFACE_WITH_KNOTS('',3,1,((#5183,#5184),(#5185,#5186),(#5187,
#5188),(#5189,#5190),(#5191,#5192)),.UNSPECIFIED.,.F.,.F.,.F.,(4,1,4),(2,
2),(0.,0.0409616104590999,0.0876775976427176),(0.,0.02),.UNSPECIFIED.);
#3217=B_SPLINE_SURFACE_WITH_KNOTS('',3,1,((#5206,#5207),(#5208,#5209),(#5210,
#5211),(#5212,#5213),(#5214,#5215)),.UNSPECIFIED.,.F.,.F.,.F.,(4,1,4),(2,
2),(0.,0.0413795340190762,0.0806701562465827),(0.,0.02),.UNSPECIFIED.);
#3218=B_SPLINE_SURFACE_WITH_KNOTS('',3,1,((#5229,#5230),(#5231,#5232),(#5233,
#5234),(#5235,#5236),(#5237,#5238)),.UNSPECIFIED.,.F.,.F.,.F.,(4,1,4),(2,
2),(0.,0.0359932537147115,0.0737235311861698),(0.,0.02),.UNSPECIFIED.);
#3219=B_SPLINE_SURFACE_WITH_KNOTS('',3,1,((#5252,#5253),(#5254,#5255),(#5256,
#5257),(#5258,#5259),(#5260,#5261)),.UNSPECIFIED.,.F.,.F.,.F.,(4,1,4),(2,
2),(0.,0.0532066197629198,0.0978624301692437),(0.,0.02),.UNSPECIFIED.);
#3220=B_SPLINE_SURFACE_WITH_KNOTS('',3,1,((#5275,#5276),(#5277,#5278),(#5279,
#5280),(#5281,#5282),(#5283,#5284)),.UNSPECIFIED.,.F.,.F.,.F.,(4,1,4),(2,
2),(0.,0.0414790276202761,0.0905871016666821),(0.,0.02),.UNSPECIFIED.);
#3221=B_SPLINE_SURFACE_WITH_KNOTS('',3,1,((#5357,#5358),(#5359,#5360),(#5361,
#5362),(#5363,#5364),(#5365,#5366)),.UNSPECIFIED.,.F.,.F.,.F.,(4,1,4),(2,
2),(0.,0.0153038410631813,0.0318120088739534),(0.,0.02),.UNSPECIFIED.);
#3222=B_SPLINE_SURFACE_WITH_KNOTS('',3,1,((#5383,#5384),(#5385,#5386),(#5387,
#5388),(#5389,#5390),(#5391,#5392)),.UNSPECIFIED.,.F.,.F.,.F.,(4,1,4),(2,
2),(0.,0.0189779915516181,0.0351834259168606),(0.,0.02),.UNSPECIFIED.);
#3223=B_SPLINE_SURFACE_WITH_KNOTS('',3,1,((#5406,#5407),(#5408,#5409),(#5410,
#5411),(#5412,#5413),(#5414,#5415)),.UNSPECIFIED.,.F.,.F.,.F.,(4,1,4),(2,
2),(0.,0.0324628789327692,0.0534979981299858),(0.,0.02),.UNSPECIFIED.);
#3224=B_SPLINE_SURFACE_WITH_KNOTS('',3,1,((#5447,#5448),(#5449,#5450),(#5451,
#5452),(#5453,#5454),(#5455,#5456)),.UNSPECIFIED.,.F.,.F.,.F.,(4,1,4),(2,
2),(0.,0.0260158424732575,0.0518037570633162),(0.,0.02),.UNSPECIFIED.);
#3225=B_SPLINE_SURFACE_WITH_KNOTS('',3,1,((#5470,#5471),(#5472,#5473),(#5474,
#5475),(#5476,#5477),(#5478,#5479)),.UNSPECIFIED.,.F.,.F.,.F.,(4,1,4),(2,
2),(0.,0.0259339183986022,0.0527642373103146),(0.,0.02),.UNSPECIFIED.);
#3226=B_SPLINE_SURFACE_WITH_KNOTS('',3,1,((#5511,#5512),(#5513,#5514),(#5515,
#5516),(#5517,#5518),(#5519,#5520)),.UNSPECIFIED.,.F.,.F.,.F.,(4,1,4),(2,
2),(0.,0.00401271077718488,0.00958132572403577),(0.,0.02),.UNSPECIFIED.);
#3227=B_SPLINE_SURFACE_WITH_KNOTS('',3,1,((#5534,#5535),(#5536,#5537),(#5538,
#5539),(#5540,#5541),(#5542,#5543)),.UNSPECIFIED.,.F.,.F.,.F.,(4,1,4),(2,
2),(0.,0.0106413257922866,0.0296645134592211),(0.,0.02),.UNSPECIFIED.);
#3228=B_SPLINE_SURFACE_WITH_KNOTS('',3,1,((#5557,#5558),(#5559,#5560),(#5561,
#5562),(#5563,#5564),(#5565,#5566)),.UNSPECIFIED.,.F.,.F.,.F.,(4,1,4),(2,
2),(0.,0.00830880177819159,0.0167786728905258),(0.,0.02),.UNSPECIFIED.);
#3229=B_SPLINE_SURFACE_WITH_KNOTS('',3,1,((#5580,#5581),(#5582,#5583),(#5584,
#5585),(#5586,#5587),(#5588,#5589)),.UNSPECIFIED.,.F.,.F.,.F.,(4,1,4),(2,
2),(0.,0.0110977326982604,0.0202242277238703),(0.,0.02),.UNSPECIFIED.);
#3230=B_SPLINE_SURFACE_WITH_KNOTS('',3,1,((#5603,#5604),(#5605,#5606),(#5607,
#5608),(#5609,#5610),(#5611,#5612)),.UNSPECIFIED.,.F.,.F.,.F.,(4,1,4),(2,
2),(0.,0.0115698887407437,0.0213755798351677),(0.,0.02),.UNSPECIFIED.);
#3231=B_SPLINE_SURFACE_WITH_KNOTS('',3,1,((#5632,#5633),(#5634,#5635),(#5636,
#5637),(#5638,#5639),(#5640,#5641)),.UNSPECIFIED.,.F.,.F.,.F.,(4,1,4),(2,
2),(0.,0.0113112214992322,0.0242427590980384),(0.,0.02),.UNSPECIFIED.);
#3232=ADVANCED_FACE('',(#241),#3186,.F.);
#3233=ADVANCED_FACE('',(#242),#3187,.F.);
#3234=ADVANCED_FACE('',(#243),#3188,.F.);
#3235=ADVANCED_FACE('',(#244),#145,.F.);
#3236=ADVANCED_FACE('',(#245),#3189,.F.);
#3237=ADVANCED_FACE('',(#246),#3190,.F.);
#3238=ADVANCED_FACE('',(#247),#3191,.F.);
#3239=ADVANCED_FACE('',(#248),#3192,.F.);
#3240=ADVANCED_FACE('',(#249),#146,.F.);
#3241=ADVANCED_FACE('',(#250),#3193,.F.);
#3242=ADVANCED_FACE('',(#251),#3194,.F.);
#3243=ADVANCED_FACE('',(#252),#3195,.F.);
#3244=ADVANCED_FACE('',(#253),#3196,.F.);
#3245=ADVANCED_FACE('',(#254),#3197,.F.);
#3246=ADVANCED_FACE('',(#255),#3198,.F.);
#3247=ADVANCED_FACE('',(#256),#3199,.F.);
#3248=ADVANCED_FACE('',(#257),#3200,.F.);
#3249=ADVANCED_FACE('',(#258),#3201,.F.);
#3250=ADVANCED_FACE('',(#259),#147,.F.);
#3251=ADVANCED_FACE('',(#260),#3202,.F.);
#3252=ADVANCED_FACE('',(#261,#114),#148,.T.);
#3253=ADVANCED_FACE('',(#262),#149,.F.);
#3254=ADVANCED_FACE('',(#263),#150,.F.);
#3255=ADVANCED_FACE('',(#264),#151,.F.);
#3256=ADVANCED_FACE('',(#265),#152,.F.);
#3257=ADVANCED_FACE('',(#266),#153,.F.);
#3258=ADVANCED_FACE('',(#267),#154,.F.);
#3259=ADVANCED_FACE('',(#268),#155,.F.);
#3260=ADVANCED_FACE('',(#269),#156,.F.);
#3261=ADVANCED_FACE('',(#270),#157,.F.);
#3262=ADVANCED_FACE('',(#271),#158,.F.);
#3263=ADVANCED_FACE('',(#272),#159,.F.);
#3264=ADVANCED_FACE('',(#273),#160,.F.);
#3265=ADVANCED_FACE('',(#274),#3203,.F.);
#3266=ADVANCED_FACE('',(#275),#161,.F.);
#3267=ADVANCED_FACE('',(#276),#162,.F.);
#3268=ADVANCED_FACE('',(#277),#163,.F.);
#3269=ADVANCED_FACE('',(#278),#164,.F.);
#3270=ADVANCED_FACE('',(#279),#165,.F.);
#3271=ADVANCED_FACE('',(#280),#166,.T.);
#3272=ADVANCED_FACE('',(#281),#167,.F.);
#3273=ADVANCED_FACE('',(#282),#168,.F.);
#3274=ADVANCED_FACE('',(#283),#169,.F.);
#3275=ADVANCED_FACE('',(#284),#170,.F.);
#3276=ADVANCED_FACE('',(#285),#171,.F.);
#3277=ADVANCED_FACE('',(#286),#3204,.F.);
#3278=ADVANCED_FACE('',(#287),#3205,.F.);
#3279=ADVANCED_FACE('',(#288),#3206,.F.);
#3280=ADVANCED_FACE('',(#289),#3207,.F.);
#3281=ADVANCED_FACE('',(#290),#3208,.F.);
#3282=ADVANCED_FACE('',(#291),#3209,.F.);
#3283=ADVANCED_FACE('',(#292),#3210,.F.);
#3284=ADVANCED_FACE('',(#293),#3211,.F.);
#3285=ADVANCED_FACE('',(#294),#3212,.F.);
#3286=ADVANCED_FACE('',(#295),#3213,.F.);
#3287=ADVANCED_FACE('',(#296),#3214,.F.);
#3288=ADVANCED_FACE('',(#297),#3215,.F.);
#3289=ADVANCED_FACE('',(#298),#3216,.F.);
#3290=ADVANCED_FACE('',(#299),#3217,.F.);
#3291=ADVANCED_FACE('',(#300),#3218,.F.);
#3292=ADVANCED_FACE('',(#301),#3219,.F.);
#3293=ADVANCED_FACE('',(#302),#3220,.F.);
#3294=ADVANCED_FACE('',(#303,#115),#172,.T.);
#3295=ADVANCED_FACE('',(#304),#173,.F.);
#3296=ADVANCED_FACE('',(#305),#174,.F.);
#3297=ADVANCED_FACE('',(#306),#175,.F.);
#3298=ADVANCED_FACE('',(#307),#176,.F.);
#3299=ADVANCED_FACE('',(#308),#177,.F.);
#3300=ADVANCED_FACE('',(#309),#178,.F.);
#3301=ADVANCED_FACE('',(#310),#179,.F.);
#3302=ADVANCED_FACE('',(#311),#180,.F.);
#3303=ADVANCED_FACE('',(#312),#181,.F.);
#3304=ADVANCED_FACE('',(#313),#182,.F.);
#3305=ADVANCED_FACE('',(#314),#183,.F.);
#3306=ADVANCED_FACE('',(#315),#3221,.F.);
#3307=ADVANCED_FACE('',(#316),#3222,.F.);
#3308=ADVANCED_FACE('',(#317),#3223,.F.);
#3309=ADVANCED_FACE('',(#318),#184,.F.);
#3310=ADVANCED_FACE('',(#319),#185,.F.);
#3311=ADVANCED_FACE('',(#320),#186,.F.);
#3312=ADVANCED_FACE('',(#321),#3224,.F.);
#3313=ADVANCED_FACE('',(#322),#3225,.F.);
#3314=ADVANCED_FACE('',(#323),#187,.F.);
#3315=ADVANCED_FACE('',(#324),#188,.F.);
#3316=ADVANCED_FACE('',(#325),#189,.F.);
#3317=ADVANCED_FACE('',(#326),#3226,.F.);
#3318=ADVANCED_FACE('',(#327),#3227,.F.);
#3319=ADVANCED_FACE('',(#328),#3228,.F.);
#3320=ADVANCED_FACE('',(#329),#3229,.F.);
#3321=ADVANCED_FACE('',(#330),#3230,.F.);
#3322=ADVANCED_FACE('',(#331),#190,.F.);
#3323=ADVANCED_FACE('',(#332),#3231,.F.);
#3324=ADVANCED_FACE('',(#333),#191,.T.);
#3325=ADVANCED_FACE('',(#334),#192,.F.);
#3326=ADVANCED_FACE('',(#335),#193,.F.);
#3327=ADVANCED_FACE('',(#336),#194,.F.);
#3328=ADVANCED_FACE('',(#337),#195,.F.);
#3329=ADVANCED_FACE('',(#338),#196,.F.);
#3330=ADVANCED_FACE('',(#339),#197,.F.);
#3331=ADVANCED_FACE('',(#340),#198,.F.);
#3332=ADVANCED_FACE('',(#341),#199,.F.);
#3333=ADVANCED_FACE('',(#342),#200,.F.);
#3334=ADVANCED_FACE('',(#343),#201,.F.);
#3335=ADVANCED_FACE('',(#344),#202,.F.);
#3336=ADVANCED_FACE('',(#345),#203,.F.);
#3337=ADVANCED_FACE('',(#346),#204,.F.);
#3338=ADVANCED_FACE('',(#347,#116,#117,#118,#119,#120,#121,#122,#123,#124,
#125,#126,#127,#128,#129,#130,#131,#132,#133),#205,.T.);
#3339=ADVANCED_FACE('',(#348),#206,.T.);
#3340=ADVANCED_FACE('',(#349),#15,.F.);
#3341=ADVANCED_FACE('',(#350),#16,.T.);
#3342=ADVANCED_FACE('',(#351),#207,.T.);
#3343=ADVANCED_FACE('',(#352,#134,#135,#136,#137,#138,#139,#140,#141,#142,
#143,#144),#208,.F.);
#3344=ADVANCED_FACE('',(#353),#17,.T.);
#3345=ADVANCED_FACE('',(#354),#209,.T.);
#3346=ADVANCED_FACE('',(#355),#18,.T.);
#3347=ADVANCED_FACE('',(#356),#19,.T.);
#3348=ADVANCED_FACE('',(#357),#210,.T.);
#3349=ADVANCED_FACE('',(#358),#20,.F.);
#3350=ADVANCED_FACE('',(#359),#211,.T.);
#3351=ADVANCED_FACE('',(#360),#21,.F.);
#3352=ADVANCED_FACE('',(#361),#212,.T.);
#3353=ADVANCED_FACE('',(#362),#22,.F.);
#3354=ADVANCED_FACE('',(#363),#213,.T.);
#3355=ADVANCED_FACE('',(#364),#23,.F.);
#3356=ADVANCED_FACE('',(#365),#214,.T.);
#3357=ADVANCED_FACE('',(#366),#24,.F.);
#3358=ADVANCED_FACE('',(#367),#215,.T.);
#3359=ADVANCED_FACE('',(#368),#25,.F.);
#3360=ADVANCED_FACE('',(#369),#216,.T.);
#3361=ADVANCED_FACE('',(#370),#26,.F.);
#3362=ADVANCED_FACE('',(#371),#217,.T.);
#3363=ADVANCED_FACE('',(#372),#27,.F.);
#3364=ADVANCED_FACE('',(#373),#28,.F.);
#3365=ADVANCED_FACE('',(#374),#29,.F.);
#3366=ADVANCED_FACE('',(#375),#30,.F.);
#3367=ADVANCED_FACE('',(#376),#218,.T.);
#3368=ADVANCED_FACE('',(#377),#31,.F.);
#3369=ADVANCED_FACE('',(#378),#219,.T.);
#3370=ADVANCED_FACE('',(#379),#32,.F.);
#3371=ADVANCED_FACE('',(#380),#220,.T.);
#3372=ADVANCED_FACE('',(#381),#33,.F.);
#3373=ADVANCED_FACE('',(#382),#221,.T.);
#3374=ADVANCED_FACE('',(#383),#34,.F.);
#3375=ADVANCED_FACE('',(#384),#222,.T.);
#3376=ADVANCED_FACE('',(#385),#35,.F.);
#3377=ADVANCED_FACE('',(#386),#223,.T.);
#3378=ADVANCED_FACE('',(#387),#36,.F.);
#3379=ADVANCED_FACE('',(#388),#224,.T.);
#3380=ADVANCED_FACE('',(#389),#37,.F.);
#3381=ADVANCED_FACE('',(#390),#225,.T.);
#3382=ADVANCED_FACE('',(#391),#38,.F.);
#3383=ADVANCED_FACE('',(#392),#226,.T.);
#3384=ADVANCED_FACE('',(#393),#39,.F.);
#3385=ADVANCED_FACE('',(#394),#227,.T.);
#3386=ADVANCED_FACE('',(#395),#40,.F.);
#3387=ADVANCED_FACE('',(#396),#228,.T.);
#3388=ADVANCED_FACE('',(#397),#41,.F.);
#3389=ADVANCED_FACE('',(#398),#229,.T.);
#3390=ADVANCED_FACE('',(#399),#42,.F.);
#3391=ADVANCED_FACE('',(#400),#43,.F.);
#3392=ADVANCED_FACE('',(#401),#230,.T.);
#3393=ADVANCED_FACE('',(#402),#44,.F.);
#3394=ADVANCED_FACE('',(#403),#231,.T.);
#3395=ADVANCED_FACE('',(#404),#45,.F.);
#3396=ADVANCED_FACE('',(#405),#232,.T.);
#3397=ADVANCED_FACE('',(#406),#46,.F.);
#3398=ADVANCED_FACE('',(#407),#233,.T.);
#3399=ADVANCED_FACE('',(#408),#47,.F.);
#3400=ADVANCED_FACE('',(#409),#234,.T.);
#3401=ADVANCED_FACE('',(#410),#235,.T.);
#3402=ADVANCED_FACE('',(#411),#236,.T.);
#3403=ADVANCED_FACE('',(#412),#237,.T.);
#3404=ADVANCED_FACE('',(#413),#238,.T.);
#3405=ADVANCED_FACE('',(#414),#239,.T.);
#3406=ADVANCED_FACE('',(#415),#240,.T.);
#3407=CLOSED_SHELL('',(#3232,#3233,#3234,#3235,#3236,#3237,#3238,#3239,
#3240,#3241,#3242,#3243,#3244,#3245,#3246,#3247,#3248,#3249,#3250,#3251,
#3252,#3253,#3254,#3255,#3256,#3257,#3258,#3259,#3260,#3261,#3262,#3263,
#3264,#3265,#3266,#3267,#3268,#3269,#3270,#3271,#3272,#3273,#3274,#3275,
#3276,#3277,#3278,#3279,#3280,#3281,#3282,#3283,#3284,#3285,#3286,#3287,
#3288,#3289,#3290,#3291,#3292,#3293,#3294,#3295,#3296,#3297,#3298,#3299,
#3300,#3301,#3302,#3303,#3304,#3305,#3306,#3307,#3308,#3309,#3310,#3311,
#3312,#3313,#3314,#3315,#3316,#3317,#3318,#3319,#3320,#3321,#3322,#3323,
#3324,#3325,#3326,#3327,#3328,#3329,#3330,#3331,#3332,#3333,#3334,#3335,
#3336,#3337,#3338,#3339,#3340,#3341,#3342,#3343,#3344,#3345,#3346,#3347,
#3348,#3349,#3350,#3351,#3352,#3353,#3354,#3355,#3356,#3357,#3358,#3359,
#3360,#3361,#3362,#3363,#3364,#3365,#3366,#3367,#3368,#3369,#3370,#3371,
#3372,#3373,#3374,#3375,#3376,#3377,#3378,#3379,#3380,#3381,#3382,#3383,
#3384,#3385,#3386,#3387,#3388,#3389,#3390,#3391,#3392,#3393,#3394,#3395,
#3396,#3397,#3398,#3399,#3400,#3401,#3402,#3403,#3404,#3405,#3406));
#3408=DERIVED_UNIT_ELEMENT(#3410,1.);
#3409=DERIVED_UNIT_ELEMENT(#6125,-3.);
#3410=(
MASS_UNIT()
NAMED_UNIT(*)
SI_UNIT(.KILO.,.GRAM.)
);
#3411=DERIVED_UNIT((#3408,#3409));
#3412=MEASURE_REPRESENTATION_ITEM('density measure',
POSITIVE_RATIO_MEASURE(7850.),#3411);
#3413=PROPERTY_DEFINITION_REPRESENTATION(#3418,#3415);
#3414=PROPERTY_DEFINITION_REPRESENTATION(#3419,#3416);
#3415=REPRESENTATION('material name',(#3417),#6122);
#3416=REPRESENTATION('density',(#3412),#6122);
#3417=DESCRIPTIVE_REPRESENTATION_ITEM('A\X\E7o','A\X\E7o');
#3418=PROPERTY_DEFINITION('material property','material name',#6132);
#3419=PROPERTY_DEFINITION('material property','density of part',#6132);
#3420=AXIS2_PLACEMENT_3D('',#4342,#3616,#3617);
#3421=AXIS2_PLACEMENT_3D('',#4415,#3622,#3623);
#3422=AXIS2_PLACEMENT_3D('',#4513,#3631,#3632);
#3423=AXIS2_PLACEMENT_3D('',#4726,#3645,#3646);
#3424=AXIS2_PLACEMENT_3D('',#4752,#3650,#3651);
#3425=AXIS2_PLACEMENT_3D('',#4753,#3652,#3653);
#3426=AXIS2_PLACEMENT_3D('',#4762,#3658,#3659);
#3427=AXIS2_PLACEMENT_3D('',#4768,#3663,#3664);
#3428=AXIS2_PLACEMENT_3D('',#4774,#3668,#3669);
#3429=AXIS2_PLACEMENT_3D('',#4780,#3673,#3674);
#3430=AXIS2_PLACEMENT_3D('',#4786,#3678,#3679);
#3431=AXIS2_PLACEMENT_3D('',#4792,#3683,#3684);
#3432=AXIS2_PLACEMENT_3D('',#4798,#3688,#3689);
#3433=AXIS2_PLACEMENT_3D('',#4804,#3693,#3694);
#3434=AXIS2_PLACEMENT_3D('',#4810,#3698,#3699);
#3435=AXIS2_PLACEMENT_3D('',#4816,#3703,#3704);
#3436=AXIS2_PLACEMENT_3D('',#4822,#3708,#3709);
#3437=AXIS2_PLACEMENT_3D('',#4851,#3714,#3715);
#3438=AXIS2_PLACEMENT_3D('',#4857,#3719,#3720);
#3439=AXIS2_PLACEMENT_3D('',#4863,#3724,#3725);
#3440=AXIS2_PLACEMENT_3D('',#4869,#3729,#3730);
#3441=AXIS2_PLACEMENT_3D('',#4875,#3734,#3735);
#3442=AXIS2_PLACEMENT_3D('',#4878,#3738,#3739);
#3443=AXIS2_PLACEMENT_3D('',#4879,#3740,#3741);
#3444=AXIS2_PLACEMENT_3D('',#4888,#3746,#3747);
#3445=AXIS2_PLACEMENT_3D('',#4894,#3751,#3752);
#3446=AXIS2_PLACEMENT_3D('',#4900,#3756,#3757);
#3447=AXIS2_PLACEMENT_3D('',#4903,#3760,#3761);
#3448=AXIS2_PLACEMENT_3D('',#5295,#3779,#3780);
#3449=AXIS2_PLACEMENT_3D('',#5296,#3781,#3782);
#3450=AXIS2_PLACEMENT_3D('',#5305,#3787,#3788);
#3451=AXIS2_PLACEMENT_3D('',#5311,#3792,#3793);
#3452=AXIS2_PLACEMENT_3D('',#5317,#3797,#3798);
#3453=AXIS2_PLACEMENT_3D('',#5323,#3802,#3803);
#3454=AXIS2_PLACEMENT_3D('',#5329,#3807,#3808);
#3455=AXIS2_PLACEMENT_3D('',#5335,#3812,#3813);
#3456=AXIS2_PLACEMENT_3D('',#5341,#3817,#3818);
#3457=AXIS2_PLACEMENT_3D('',#5347,#3822,#3823);
#3458=AXIS2_PLACEMENT_3D('',#5353,#3827,#3828);
#3459=AXIS2_PLACEMENT_3D('',#5356,#3831,#3832);
#3460=AXIS2_PLACEMENT_3D('',#5429,#3837,#3838);
#3461=AXIS2_PLACEMENT_3D('',#5435,#3842,#3843);
#3462=AXIS2_PLACEMENT_3D('',#5441,#3847,#3848);
#3463=AXIS2_PLACEMENT_3D('',#5493,#3854,#3855);
#3464=AXIS2_PLACEMENT_3D('',#5499,#3859,#3860);
#3465=AXIS2_PLACEMENT_3D('',#5505,#3864,#3865);
#3466=AXIS2_PLACEMENT_3D('',#5626,#3874,#3875);
#3467=AXIS2_PLACEMENT_3D('',#5652,#3879,#3880);
#3468=AXIS2_PLACEMENT_3D('',#5653,#3881,#3882);
#3469=AXIS2_PLACEMENT_3D('',#5662,#3887,#3888);
#3470=AXIS2_PLACEMENT_3D('',#5668,#3892,#3893);
#3471=AXIS2_PLACEMENT_3D('',#5674,#3897,#3898);
#3472=AXIS2_PLACEMENT_3D('',#5680,#3902,#3903);
#3473=AXIS2_PLACEMENT_3D('',#5686,#3907,#3908);
#3474=AXIS2_PLACEMENT_3D('',#5692,#3912,#3913);
#3475=AXIS2_PLACEMENT_3D('',#5698,#3917,#3918);
#3476=AXIS2_PLACEMENT_3D('',#5704,#3922,#3923);
#3477=AXIS2_PLACEMENT_3D('',#5710,#3927,#3928);
#3478=AXIS2_PLACEMENT_3D('',#5716,#3932,#3933);
#3479=AXIS2_PLACEMENT_3D('',#5722,#3937,#3938);
#3480=AXIS2_PLACEMENT_3D('',#5725,#3941,#3942);
#3481=AXIS2_PLACEMENT_3D('',#5726,#3943,#3944);
#3482=AXIS2_PLACEMENT_3D('',#5729,#3945,#3946);
#3483=AXIS2_PLACEMENT_3D('',#5733,#3948,#3949);
#3484=AXIS2_PLACEMENT_3D('',#5737,#3951,#3952);
#3485=AXIS2_PLACEMENT_3D('',#5741,#3954,#3955);
#3486=AXIS2_PLACEMENT_3D('',#5752,#3961,#3962);
#3487=AXIS2_PLACEMENT_3D('',#5755,#3963,#3964);
#3488=AXIS2_PLACEMENT_3D('',#5759,#3966,#3967);
#3489=AXIS2_PLACEMENT_3D('',#5763,#3969,#3970);
#3490=AXIS2_PLACEMENT_3D('',#5767,#3972,#3973);
#3491=AXIS2_PLACEMENT_3D('',#5770,#3975,#3976);
#3492=AXIS2_PLACEMENT_3D('',#5773,#3977,#3978);
#3493=AXIS2_PLACEMENT_3D('',#5777,#3980,#3981);
#3494=AXIS2_PLACEMENT_3D('',#5781,#3983,#3984);
#3495=AXIS2_PLACEMENT_3D('',#5785,#3986,#3987);
#3496=AXIS2_PLACEMENT_3D('',#5789,#3989,#3990);
#3497=AXIS2_PLACEMENT_3D('',#5793,#3992,#3993);
#3498=AXIS2_PLACEMENT_3D('',#5797,#3995,#3996);
#3499=AXIS2_PLACEMENT_3D('',#5801,#3998,#3999);
#3500=AXIS2_PLACEMENT_3D('',#5805,#4001,#4002);
#3501=AXIS2_PLACEMENT_3D('',#5809,#4004,#4005);
#3502=AXIS2_PLACEMENT_3D('',#5813,#4007,#4008);
#3503=AXIS2_PLACEMENT_3D('',#5817,#4010,#4011);
#3504=AXIS2_PLACEMENT_3D('',#5820,#4013,#4014);
#3505=AXIS2_PLACEMENT_3D('',#5822,#4015,#4016);
#3506=AXIS2_PLACEMENT_3D('',#5824,#4017,#4018);
#3507=AXIS2_PLACEMENT_3D('',#5827,#4019,#4020);
#3508=AXIS2_PLACEMENT_3D('',#5831,#4022,#4023);
#3509=AXIS2_PLACEMENT_3D('',#5835,#4025,#4026);
#3510=AXIS2_PLACEMENT_3D('',#5839,#4028,#4029);
#3511=AXIS2_PLACEMENT_3D('',#5843,#4031,#4032);
#3512=AXIS2_PLACEMENT_3D('',#5847,#4034,#4035);
#3513=AXIS2_PLACEMENT_3D('',#5851,#4037,#4038);
#3514=AXIS2_PLACEMENT_3D('',#5855,#4040,#4041);
#3515=AXIS2_PLACEMENT_3D('',#5857,#4043,#4044);
#3516=AXIS2_PLACEMENT_3D('',#5858,#4045,#4046);
#3517=AXIS2_PLACEMENT_3D('',#5861,#4048,#4049);
#3518=AXIS2_PLACEMENT_3D('',#5862,#4050,#4051);
#3519=AXIS2_PLACEMENT_3D('',#5866,#4053,#4054);
#3520=AXIS2_PLACEMENT_3D('',#5868,#4056,#4057);
#3521=AXIS2_PLACEMENT_3D('',#5872,#4060,#4061);
#3522=AXIS2_PLACEMENT_3D('',#5884,#4067,#4068);
#3523=AXIS2_PLACEMENT_3D('',#5888,#4070,#4071);
#3524=AXIS2_PLACEMENT_3D('',#5891,#4073,#4074);
#3525=AXIS2_PLACEMENT_3D('',#5894,#4075,#4076);
#3526=AXIS2_PLACEMENT_3D('',#5898,#4078,#4079);
#3527=AXIS2_PLACEMENT_3D('',#5902,#4081,#4082);
#3528=AXIS2_PLACEMENT_3D('',#5906,#4084,#4085);
#3529=AXIS2_PLACEMENT_3D('',#5909,#4087,#4088);
#3530=AXIS2_PLACEMENT_3D('',#5912,#4089,#4090);
#3531=AXIS2_PLACEMENT_3D('',#5916,#4092,#4093);
#3532=AXIS2_PLACEMENT_3D('',#5920,#4095,#4096);
#3533=AXIS2_PLACEMENT_3D('',#5924,#4098,#4099);
#3534=AXIS2_PLACEMENT_3D('',#5928,#4101,#4102);
#3535=AXIS2_PLACEMENT_3D('',#5932,#4104,#4105);
#3536=AXIS2_PLACEMENT_3D('',#5936,#4107,#4108);
#3537=AXIS2_PLACEMENT_3D('',#5940,#4110,#4111);
#3538=AXIS2_PLACEMENT_3D('',#5944,#4113,#4114);
#3539=AXIS2_PLACEMENT_3D('',#5948,#4116,#4117);
#3540=AXIS2_PLACEMENT_3D('',#5952,#4119,#4120);
#3541=AXIS2_PLACEMENT_3D('',#5956,#4122,#4123);
#3542=AXIS2_PLACEMENT_3D('',#5959,#4125,#4126);
#3543=AXIS2_PLACEMENT_3D('',#5961,#4127,#4128);
#3544=AXIS2_PLACEMENT_3D('',#5963,#4129,#4130);
#3545=AXIS2_PLACEMENT_3D('',#5966,#4131,#4132);
#3546=AXIS2_PLACEMENT_3D('',#5970,#4134,#4135);
#3547=AXIS2_PLACEMENT_3D('',#5974,#4137,#4138);
#3548=AXIS2_PLACEMENT_3D('',#5978,#4140,#4141);
#3549=AXIS2_PLACEMENT_3D('',#5982,#4143,#4144);
#3550=AXIS2_PLACEMENT_3D('',#5986,#4146,#4147);
#3551=AXIS2_PLACEMENT_3D('',#5990,#4149,#4150);
#3552=AXIS2_PLACEMENT_3D('',#5994,#4152,#4153);
#3553=AXIS2_PLACEMENT_3D('',#5996,#4155,#4156);
#3554=AXIS2_PLACEMENT_3D('',#5999,#4159,#4160);
#3555=AXIS2_PLACEMENT_3D('',#6001,#4162,#4163);
#3556=AXIS2_PLACEMENT_3D('',#6003,#4165,#4166);
#3557=AXIS2_PLACEMENT_3D('',#6005,#4168,#4169);
#3558=AXIS2_PLACEMENT_3D('',#6008,#4172,#4173);
#3559=AXIS2_PLACEMENT_3D('',#6010,#4175,#4176);
#3560=AXIS2_PLACEMENT_3D('',#6012,#4178,#4179);
#3561=AXIS2_PLACEMENT_3D('',#6014,#4181,#4182);
#3562=AXIS2_PLACEMENT_3D('',#6016,#4184,#4185);
#3563=AXIS2_PLACEMENT_3D('',#6018,#4187,#4188);
#3564=AXIS2_PLACEMENT_3D('',#6020,#4190,#4191);
#3565=AXIS2_PLACEMENT_3D('',#6021,#4192,#4193);
#3566=AXIS2_PLACEMENT_3D('',#6024,#4196,#4197);
#3567=AXIS2_PLACEMENT_3D('',#6026,#4199,#4200);
#3568=AXIS2_PLACEMENT_3D('',#6028,#4202,#4203);
#3569=AXIS2_PLACEMENT_3D('',#6030,#4205,#4206);
#3570=AXIS2_PLACEMENT_3D('',#6032,#4208,#4209);
#3571=AXIS2_PLACEMENT_3D('',#6034,#4211,#4212);
#3572=AXIS2_PLACEMENT_3D('',#6036,#4214,#4215);
#3573=AXIS2_PLACEMENT_3D('',#6037,#4216,#4217);
#3574=AXIS2_PLACEMENT_3D('',#6039,#4219,#4220);
#3575=AXIS2_PLACEMENT_3D('',#6041,#4222,#4223);
#3576=AXIS2_PLACEMENT_3D('',#6043,#4225,#4226);
#3577=AXIS2_PLACEMENT_3D('',#6046,#4229,#4230);
#3578=AXIS2_PLACEMENT_3D('',#6048,#4232,#4233);
#3579=AXIS2_PLACEMENT_3D('',#6050,#4235,#4236);
#3580=AXIS2_PLACEMENT_3D('',#6052,#4238,#4239);
#3581=AXIS2_PLACEMENT_3D('',#6054,#4241,#4242);
#3582=AXIS2_PLACEMENT_3D('',#6056,#4244,#4245);
#3583=AXIS2_PLACEMENT_3D('',#6058,#4247,#4248);
#3584=AXIS2_PLACEMENT_3D('',#6059,#4249,#4250);
#3585=AXIS2_PLACEMENT_3D('',#6062,#4253,#4254);
#3586=AXIS2_PLACEMENT_3D('',#6064,#4256,#4257);
#3587=AXIS2_PLACEMENT_3D('',#6066,#4259,#4260);
#3588=AXIS2_PLACEMENT_3D('',#6068,#4262,#4263);
#3589=AXIS2_PLACEMENT_3D('',#6070,#4265,#4266);
#3590=AXIS2_PLACEMENT_3D('',#6072,#4268,#4269);
#3591=AXIS2_PLACEMENT_3D('',#6074,#4271,#4272);
#3592=AXIS2_PLACEMENT_3D('',#6075,#4273,#4274);
#3593=AXIS2_PLACEMENT_3D('',#6078,#4277,#4278);
#3594=AXIS2_PLACEMENT_3D('',#6080,#4280,#4281);
#3595=AXIS2_PLACEMENT_3D('',#6082,#4283,#4284);
#3596=AXIS2_PLACEMENT_3D('',#6084,#4286,#4287);
#3597=AXIS2_PLACEMENT_3D('',#6086,#4289,#4290);
#3598=AXIS2_PLACEMENT_3D('',#6088,#4292,#4293);
#3599=AXIS2_PLACEMENT_3D('',#6090,#4295,#4296);
#3600=AXIS2_PLACEMENT_3D('',#6091,#4297,#4298);
#3601=AXIS2_PLACEMENT_3D('',#6093,#4300,#4301);
#3602=AXIS2_PLACEMENT_3D('',#6096,#4304,#4305);
#3603=AXIS2_PLACEMENT_3D('',#6098,#4307,#4308);
#3604=AXIS2_PLACEMENT_3D('',#6100,#4310,#4311);
#3605=AXIS2_PLACEMENT_3D('',#6102,#4313,#4314);
#3606=AXIS2_PLACEMENT_3D('',#6104,#4316,#4317);
#3607=AXIS2_PLACEMENT_3D('',#6106,#4319,#4320);
#3608=AXIS2_PLACEMENT_3D('',#6108,#4322,#4323);
#3609=AXIS2_PLACEMENT_3D('',#6109,#4324,#4325);
#3610=AXIS2_PLACEMENT_3D('',#6111,#4327,#4328);
#3611=AXIS2_PLACEMENT_3D('',#6113,#4330,#4331);
#3612=AXIS2_PLACEMENT_3D('',#6115,#4333,#4334);
#3613=AXIS2_PLACEMENT_3D('',#6117,#4336,#4337);
#3614=AXIS2_PLACEMENT_3D('',#6118,#4338,#4339);
#3615=AXIS2_PLACEMENT_3D('',#6119,#4340,#4341);
#3616=DIRECTION('axis',(0.,0.,1.));
#3617=DIRECTION('refdir',(1.,0.,0.));
#3618=DIRECTION('',(0.,0.,-1.));
#3619=DIRECTION('',(0.,0.,-1.));
#3620=DIRECTION('',(0.,0.,-1.));
#3621=DIRECTION('',(0.,0.,-1.));
#3622=DIRECTION('center_axis',(0.,1.,0.));
#3623=DIRECTION('ref_axis',(1.,0.,0.));
#3624=DIRECTION('',(1.,0.,0.));
#3625=DIRECTION('',(0.,0.,-1.));
#3626=DIRECTION('',(1.,0.,0.));
#3627=DIRECTION('',(0.,0.,-1.));
#3628=DIRECTION('',(0.,0.,-1.));
#3629=DIRECTION('',(0.,0.,-1.));
#3630=DIRECTION('',(0.,0.,-1.));
#3631=DIRECTION('center_axis',(0.,-1.,0.));
#3632=DIRECTION('ref_axis',(-1.,0.,0.));
#3633=DIRECTION('',(-1.,0.,0.));
#3634=DIRECTION('',(0.,0.,-1.));
#3635=DIRECTION('',(-1.,0.,0.));
#3636=DIRECTION('',(0.,0.,-1.));
#3637=DIRECTION('',(0.,0.,-1.));
#3638=DIRECTION('',(0.,0.,-1.));
#3639=DIRECTION('',(0.,0.,-1.));
#3640=DIRECTION('',(0.,0.,-1.));
#3641=DIRECTION('',(0.,0.,-1.));
#3642=DIRECTION('',(0.,0.,-1.));
#3643=DIRECTION('',(0.,0.,-1.));
#3644=DIRECTION('',(0.,0.,-1.));
#3645=DIRECTION('center_axis',(0.122721896388946,0.992441099585613,0.));
#3646=DIRECTION('ref_axis',(0.992441099585613,-0.122721896388946,0.));
#3647=DIRECTION('',(0.992441099585613,-0.122721896388946,0.));
#3648=DIRECTION('',(0.,0.,-1.));
#3649=DIRECTION('',(0.992441099585613,-0.122721896388946,0.));
#3650=DIRECTION('center_axis',(0.,0.,1.));
#3651=DIRECTION('ref_axis',(-1.,0.,0.));
#3652=DIRECTION('center_axis',(0.967074512699942,-0.254493392617903,0.));
#3653=DIRECTION('ref_axis',(-0.254493392617903,-0.967074512699942,0.));
#3654=DIRECTION('',(-0.254493392617903,-0.967074512699942,0.));
#3655=DIRECTION('',(0.,0.,-1.));
#3656=DIRECTION('',(-0.254493392617903,-0.967074512699942,0.));
#3657=DIRECTION('',(0.,0.,-1.));
#3658=DIRECTION('center_axis',(-0.975291335612864,-0.220922635052353,0.));
#3659=DIRECTION('ref_axis',(-0.220922635052353,0.975291335612864,0.));
#3660=DIRECTION('',(-0.220922635052353,0.975291335612864,0.));
#3661=DIRECTION('',(0.,0.,-1.));
#3662=DIRECTION('',(-0.220922635052353,0.975291335612864,0.));
#3663=DIRECTION('center_axis',(-0.966461511211021,-0.256811501587664,0.));
#3664=DIRECTION('ref_axis',(-0.256811501587664,0.966461511211021,0.));
#3665=DIRECTION('',(-0.256811501587664,0.966461511211021,0.));
#3666=DIRECTION('',(0.,0.,-1.));
#3667=DIRECTION('',(-0.256811501587664,0.966461511211021,0.));
#3668=DIRECTION('center_axis',(0.,-1.,0.));
#3669=DIRECTION('ref_axis',(-1.,0.,0.));
#3670=DIRECTION('',(-1.,0.,0.));
#3671=DIRECTION('',(0.,0.,-1.));
#3672=DIRECTION('',(-1.,0.,0.));
#3673=DIRECTION('center_axis',(0.954447960392395,-0.298377430283856,0.));
#3674=DIRECTION('ref_axis',(-0.298377430283856,-0.954447960392395,0.));
#3675=DIRECTION('',(-0.298377430283856,-0.954447960392395,0.));
#3676=DIRECTION('',(0.,0.,-1.));
#3677=DIRECTION('',(-0.298377430283856,-0.954447960392395,0.));
#3678=DIRECTION('center_axis',(0.,1.,0.));
#3679=DIRECTION('ref_axis',(1.,0.,0.));
#3680=DIRECTION('',(1.,0.,0.));
#3681=DIRECTION('',(0.,0.,-1.));
#3682=DIRECTION('',(1.,0.,0.));
#3683=DIRECTION('center_axis',(-0.958766594191977,0.284194683028233,0.));
#3684=DIRECTION('ref_axis',(0.284194683028233,0.958766594191977,0.));
#3685=DIRECTION('',(0.284194683028233,0.958766594191977,0.));
#3686=DIRECTION('',(0.,0.,-1.));
#3687=DIRECTION('',(0.284194683028233,0.958766594191977,0.));
#3688=DIRECTION('center_axis',(-0.958467747727345,0.285200940683005,0.));
#3689=DIRECTION('ref_axis',(0.285200940683005,0.958467747727345,0.));
#3690=DIRECTION('',(0.285200940683005,0.958467747727345,0.));
#3691=DIRECTION('',(0.,0.,-1.));
#3692=DIRECTION('',(0.285200940683005,0.958467747727345,0.));
#3693=DIRECTION('center_axis',(0.967566286769841,0.252617261299425,0.));
#3694=DIRECTION('ref_axis',(0.252617261299425,-0.967566286769841,0.));
#3695=DIRECTION('',(0.252617261299425,-0.967566286769841,0.));
#3696=DIRECTION('',(0.,0.,-1.));
#3697=DIRECTION('',(0.252617261299425,-0.967566286769841,0.));
#3698=DIRECTION('center_axis',(0.968265166112581,0.249925124973411,0.));
#3699=DIRECTION('ref_axis',(0.249925124973411,-0.968265166112581,0.));
#3700=DIRECTION('',(0.249925124973411,-0.968265166112581,0.));
#3701=DIRECTION('',(0.,0.,-1.));
#3702=DIRECTION('',(0.249925124973411,-0.968265166112581,0.));
#3703=DIRECTION('center_axis',(0.,1.,0.));
#3704=DIRECTION('ref_axis',(1.,0.,0.));
#3705=DIRECTION('',(1.,0.,0.));
#3706=DIRECTION('',(0.,0.,-1.));
#3707=DIRECTION('',(1.,0.,0.));
#3708=DIRECTION('center_axis',(-0.965013962972498,0.262198495930306,0.));
#3709=DIRECTION('ref_axis',(0.262198495930306,0.965013962972498,0.));
#3710=DIRECTION('',(0.262198495930306,0.965013962972498,0.));
#3711=DIRECTION('',(0.,0.,-1.));
#3712=DIRECTION('',(0.262198495930306,0.965013962972498,0.));
#3713=DIRECTION('',(0.,0.,-1.));
#3714=DIRECTION('center_axis',(0.963880287732098,0.266335861125549,0.));
#3715=DIRECTION('ref_axis',(0.266335861125549,-0.963880287732098,0.));
#3716=DIRECTION('',(0.266335861125549,-0.963880287732098,0.));
#3717=DIRECTION('',(0.,0.,-1.));
#3718=DIRECTION('',(0.266335861125549,-0.963880287732098,0.));
#3719=DIRECTION('center_axis',(0.964034498987743,0.265777133631641,0.));
#3720=DIRECTION('ref_axis',(0.265777133631641,-0.964034498987743,0.));
#3721=DIRECTION('',(0.265777133631641,-0.964034498987743,0.));
#3722=DIRECTION('',(0.,0.,-1.));
#3723=DIRECTION('',(0.265777133631641,-0.964034498987743,0.));
#3724=DIRECTION('center_axis',(0.,1.,0.));
#3725=DIRECTION('ref_axis',(1.,0.,0.));
#3726=DIRECTION('',(1.,0.,0.));
#3727=DIRECTION('',(0.,0.,-1.));
#3728=DIRECTION('',(1.,0.,0.));
#3729=DIRECTION('center_axis',(-0.95622572381654,-0.292630082376256,0.));
#3730=DIRECTION('ref_axis',(-0.292630082376256,0.95622572381654,0.));
#3731=DIRECTION('',(-0.292630082376256,0.95622572381654,0.));
#3732=DIRECTION('',(0.,0.,-1.));
#3733=DIRECTION('',(-0.292630082376256,0.95622572381654,0.));
#3734=DIRECTION('center_axis',(0.,-1.,0.));
#3735=DIRECTION('ref_axis',(-1.,0.,0.));
#3736=DIRECTION('',(-1.,0.,0.));
#3737=DIRECTION('',(-1.,0.,0.));
#3738=DIRECTION('center_axis',(0.,0.,1.));
#3739=DIRECTION('ref_axis',(-1.,0.,0.));
#3740=DIRECTION('center_axis',(1.,-1.11022298050886E-15,0.));
#3741=DIRECTION('ref_axis',(-1.11022298050886E-15,-1.,0.));
#3742=DIRECTION('',(-1.11022298050886E-15,-1.,0.));
#3743=DIRECTION('',(0.,0.,-1.));
#3744=DIRECTION('',(-1.11022298050886E-15,-1.,0.));
#3745=DIRECTION('',(0.,0.,-1.));
#3746=DIRECTION('center_axis',(0.,1.,0.));
#3747=DIRECTION('ref_axis',(1.,0.,0.));
#3748=DIRECTION('',(1.,0.,0.));
#3749=DIRECTION('',(0.,0.,-1.));
#3750=DIRECTION('',(1.,0.,0.));
#3751=DIRECTION('center_axis',(-1.,1.11022298050886E-15,0.));
#3752=DIRECTION('ref_axis',(1.11022298050886E-15,1.,0.));
#3753=DIRECTION('',(1.11022298050886E-15,1.,0.));
#3754=DIRECTION('',(0.,0.,-1.));
#3755=DIRECTION('',(1.11022298050886E-15,1.,0.));
#3756=DIRECTION('center_axis',(0.,-1.,0.));
#3757=DIRECTION('ref_axis',(-1.,0.,0.));
#3758=DIRECTION('',(-1.,0.,0.));
#3759=DIRECTION('',(-1.,0.,0.));
#3760=DIRECTION('center_axis',(0.,0.,-1.));
#3761=DIRECTION('ref_axis',(-1.,0.,0.));
#3762=DIRECTION('',(0.,0.,-1.));
#3763=DIRECTION('',(0.,0.,-1.));
#3764=DIRECTION('',(0.,0.,-1.));
#3765=DIRECTION('',(0.,0.,-1.));
#3766=DIRECTION('',(0.,0.,-1.));
#3767=DIRECTION('',(0.,0.,-1.));
#3768=DIRECTION('',(0.,0.,-1.));
#3769=DIRECTION('',(0.,0.,-1.));
#3770=DIRECTION('',(0.,0.,-1.));
#3771=DIRECTION('',(0.,0.,-1.));
#3772=DIRECTION('',(0.,0.,-1.));
#3773=DIRECTION('',(0.,0.,-1.));
#3774=DIRECTION('',(0.,0.,-1.));
#3775=DIRECTION('',(0.,0.,-1.));
#3776=DIRECTION('',(0.,0.,-1.));
#3777=DIRECTION('',(0.,0.,-1.));
#3778=DIRECTION('',(0.,0.,-1.));
#3779=DIRECTION('center_axis',(0.,0.,1.));
#3780=DIRECTION('ref_axis',(-1.,0.,0.));
#3781=DIRECTION('center_axis',(1.,-8.14608075244659E-16,0.));
#3782=DIRECTION('ref_axis',(-8.14608075244659E-16,-1.,0.));
#3783=DIRECTION('',(-8.14608075244659E-16,-1.,0.));
#3784=DIRECTION('',(0.,0.,-1.));
#3785=DIRECTION('',(-8.14608075244659E-16,-1.,0.));
#3786=DIRECTION('',(0.,0.,-1.));
#3787=DIRECTION('center_axis',(0.,-1.,0.));
#3788=DIRECTION('ref_axis',(-1.,0.,0.));
#3789=DIRECTION('',(-1.,0.,0.));
#3790=DIRECTION('',(0.,0.,-1.));
#3791=DIRECTION('',(-1.,0.,0.));
#3792=DIRECTION('center_axis',(1.,0.,0.));
#3793=DIRECTION('ref_axis',(0.,-1.,0.));
#3794=DIRECTION('',(0.,-1.,0.));
#3795=DIRECTION('',(0.,0.,-1.));
#3796=DIRECTION('',(0.,-1.,0.));
#3797=DIRECTION('center_axis',(0.,1.,0.));
#3798=DIRECTION('ref_axis',(1.,0.,0.));
#3799=DIRECTION('',(1.,0.,0.));
#3800=DIRECTION('',(0.,0.,-1.));
#3801=DIRECTION('',(1.,0.,0.));
#3802=DIRECTION('center_axis',(1.,-1.19499798340539E-15,0.));
#3803=DIRECTION('ref_axis',(-1.19499798340539E-15,-1.,0.));
#3804=DIRECTION('',(-1.19499798340539E-15,-1.,0.));
#3805=DIRECTION('',(0.,0.,-1.));
#3806=DIRECTION('',(-1.19499798340539E-15,-1.,0.));
#3807=DIRECTION('center_axis',(0.,-1.,0.));
#3808=DIRECTION('ref_axis',(-1.,0.,0.));
#3809=DIRECTION('',(-1.,0.,0.));
#3810=DIRECTION('',(0.,0.,-1.));
#3811=DIRECTION('',(-1.,0.,0.));
#3812=DIRECTION('center_axis',(1.,0.,0.));
#3813=DIRECTION('ref_axis',(0.,-1.,0.));
#3814=DIRECTION('',(0.,-1.,0.));
#3815=DIRECTION('',(0.,0.,-1.));
#3816=DIRECTION('',(0.,-1.,0.));
#3817=DIRECTION('center_axis',(0.,1.,0.));
#3818=DIRECTION('ref_axis',(1.,0.,0.));
#3819=DIRECTION('',(1.,0.,0.));
#3820=DIRECTION('',(0.,0.,-1.));
#3821=DIRECTION('',(1.,0.,0.));
#3822=DIRECTION('center_axis',(-1.,1.11022298050886E-15,0.));
#3823=DIRECTION('ref_axis',(1.11022298050886E-15,1.,0.));
#3824=DIRECTION('',(1.11022298050886E-15,1.,0.));
#3825=DIRECTION('',(0.,0.,-1.));
#3826=DIRECTION('',(1.11022298050886E-15,1.,0.));
#3827=DIRECTION('center_axis',(0.,-1.,0.));
#3828=DIRECTION('ref_axis',(-1.,0.,0.));
#3829=DIRECTION('',(-1.,0.,0.));
#3830=DIRECTION('',(-1.,0.,0.));
#3831=DIRECTION('center_axis',(0.,0.,-1.));
#3832=DIRECTION('ref_axis',(-1.,0.,0.));
#3833=DIRECTION('',(0.,0.,-1.));
#3834=DIRECTION('',(0.,0.,-1.));
#3835=DIRECTION('',(0.,0.,-1.));
#3836=DIRECTION('',(0.,0.,-1.));
#3837=DIRECTION('center_axis',(0.936613947299928,-0.350363116956176,0.));
#3838=DIRECTION('ref_axis',(-0.350363116956176,-0.936613947299928,0.));
#3839=DIRECTION('',(-0.350363116956176,-0.936613947299928,0.));
#3840=DIRECTION('',(0.,0.,-1.));
#3841=DIRECTION('',(-0.350363116956176,-0.936613947299929,0.));
#3842=DIRECTION('center_axis',(0.,1.,0.));
#3843=DIRECTION('ref_axis',(1.,0.,0.));
#3844=DIRECTION('',(1.,0.,0.));
#3845=DIRECTION('',(0.,0.,-1.));
#3846=DIRECTION('',(1.,0.,0.));
#3847=DIRECTION('center_axis',(-0.938859954910613,0.344299266721906,0.));
#3848=DIRECTION('ref_axis',(0.344299266721906,0.938859954910613,0.));
#3849=DIRECTION('',(0.344299266721906,0.938859954910613,0.));
#3850=DIRECTION('',(0.,0.,-1.));
#3851=DIRECTION('',(0.344299266721906,0.938859954910613,0.));
#3852=DIRECTION('',(0.,0.,-1.));
#3853=DIRECTION('',(0.,0.,-1.));
#3854=DIRECTION('center_axis',(0.941082368948629,0.338177431024066,0.));
#3855=DIRECTION('ref_axis',(0.338177431024066,-0.941082368948629,0.));
#3856=DIRECTION('',(0.338177431024066,-0.941082368948629,0.));
#3857=DIRECTION('',(0.,0.,-1.));
#3858=DIRECTION('',(0.338177431024066,-0.941082368948629,0.));
#3859=DIRECTION('center_axis',(0.,1.,0.));
#3860=DIRECTION('ref_axis',(1.,0.,0.));
#3861=DIRECTION('',(1.,0.,0.));
#3862=DIRECTION('',(0.,0.,-1.));
#3863=DIRECTION('',(1.,0.,0.));
#3864=DIRECTION('center_axis',(-0.935168296252976,-0.354203695185843,0.));
#3865=DIRECTION('ref_axis',(-0.354203695185843,0.935168296252976,0.));
#3866=DIRECTION('',(-0.354203695185843,0.935168296252976,0.));
#3867=DIRECTION('',(0.,0.,-1.));
#3868=DIRECTION('',(-0.354203695185843,0.935168296252976,0.));
#3869=DIRECTION('',(0.,0.,-1.));
#3870=DIRECTION('',(0.,0.,-1.));
#3871=DIRECTION('',(0.,0.,-1.));
#3872=DIRECTION('',(0.,0.,-1.));
#3873=DIRECTION('',(0.,0.,-1.));
#3874=DIRECTION('center_axis',(-0.993070202888709,-0.117522645199036,0.));
#3875=DIRECTION('ref_axis',(-0.117522645199036,0.993070202888709,0.));
#3876=DIRECTION('',(-0.117522645199036,0.993070202888709,0.));
#3877=DIRECTION('',(0.,0.,-1.));
#3878=DIRECTION('',(-0.117522645199036,0.993070202888709,0.));
#3879=DIRECTION('center_axis',(0.,0.,1.));
#3880=DIRECTION('ref_axis',(-1.,0.,0.));
#3881=DIRECTION('center_axis',(1.,-1.20146677129658E-15,0.));
#3882=DIRECTION('ref_axis',(-1.20146677129658E-15,-1.,0.));
#3883=DIRECTION('',(-1.20146677129658E-15,-1.,0.));
#3884=DIRECTION('',(0.,0.,-1.));
#3885=DIRECTION('',(-1.20146677129658E-15,-1.,0.));
#3886=DIRECTION('',(0.,0.,-1.));
#3887=DIRECTION('center_axis',(0.69810011803222,-0.716000157264927,0.));
#3888=DIRECTION('ref_axis',(-0.716000157264927,-0.69810011803222,0.));
#3889=DIRECTION('',(-0.716000157264927,-0.69810011803222,0.));
#3890=DIRECTION('',(0.,0.,-1.));
#3891=DIRECTION('',(-0.716000157264927,-0.69810011803222,0.));
#3892=DIRECTION('center_axis',(-0.817883280411135,-0.575384166990994,0.));
#3893=DIRECTION('ref_axis',(-0.575384166990994,0.817883280411136,0.));
#3894=DIRECTION('',(-0.575384166990994,0.817883280411136,0.));
#3895=DIRECTION('',(0.,0.,-1.));
#3896=DIRECTION('',(-0.575384166990994,0.817883280411136,0.));
#3897=DIRECTION('center_axis',(0.,-1.,0.));
#3898=DIRECTION('ref_axis',(-1.,0.,0.));
#3899=DIRECTION('',(-1.,0.,0.));
#3900=DIRECTION('',(0.,0.,-1.));
#3901=DIRECTION('',(-1.,0.,0.));
#3902=DIRECTION('center_axis',(0.805287895458985,0.592883972989015,0.));
#3903=DIRECTION('ref_axis',(0.592883972989015,-0.805287895458985,0.));
#3904=DIRECTION('',(0.592883972989015,-0.805287895458985,0.));
#3905=DIRECTION('',(0.,0.,-1.));
#3906=DIRECTION('',(0.592883972989015,-0.805287895458985,0.));
#3907=DIRECTION('center_axis',(0.694719700795358,-0.719280569268215,0.));
#3908=DIRECTION('ref_axis',(-0.719280569268215,-0.694719700795358,0.));
#3909=DIRECTION('',(-0.719280569268215,-0.694719700795358,0.));
#3910=DIRECTION('',(0.,0.,-1.));
#3911=DIRECTION('',(-0.719280569268215,-0.694719700795358,0.));
#3912=DIRECTION('center_axis',(0.,1.,0.));
#3913=DIRECTION('ref_axis',(1.,0.,0.));
#3914=DIRECTION('',(1.,0.,0.));
#3915=DIRECTION('',(0.,0.,-1.));
#3916=DIRECTION('',(1.,0.,0.));
#3917=DIRECTION('center_axis',(-0.706620667638107,0.707592560776804,0.));
#3918=DIRECTION('ref_axis',(0.707592560776804,0.706620667638107,0.));
#3919=DIRECTION('',(0.707592560776804,0.706620667638107,0.));
#3920=DIRECTION('',(0.,0.,-1.));
#3921=DIRECTION('',(0.707592560776804,0.706620667638107,0.));
#3922=DIRECTION('center_axis',(1.,-1.21266786172033E-15,0.));
#3923=DIRECTION('ref_axis',(-1.21266786172033E-15,-1.,0.));
#3924=DIRECTION('',(-1.21266786172033E-15,-1.,0.));
#3925=DIRECTION('',(0.,0.,-1.));
#3926=DIRECTION('',(-1.21266786172033E-15,-1.,0.));
#3927=DIRECTION('center_axis',(0.,1.,0.));
#3928=DIRECTION('ref_axis',(1.,0.,0.));
#3929=DIRECTION('',(1.,0.,0.));
#3930=DIRECTION('',(0.,0.,-1.));
#3931=DIRECTION('',(1.,0.,0.));
#3932=DIRECTION('center_axis',(-1.,1.20274156221793E-15,0.));
#3933=DIRECTION('ref_axis',(1.20274156221793E-15,1.,0.));
#3934=DIRECTION('',(1.20274156221793E-15,1.,0.));
#3935=DIRECTION('',(0.,0.,-1.));
#3936=DIRECTION('',(1.20274156221793E-15,1.,0.));
#3937=DIRECTION('center_axis',(0.,-1.,0.));
#3938=DIRECTION('ref_axis',(-1.,0.,0.));
#3939=DIRECTION('',(-1.,0.,0.));
#3940=DIRECTION('',(-1.,0.,0.));
#3941=DIRECTION('center_axis',(0.,0.,-1.));
#3942=DIRECTION('ref_axis',(-1.,0.,0.));
#3943=DIRECTION('center_axis',(0.,0.,1.));
#3944=DIRECTION('ref_axis',(1.,0.,0.));
#3945=DIRECTION('center_axis',(0.,0.,-1.));
#3946=DIRECTION('ref_axis',(-0.707106781186547,0.707106781186548,0.));
#3947=DIRECTION('',(0.,-1.,0.));
#3948=DIRECTION('center_axis',(0.,0.,-1.));
#3949=DIRECTION('ref_axis',(-0.707106781186549,-0.707106781186546,0.));
#3950=DIRECTION('',(1.,0.,0.));
#3951=DIRECTION('center_axis',(0.,0.,-1.));
#3952=DIRECTION('ref_axis',(0.707106781186541,-0.707106781186554,0.));
#3953=DIRECTION('',(0.,1.,0.));
#3954=DIRECTION('center_axis',(0.,0.,-1.));
#3955=DIRECTION('ref_axis',(0.707106781186552,0.707106781186543,0.));
#3956=DIRECTION('',(-1.,0.,0.));
#3957=DIRECTION('',(0.,-1.,0.));
#3958=DIRECTION('',(-1.,0.,0.));
#3959=DIRECTION('',(0.,1.,0.));
#3960=DIRECTION('',(-1.,6.3707065164696E-17,0.));
#3961=DIRECTION('center_axis',(0.,0.,-1.));
#3962=DIRECTION('ref_axis',(-1.,0.,0.));
#3963=DIRECTION('center_axis',(0.,0.,-1.));
#3964=DIRECTION('ref_axis',(0.,1.,0.));
#3965=DIRECTION('',(1.,0.,0.));
#3966=DIRECTION('center_axis',(0.,0.,-1.));
#3967=DIRECTION('ref_axis',(1.,0.,0.));
#3968=DIRECTION('',(0.,-1.,0.));
#3969=DIRECTION('center_axis',(0.,0.,-1.));
#3970=DIRECTION('ref_axis',(0.,-1.,0.));
#3971=DIRECTION('',(-1.,0.,0.));
#3972=DIRECTION('center_axis',(0.,0.,-1.));
#3973=DIRECTION('ref_axis',(-1.,0.,0.));
#3974=DIRECTION('',(0.,1.,0.));
#3975=DIRECTION('center_axis',(0.,0.,-1.));
#3976=DIRECTION('ref_axis',(1.,0.,0.));
#3977=DIRECTION('center_axis',(0.,0.,-1.));
#3978=DIRECTION('ref_axis',(0.,1.,0.));
#3979=DIRECTION('',(1.,0.,0.));
#3980=DIRECTION('center_axis',(0.,0.,-1.));
#3981=DIRECTION('ref_axis',(1.,0.,0.));
#3982=DIRECTION('',(0.,-1.,0.));
#3983=DIRECTION('center_axis',(0.,0.,-1.));
#3984=DIRECTION('ref_axis',(0.,-1.,0.));
#3985=DIRECTION('',(-1.,0.,0.));
#3986=DIRECTION('center_axis',(0.,0.,-1.));
#3987=DIRECTION('ref_axis',(-1.,0.,0.));
#3988=DIRECTION('',(0.,1.,0.));
#3989=DIRECTION('center_axis',(0.,0.,-1.));
#3990=DIRECTION('ref_axis',(0.,1.,0.));
#3991=DIRECTION('',(1.,0.,0.));
#3992=DIRECTION('center_axis',(0.,0.,-1.));
#3993=DIRECTION('ref_axis',(1.,0.,0.));
#3994=DIRECTION('',(0.,-1.,0.));
#3995=DIRECTION('center_axis',(0.,0.,-1.));
#3996=DIRECTION('ref_axis',(0.,-1.,0.));
#3997=DIRECTION('',(-1.,0.,0.));
#3998=DIRECTION('center_axis',(0.,0.,-1.));
#3999=DIRECTION('ref_axis',(-1.,0.,0.));
#4000=DIRECTION('',(0.,1.,0.));
#4001=DIRECTION('center_axis',(0.,0.,-1.));
#4002=DIRECTION('ref_axis',(0.,1.,0.));
#4003=DIRECTION('',(1.,0.,0.));
#4004=DIRECTION('center_axis',(0.,0.,-1.));
#4005=DIRECTION('ref_axis',(1.,0.,0.));
#4006=DIRECTION('',(0.,-1.,0.));
#4007=DIRECTION('center_axis',(0.,0.,-1.));
#4008=DIRECTION('ref_axis',(0.,-1.,0.));
#4009=DIRECTION('',(-1.,0.,0.));
#4010=DIRECTION('center_axis',(0.,0.,-1.));
#4011=DIRECTION('ref_axis',(-1.,0.,0.));
#4012=DIRECTION('',(0.,1.,0.));
#4013=DIRECTION('center_axis',(0.,0.,-1.));
#4014=DIRECTION('ref_axis',(1.,0.,0.));
#4015=DIRECTION('center_axis',(0.,0.,-1.));
#4016=DIRECTION('ref_axis',(1.,0.,0.));
#4017=DIRECTION('center_axis',(0.,0.,-1.));
#4018=DIRECTION('ref_axis',(1.,0.,0.));
#4019=DIRECTION('center_axis',(0.,0.,-1.));
#4020=DIRECTION('ref_axis',(0.,1.,0.));
#4021=DIRECTION('',(1.,0.,0.));
#4022=DIRECTION('center_axis',(0.,0.,-1.));
#4023=DIRECTION('ref_axis',(1.,0.,0.));
#4024=DIRECTION('',(0.,-1.,0.));
#4025=DIRECTION('center_axis',(0.,0.,-1.));
#4026=DIRECTION('ref_axis',(0.,-1.,0.));
#4027=DIRECTION('',(-1.,0.,0.));
#4028=DIRECTION('center_axis',(0.,0.,-1.));
#4029=DIRECTION('ref_axis',(-1.,0.,0.));
#4030=DIRECTION('',(0.,1.,0.));
#4031=DIRECTION('center_axis',(0.,0.,-1.));
#4032=DIRECTION('ref_axis',(0.,1.,0.));
#4033=DIRECTION('',(1.,0.,0.));
#4034=DIRECTION('center_axis',(0.,0.,-1.));
#4035=DIRECTION('ref_axis',(1.,0.,0.));
#4036=DIRECTION('',(0.,-1.,0.));
#4037=DIRECTION('center_axis',(0.,0.,-1.));
#4038=DIRECTION('ref_axis',(0.,-1.,0.));
#4039=DIRECTION('',(-1.,0.,0.));
#4040=DIRECTION('center_axis',(0.,0.,-1.));
#4041=DIRECTION('ref_axis',(-1.,0.,0.));
#4042=DIRECTION('',(0.,1.,0.));
#4043=DIRECTION('center_axis',(0.,0.,1.));
#4044=DIRECTION('ref_axis',(1.,0.,0.));
#4045=DIRECTION('center_axis',(0.,0.,-1.));
#4046=DIRECTION('ref_axis',(-1.,0.,0.));
#4047=DIRECTION('',(0.,0.,-1.));
#4048=DIRECTION('center_axis',(0.,0.,1.));
#4049=DIRECTION('ref_axis',(-1.,0.,0.));
#4050=DIRECTION('center_axis',(0.,0.,1.));
#4051=DIRECTION('ref_axis',(-0.707106781186547,0.707106781186548,0.));
#4052=DIRECTION('',(0.,0.,-1.));
#4053=DIRECTION('center_axis',(0.,0.,1.));
#4054=DIRECTION('ref_axis',(-0.707106781186547,0.707106781186548,0.));
#4055=DIRECTION('',(0.,0.,1.));
#4056=DIRECTION('center_axis',(-1.,0.,0.));
#4057=DIRECTION('ref_axis',(0.,-1.,0.));
#4058=DIRECTION('',(0.,-1.,0.));
#4059=DIRECTION('',(0.,0.,-1.));
#4060=DIRECTION('center_axis',(0.,0.,1.));
#4061=DIRECTION('ref_axis',(1.,0.,0.));
#4062=DIRECTION('',(1.,-6.3707065164696E-17,0.));
#4063=DIRECTION('',(0.,1.,0.));
#4064=DIRECTION('',(-1.,0.,0.));
#4065=DIRECTION('',(0.,-1.,0.));
#4066=DIRECTION('',(-1.,0.,0.));
#4067=DIRECTION('center_axis',(0.,0.,1.));
#4068=DIRECTION('ref_axis',(0.707106781186552,0.707106781186543,0.));
#4069=DIRECTION('',(0.,1.,0.));
#4070=DIRECTION('center_axis',(0.,0.,1.));
#4071=DIRECTION('ref_axis',(0.707106781186541,-0.707106781186554,0.));
#4072=DIRECTION('',(1.,0.,0.));
#4073=DIRECTION('center_axis',(0.,0.,1.));
#4074=DIRECTION('ref_axis',(-0.707106781186549,-0.707106781186546,0.));
#4075=DIRECTION('center_axis',(0.,0.,-1.));
#4076=DIRECTION('ref_axis',(0.,1.,0.));
#4077=DIRECTION('',(0.,1.,0.));
#4078=DIRECTION('center_axis',(0.,0.,-1.));
#4079=DIRECTION('ref_axis',(-1.,0.,0.));
#4080=DIRECTION('',(-1.,0.,0.));
#4081=DIRECTION('center_axis',(0.,0.,-1.));
#4082=DIRECTION('ref_axis',(0.,-1.,0.));
#4083=DIRECTION('',(0.,-1.,0.));
#4084=DIRECTION('center_axis',(0.,0.,-1.));
#4085=DIRECTION('ref_axis',(1.,0.,0.));
#4086=DIRECTION('',(1.,0.,0.));
#4087=DIRECTION('center_axis',(0.,0.,-1.));
#4088=DIRECTION('ref_axis',(1.,0.,0.));
#4089=DIRECTION('center_axis',(0.,0.,-1.));
#4090=DIRECTION('ref_axis',(0.,1.,0.));
#4091=DIRECTION('',(0.,1.,0.));
#4092=DIRECTION('center_axis',(0.,0.,-1.));
#4093=DIRECTION('ref_axis',(-1.,0.,0.));
#4094=DIRECTION('',(-1.,0.,0.));
#4095=DIRECTION('center_axis',(0.,0.,-1.));
#4096=DIRECTION('ref_axis',(0.,-1.,0.));
#4097=DIRECTION('',(0.,-1.,0.));
#4098=DIRECTION('center_axis',(0.,0.,-1.));
#4099=DIRECTION('ref_axis',(1.,0.,0.));
#4100=DIRECTION('',(1.,0.,0.));
#4101=DIRECTION('center_axis',(0.,0.,-1.));
#4102=DIRECTION('ref_axis',(0.,1.,0.));
#4103=DIRECTION('',(0.,1.,0.));
#4104=DIRECTION('center_axis',(0.,0.,-1.));
#4105=DIRECTION('ref_axis',(-1.,0.,0.));
#4106=DIRECTION('',(-1.,0.,0.));
#4107=DIRECTION('center_axis',(0.,0.,-1.));
#4108=DIRECTION('ref_axis',(0.,-1.,0.));
#4109=DIRECTION('',(0.,-1.,0.));
#4110=DIRECTION('center_axis',(0.,0.,-1.));
#4111=DIRECTION('ref_axis',(1.,0.,0.));
#4112=DIRECTION('',(1.,0.,0.));
#4113=DIRECTION('center_axis',(0.,0.,-1.));
#4114=DIRECTION('ref_axis',(0.,1.,0.));
#4115=DIRECTION('',(0.,1.,0.));
#4116=DIRECTION('center_axis',(0.,0.,-1.));
#4117=DIRECTION('ref_axis',(-1.,0.,0.));
#4118=DIRECTION('',(-1.,0.,0.));
#4119=DIRECTION('center_axis',(0.,0.,-1.));
#4120=DIRECTION('ref_axis',(0.,-1.,0.));
#4121=DIRECTION('',(0.,-1.,0.));
#4122=DIRECTION('center_axis',(0.,0.,-1.));
#4123=DIRECTION('ref_axis',(1.,0.,0.));
#4124=DIRECTION('',(1.,0.,0.));
#4125=DIRECTION('center_axis',(0.,0.,-1.));
#4126=DIRECTION('ref_axis',(1.,0.,0.));
#4127=DIRECTION('center_axis',(0.,0.,-1.));
#4128=DIRECTION('ref_axis',(1.,0.,0.));
#4129=DIRECTION('center_axis',(0.,0.,-1.));
#4130=DIRECTION('ref_axis',(1.,0.,0.));
#4131=DIRECTION('center_axis',(0.,0.,-1.));
#4132=DIRECTION('ref_axis',(0.,1.,0.));
#4133=DIRECTION('',(0.,1.,0.));
#4134=DIRECTION('center_axis',(0.,0.,-1.));
#4135=DIRECTION('ref_axis',(-1.,0.,0.));
#4136=DIRECTION('',(-1.,0.,0.));
#4137=DIRECTION('center_axis',(0.,0.,-1.));
#4138=DIRECTION('ref_axis',(0.,-1.,0.));
#4139=DIRECTION('',(0.,-1.,0.));
#4140=DIRECTION('center_axis',(0.,0.,-1.));
#4141=DIRECTION('ref_axis',(1.,0.,0.));
#4142=DIRECTION('',(1.,0.,0.));
#4143=DIRECTION('center_axis',(0.,0.,-1.));
#4144=DIRECTION('ref_axis',(0.,1.,0.));
#4145=DIRECTION('',(0.,1.,0.));
#4146=DIRECTION('center_axis',(0.,0.,-1.));
#4147=DIRECTION('ref_axis',(-1.,0.,0.));
#4148=DIRECTION('',(-1.,0.,0.));
#4149=DIRECTION('center_axis',(0.,0.,-1.));
#4150=DIRECTION('ref_axis',(0.,-1.,0.));
#4151=DIRECTION('',(0.,-1.,0.));
#4152=DIRECTION('center_axis',(0.,0.,-1.));
#4153=DIRECTION('ref_axis',(1.,0.,0.));
#4154=DIRECTION('',(1.,0.,0.));
#4155=DIRECTION('center_axis',(0.,0.,1.));
#4156=DIRECTION('ref_axis',(0.707106781186552,0.707106781186543,0.));
#4157=DIRECTION('',(0.,0.,-1.));
#4158=DIRECTION('',(0.,0.,1.));
#4159=DIRECTION('center_axis',(1.,0.,0.));
#4160=DIRECTION('ref_axis',(0.,1.,0.));
#4161=DIRECTION('',(0.,0.,1.));
#4162=DIRECTION('center_axis',(0.,0.,1.));
#4163=DIRECTION('ref_axis',(0.707106781186541,-0.707106781186554,0.));
#4164=DIRECTION('',(0.,0.,-1.));
#4165=DIRECTION('center_axis',(0.,0.,1.));
#4166=DIRECTION('ref_axis',(-0.707106781186549,-0.707106781186546,0.));
#4167=DIRECTION('',(0.,0.,1.));
#4168=DIRECTION('center_axis',(1.,0.,0.));
#4169=DIRECTION('ref_axis',(0.,1.,0.));
#4170=DIRECTION('',(0.,0.,1.));
#4171=DIRECTION('',(0.,0.,1.));
#4172=DIRECTION('center_axis',(0.,0.,1.));
#4173=DIRECTION('ref_axis',(-1.,0.,0.));
#4174=DIRECTION('',(0.,0.,1.));
#4175=DIRECTION('center_axis',(0.,1.,0.));
#4176=DIRECTION('ref_axis',(-1.,0.,0.));
#4177=DIRECTION('',(0.,0.,1.));
#4178=DIRECTION('center_axis',(0.,0.,1.));
#4179=DIRECTION('ref_axis',(0.,-1.,0.));
#4180=DIRECTION('',(0.,0.,1.));
#4181=DIRECTION('center_axis',(-1.,0.,0.));
#4182=DIRECTION('ref_axis',(0.,-1.,0.));
#4183=DIRECTION('',(0.,0.,1.));
#4184=DIRECTION('center_axis',(0.,0.,1.));
#4185=DIRECTION('ref_axis',(1.,0.,0.));
#4186=DIRECTION('',(0.,0.,1.));
#4187=DIRECTION('center_axis',(0.,-1.,0.));
#4188=DIRECTION('ref_axis',(1.,0.,0.));
#4189=DIRECTION('',(0.,0.,1.));
#4190=DIRECTION('center_axis',(0.,0.,1.));
#4191=DIRECTION('ref_axis',(0.,1.,0.));
#4192=DIRECTION('center_axis',(1.,0.,0.));
#4193=DIRECTION('ref_axis',(0.,1.,0.));
#4194=DIRECTION('',(0.,0.,1.));
#4195=DIRECTION('',(0.,0.,1.));
#4196=DIRECTION('center_axis',(0.,0.,1.));
#4197=DIRECTION('ref_axis',(-1.,0.,0.));
#4198=DIRECTION('',(0.,0.,1.));
#4199=DIRECTION('center_axis',(0.,1.,0.));
#4200=DIRECTION('ref_axis',(-1.,0.,0.));
#4201=DIRECTION('',(0.,0.,1.));
#4202=DIRECTION('center_axis',(0.,0.,1.));
#4203=DIRECTION('ref_axis',(0.,-1.,0.));
#4204=DIRECTION('',(0.,0.,1.));
#4205=DIRECTION('center_axis',(-1.,0.,0.));
#4206=DIRECTION('ref_axis',(0.,-1.,0.));
#4207=DIRECTION('',(0.,0.,1.));
#4208=DIRECTION('center_axis',(0.,0.,1.));
#4209=DIRECTION('ref_axis',(1.,0.,0.));
#4210=DIRECTION('',(0.,0.,1.));
#4211=DIRECTION('center_axis',(0.,-1.,0.));
#4212=DIRECTION('ref_axis',(1.,0.,0.));
#4213=DIRECTION('',(0.,0.,1.));
#4214=DIRECTION('center_axis',(0.,0.,1.));
#4215=DIRECTION('ref_axis',(0.,1.,0.));
#4216=DIRECTION('center_axis',(0.,0.,1.));
#4217=DIRECTION('ref_axis',(1.,0.,0.));
#4218=DIRECTION('',(0.,0.,-1.));
#4219=DIRECTION('center_axis',(0.,0.,1.));
#4220=DIRECTION('ref_axis',(1.,0.,0.));
#4221=DIRECTION('',(0.,0.,-1.));
#4222=DIRECTION('center_axis',(0.,0.,1.));
#4223=DIRECTION('ref_axis',(1.,0.,0.));
#4224=DIRECTION('',(0.,0.,-1.));
#4225=DIRECTION('center_axis',(1.,0.,0.));
#4226=DIRECTION('ref_axis',(0.,1.,0.));
#4227=DIRECTION('',(0.,0.,1.));
#4228=DIRECTION('',(0.,0.,1.));
#4229=DIRECTION('center_axis',(0.,0.,1.));
#4230=DIRECTION('ref_axis',(-1.,0.,0.));
#4231=DIRECTION('',(0.,0.,1.));
#4232=DIRECTION('center_axis',(0.,1.,0.));
#4233=DIRECTION('ref_axis',(-1.,0.,0.));
#4234=DIRECTION('',(0.,0.,1.));
#4235=DIRECTION('center_axis',(0.,0.,1.));
#4236=DIRECTION('ref_axis',(0.,-1.,0.));
#4237=DIRECTION('',(0.,0.,1.));
#4238=DIRECTION('center_axis',(-1.,0.,0.));
#4239=DIRECTION('ref_axis',(0.,-1.,0.));
#4240=DIRECTION('',(0.,0.,1.));
#4241=DIRECTION('center_axis',(0.,0.,1.));
#4242=DIRECTION('ref_axis',(1.,0.,0.));
#4243=DIRECTION('',(0.,0.,1.));
#4244=DIRECTION('center_axis',(0.,-1.,0.));
#4245=DIRECTION('ref_axis',(1.,0.,0.));
#4246=DIRECTION('',(0.,0.,1.));
#4247=DIRECTION('center_axis',(0.,0.,1.));
#4248=DIRECTION('ref_axis',(0.,1.,0.));
#4249=DIRECTION('center_axis',(1.,0.,0.));
#4250=DIRECTION('ref_axis',(0.,1.,0.));
#4251=DIRECTION('',(0.,0.,1.));
#4252=DIRECTION('',(0.,0.,1.));
#4253=DIRECTION('center_axis',(0.,0.,1.));
#4254=DIRECTION('ref_axis',(-1.,0.,0.));
#4255=DIRECTION('',(0.,0.,1.));
#4256=DIRECTION('center_axis',(0.,1.,0.));
#4257=DIRECTION('ref_axis',(-1.,0.,0.));
#4258=DIRECTION('',(0.,0.,1.));
#4259=DIRECTION('center_axis',(0.,0.,1.));
#4260=DIRECTION('ref_axis',(0.,-1.,0.));
#4261=DIRECTION('',(0.,0.,1.));
#4262=DIRECTION('center_axis',(-1.,0.,0.));
#4263=DIRECTION('ref_axis',(0.,-1.,0.));
#4264=DIRECTION('',(0.,0.,1.));
#4265=DIRECTION('center_axis',(0.,0.,1.));
#4266=DIRECTION('ref_axis',(1.,0.,0.));
#4267=DIRECTION('',(0.,0.,1.));
#4268=DIRECTION('center_axis',(0.,-1.,0.));
#4269=DIRECTION('ref_axis',(1.,0.,0.));
#4270=DIRECTION('',(0.,0.,1.));
#4271=DIRECTION('center_axis',(0.,0.,1.));
#4272=DIRECTION('ref_axis',(0.,1.,0.));
#4273=DIRECTION('center_axis',(1.,0.,0.));
#4274=DIRECTION('ref_axis',(0.,1.,0.));
#4275=DIRECTION('',(0.,0.,1.));
#4276=DIRECTION('',(0.,0.,1.));
#4277=DIRECTION('center_axis',(0.,0.,1.));
#4278=DIRECTION('ref_axis',(-1.,0.,0.));
#4279=DIRECTION('',(0.,0.,1.));
#4280=DIRECTION('center_axis',(0.,1.,0.));
#4281=DIRECTION('ref_axis',(-1.,0.,0.));
#4282=DIRECTION('',(0.,0.,1.));
#4283=DIRECTION('center_axis',(0.,0.,1.));
#4284=DIRECTION('ref_axis',(0.,-1.,0.));
#4285=DIRECTION('',(0.,0.,1.));
#4286=DIRECTION('center_axis',(-1.,0.,0.));
#4287=DIRECTION('ref_axis',(0.,-1.,0.));
#4288=DIRECTION('',(0.,0.,1.));
#4289=DIRECTION('center_axis',(0.,0.,1.));
#4290=DIRECTION('ref_axis',(1.,0.,0.));
#4291=DIRECTION('',(0.,0.,1.));
#4292=DIRECTION('center_axis',(0.,-1.,0.));
#4293=DIRECTION('ref_axis',(1.,0.,0.));
#4294=DIRECTION('',(0.,0.,1.));
#4295=DIRECTION('center_axis',(0.,0.,1.));
#4296=DIRECTION('ref_axis',(0.,1.,0.));
#4297=DIRECTION('center_axis',(0.,0.,1.));
#4298=DIRECTION('ref_axis',(1.,0.,0.));
#4299=DIRECTION('',(0.,0.,-1.));
#4300=DIRECTION('center_axis',(1.,0.,0.));
#4301=DIRECTION('ref_axis',(0.,1.,0.));
#4302=DIRECTION('',(0.,0.,1.));
#4303=DIRECTION('',(0.,0.,1.));
#4304=DIRECTION('center_axis',(0.,0.,1.));
#4305=DIRECTION('ref_axis',(-1.,0.,0.));
#4306=DIRECTION('',(0.,0.,1.));
#4307=DIRECTION('center_axis',(0.,1.,0.));
#4308=DIRECTION('ref_axis',(-1.,0.,0.));
#4309=DIRECTION('',(0.,0.,1.));
#4310=DIRECTION('center_axis',(0.,0.,1.));
#4311=DIRECTION('ref_axis',(0.,-1.,0.));
#4312=DIRECTION('',(0.,0.,1.));
#4313=DIRECTION('center_axis',(-1.,0.,0.));
#4314=DIRECTION('ref_axis',(0.,-1.,0.));
#4315=DIRECTION('',(0.,0.,1.));
#4316=DIRECTION('center_axis',(0.,0.,1.));
#4317=DIRECTION('ref_axis',(1.,0.,0.));
#4318=DIRECTION('',(0.,0.,1.));
#4319=DIRECTION('center_axis',(0.,-1.,0.));
#4320=DIRECTION('ref_axis',(1.,0.,0.));
#4321=DIRECTION('',(0.,0.,1.));
#4322=DIRECTION('center_axis',(0.,0.,1.));
#4323=DIRECTION('ref_axis',(0.,1.,0.));
#4324=DIRECTION('center_axis',(6.3707065164696E-17,1.,0.));
#4325=DIRECTION('ref_axis',(-1.,6.3707065164696E-17,0.));
#4326=DIRECTION('',(0.,0.,1.));
#4327=DIRECTION('center_axis',(1.,0.,0.));
#4328=DIRECTION('ref_axis',(0.,1.,0.));
#4329=DIRECTION('',(0.,0.,1.));
#4330=DIRECTION('center_axis',(0.,1.,0.));
#4331=DIRECTION('ref_axis',(-1.,0.,0.));
#4332=DIRECTION('',(0.,0.,1.));
#4333=DIRECTION('center_axis',(-1.,0.,0.));
#4334=DIRECTION('ref_axis',(0.,-1.,0.));
#4335=DIRECTION('',(0.,0.,1.));
#4336=DIRECTION('center_axis',(0.,1.,0.));
#4337=DIRECTION('ref_axis',(-1.,0.,0.));
#4338=DIRECTION('center_axis',(0.,-1.,0.));
#4339=DIRECTION('ref_axis',(1.,0.,0.));
#4340=DIRECTION('center_axis',(0.,0.,1.));
#4341=DIRECTION('ref_axis',(1.,0.,0.));
#4342=CARTESIAN_POINT('',(0.,0.,0.));
#4343=CARTESIAN_POINT('Ctrl Pts',(2.23485300275034,-45.1008409205843,1.5));
#4344=CARTESIAN_POINT('Ctrl Pts',(2.23485300275034,-45.1008409205843,1.3));
#4345=CARTESIAN_POINT('Ctrl Pts',(2.15401768636073,-45.1075475700189,1.5));
#4346=CARTESIAN_POINT('Ctrl Pts',(2.15401768636073,-45.1075475700189,1.3));
#4347=CARTESIAN_POINT('Ctrl Pts',(1.99439585412046,-45.1207908864151,1.5));
#4348=CARTESIAN_POINT('Ctrl Pts',(1.99439585412046,-45.1207908864151,1.3));
#4349=CARTESIAN_POINT('Ctrl Pts',(1.86971972840527,-45.2211536337325,1.5));
#4350=CARTESIAN_POINT('Ctrl Pts',(1.86971972840527,-45.2211536337325,1.3));
#4351=CARTESIAN_POINT('Ctrl Pts',(1.8081817957992,-45.2706909123827,1.5));
#4352=CARTESIAN_POINT('Ctrl Pts',(1.8081817957992,-45.2706909123827,1.3));
#4353=CARTESIAN_POINT('',(2.23485300275034,-45.1008409205843,1.5));
#4354=CARTESIAN_POINT('',(1.8081817957992,-45.2706909123827,1.5));
#4355=CARTESIAN_POINT('Ctrl Pts',(2.23485300275034,-45.1008409205843,1.5));
#4356=CARTESIAN_POINT('Ctrl Pts',(2.15401768636073,-45.1075475700189,1.5));
#4357=CARTESIAN_POINT('Ctrl Pts',(1.99439585412046,-45.1207908864151,1.5));
#4358=CARTESIAN_POINT('Ctrl Pts',(1.86971972840527,-45.2211536337325,1.5));
#4359=CARTESIAN_POINT('Ctrl Pts',(1.8081817957992,-45.2706909123827,1.5));
#4360=CARTESIAN_POINT('',(2.23485300275034,-45.1008409205843,1.3));
#4361=CARTESIAN_POINT('',(2.23485300275034,-45.1008409205843,1.5));
#4362=CARTESIAN_POINT('',(1.8081817957992,-45.2706909123827,1.3));
#4363=CARTESIAN_POINT('Ctrl Pts',(2.23485300275034,-45.1008409205843,1.3));
#4364=CARTESIAN_POINT('Ctrl Pts',(2.15401768636073,-45.1075475700189,1.3));
#4365=CARTESIAN_POINT('Ctrl Pts',(1.99439585412046,-45.1207908864151,1.3));
#4366=CARTESIAN_POINT('Ctrl Pts',(1.86971972840527,-45.2211536337325,1.3));
#4367=CARTESIAN_POINT('Ctrl Pts',(1.8081817957992,-45.2706909123827,1.3));
#4368=CARTESIAN_POINT('',(1.8081817957992,-45.2706909123827,1.5));
#4369=CARTESIAN_POINT('Ctrl Pts',(2.69119659396357,-45.3136649671961,1.5));
#4370=CARTESIAN_POINT('Ctrl Pts',(2.69119659396357,-45.3136649671961,1.3));
#4371=CARTESIAN_POINT('Ctrl Pts',(2.62798300506586,-45.2515916595788,1.5));
#4372=CARTESIAN_POINT('Ctrl Pts',(2.62798300506586,-45.2515916595788,1.3));
#4373=CARTESIAN_POINT('Ctrl Pts',(2.50100233930021,-45.1269015404927,1.5));
#4374=CARTESIAN_POINT('Ctrl Pts',(2.50100233930021,-45.1269015404927,1.3));
#4375=CARTESIAN_POINT('Ctrl Pts',(2.32382687456558,-45.1095530003709,1.5));
#4376=CARTESIAN_POINT('Ctrl Pts',(2.32382687456558,-45.1095530003709,1.3));
#4377=CARTESIAN_POINT('Ctrl Pts',(2.23485300275034,-45.1008409205843,1.5));
#4378=CARTESIAN_POINT('Ctrl Pts',(2.23485300275034,-45.1008409205843,1.3));
#4379=CARTESIAN_POINT('',(2.69119659396357,-45.3136649671961,1.5));
#4380=CARTESIAN_POINT('Ctrl Pts',(2.69119659396357,-45.3136649671961,1.5));
#4381=CARTESIAN_POINT('Ctrl Pts',(2.62798300506586,-45.2515916595788,1.5));
#4382=CARTESIAN_POINT('Ctrl Pts',(2.50100233930021,-45.1269015404927,1.5));
#4383=CARTESIAN_POINT('Ctrl Pts',(2.32382687456558,-45.1095530003709,1.5));
#4384=CARTESIAN_POINT('Ctrl Pts',(2.23485300275034,-45.1008409205843,1.5));
#4385=CARTESIAN_POINT('',(2.69119659396357,-45.3136649671961,1.3));
#4386=CARTESIAN_POINT('',(2.69119659396357,-45.3136649671961,1.5));
#4387=CARTESIAN_POINT('Ctrl Pts',(2.69119659396357,-45.3136649671961,1.3));
#4388=CARTESIAN_POINT('Ctrl Pts',(2.62798300506586,-45.2515916595788,1.3));
#4389=CARTESIAN_POINT('Ctrl Pts',(2.50100233930021,-45.1269015404927,1.3));
#4390=CARTESIAN_POINT('Ctrl Pts',(2.32382687456558,-45.1095530003709,1.3));
#4391=CARTESIAN_POINT('Ctrl Pts',(2.23485300275034,-45.1008409205843,1.3));
#4392=CARTESIAN_POINT('Ctrl Pts',(2.83035078974909,-45.7249882761408,1.5));
#4393=CARTESIAN_POINT('Ctrl Pts',(2.83035078974909,-45.7249882761408,1.3));
#4394=CARTESIAN_POINT('Ctrl Pts',(2.82103473882243,-45.6427301257343,1.5));
#4395=CARTESIAN_POINT('Ctrl Pts',(2.82103473882243,-45.6427301257343,1.3));
#4396=CARTESIAN_POINT('Ctrl Pts',(2.80430590603875,-45.4950191638603,1.5));
#4397=CARTESIAN_POINT('Ctrl Pts',(2.80430590603875,-45.4950191638603,1.3));
#4398=CARTESIAN_POINT('Ctrl Pts',(2.72592727245748,-45.3693505175925,1.5));
#4399=CARTESIAN_POINT('Ctrl Pts',(2.72592727245748,-45.3693505175925,1.3));
#4400=CARTESIAN_POINT('Ctrl Pts',(2.69119659396357,-45.3136649671961,1.5));
#4401=CARTESIAN_POINT('Ctrl Pts',(2.69119659396357,-45.3136649671961,1.3));
#4402=CARTESIAN_POINT('',(2.83035078974909,-45.7249882761408,1.5));
#4403=CARTESIAN_POINT('Ctrl Pts',(2.83035078974909,-45.7249882761408,1.5));
#4404=CARTESIAN_POINT('Ctrl Pts',(2.82103473882243,-45.6427301257343,1.5));
#4405=CARTESIAN_POINT('Ctrl Pts',(2.80430590603875,-45.4950191638603,1.5));
#4406=CARTESIAN_POINT('Ctrl Pts',(2.72592727245748,-45.3693505175925,1.5));
#4407=CARTESIAN_POINT('Ctrl Pts',(2.69119659396357,-45.3136649671961,1.5));
#4408=CARTESIAN_POINT('',(2.83035078974909,-45.7249882761408,1.3));
#4409=CARTESIAN_POINT('',(2.83035078974909,-45.7249882761408,1.5));
#4410=CARTESIAN_POINT('Ctrl Pts',(2.83035078974909,-45.7249882761408,1.3));
#4411=CARTESIAN_POINT('Ctrl Pts',(2.82103473882243,-45.6427301257343,1.3));
#4412=CARTESIAN_POINT('Ctrl Pts',(2.80430590603875,-45.4950191638603,1.3));
#4413=CARTESIAN_POINT('Ctrl Pts',(2.72592727245748,-45.3693505175925,1.3));
#4414=CARTESIAN_POINT('Ctrl Pts',(2.69119659396357,-45.3136649671961,1.3));
#4415=CARTESIAN_POINT('Origin',(1.6168446275825,-45.7249882761408,1.5));
#4416=CARTESIAN_POINT('',(1.6168446275825,-45.7249882761408,1.5));
#4417=CARTESIAN_POINT('',(20.5439223137912,-45.7249882761408,1.5));
#4418=CARTESIAN_POINT('',(1.6168446275825,-45.7249882761408,1.3));
#4419=CARTESIAN_POINT('',(1.6168446275825,-45.7249882761408,1.5));
#4420=CARTESIAN_POINT('',(1.6168446275825,-45.7249882761408,1.3));
#4421=CARTESIAN_POINT('Ctrl Pts',(1.8081817957992,-45.2706909123827,1.5));
#4422=CARTESIAN_POINT('Ctrl Pts',(1.8081817957992,-45.2706909123827,1.3));
#4423=CARTESIAN_POINT('Ctrl Pts',(1.75687857320211,-45.3340379503759,1.5));
#4424=CARTESIAN_POINT('Ctrl Pts',(1.75687857320211,-45.3340379503759,1.3));
#4425=CARTESIAN_POINT('Ctrl Pts',(1.64947250090259,-45.4666584018452,1.5));
#4426=CARTESIAN_POINT('Ctrl Pts',(1.64947250090259,-45.4666584018452,1.3));
#4427=CARTESIAN_POINT('Ctrl Pts',(1.62803983730301,-45.6363506535952,1.5));
#4428=CARTESIAN_POINT('Ctrl Pts',(1.62803983730301,-45.6363506535952,1.3));
#4429=CARTESIAN_POINT('Ctrl Pts',(1.6168446275825,-45.7249882761408,1.5));
#4430=CARTESIAN_POINT('Ctrl Pts',(1.6168446275825,-45.7249882761408,1.3));
#4431=CARTESIAN_POINT('Ctrl Pts',(1.8081817957992,-45.2706909123827,1.5));
#4432=CARTESIAN_POINT('Ctrl Pts',(1.75687857320211,-45.3340379503759,1.5));
#4433=CARTESIAN_POINT('Ctrl Pts',(1.64947250090259,-45.4666584018452,1.5));
#4434=CARTESIAN_POINT('Ctrl Pts',(1.62803983730301,-45.6363506535952,1.5));
#4435=CARTESIAN_POINT('Ctrl Pts',(1.6168446275825,-45.7249882761408,1.5));
#4436=CARTESIAN_POINT('Ctrl Pts',(1.8081817957992,-45.2706909123827,1.3));
#4437=CARTESIAN_POINT('Ctrl Pts',(1.75687857320211,-45.3340379503759,1.3));
#4438=CARTESIAN_POINT('Ctrl Pts',(1.64947250090259,-45.4666584018452,1.3));
#4439=CARTESIAN_POINT('Ctrl Pts',(1.62803983730301,-45.6363506535952,1.3));
#4440=CARTESIAN_POINT('Ctrl Pts',(1.6168446275825,-45.7249882761408,1.3));
#4441=CARTESIAN_POINT('Ctrl Pts',(2.25327024193949,-46.7665983680655,1.5));
#4442=CARTESIAN_POINT('Ctrl Pts',(2.25327024193949,-46.7665983680655,1.3));
#4443=CARTESIAN_POINT('Ctrl Pts',(2.31744771054665,-46.7628032694126,1.5));
#4444=CARTESIAN_POINT('Ctrl Pts',(2.31744771054665,-46.7628032694126,1.3));
#4445=CARTESIAN_POINT('Ctrl Pts',(2.44155729679491,-46.755464118558,1.5));
#4446=CARTESIAN_POINT('Ctrl Pts',(2.44155729679491,-46.755464118558,1.3));
#4447=CARTESIAN_POINT('Ctrl Pts',(2.54780353788625,-46.6912129008794,1.5));
#4448=CARTESIAN_POINT('Ctrl Pts',(2.54780353788625,-46.6912129008794,1.3));
#4449=CARTESIAN_POINT('Ctrl Pts',(2.59910950394816,-46.660186195748,1.5));
#4450=CARTESIAN_POINT('Ctrl Pts',(2.59910950394816,-46.660186195748,1.3));
#4451=CARTESIAN_POINT('',(2.25327024193949,-46.7665983680655,1.5));
#4452=CARTESIAN_POINT('',(2.59910950394816,-46.660186195748,1.5));
#4453=CARTESIAN_POINT('Ctrl Pts',(2.25327024193949,-46.7665983680655,1.5));
#4454=CARTESIAN_POINT('Ctrl Pts',(2.31744771054665,-46.7628032694126,1.5));
#4455=CARTESIAN_POINT('Ctrl Pts',(2.44155729679491,-46.755464118558,1.5));
#4456=CARTESIAN_POINT('Ctrl Pts',(2.54780353788625,-46.6912129008794,1.5));
#4457=CARTESIAN_POINT('Ctrl Pts',(2.59910950394816,-46.660186195748,1.5));
#4458=CARTESIAN_POINT('',(2.25327024193949,-46.7665983680655,1.3));
#4459=CARTESIAN_POINT('',(2.25327024193949,-46.7665983680655,1.5));
#4460=CARTESIAN_POINT('',(2.59910950394816,-46.660186195748,1.3));
#4461=CARTESIAN_POINT('Ctrl Pts',(2.25327024193949,-46.7665983680655,1.3));
#4462=CARTESIAN_POINT('Ctrl Pts',(2.31744771054665,-46.7628032694126,1.3));
#4463=CARTESIAN_POINT('Ctrl Pts',(2.44155729679491,-46.755464118558,1.3));
#4464=CARTESIAN_POINT('Ctrl Pts',(2.54780353788625,-46.6912129008794,1.3));
#4465=CARTESIAN_POINT('Ctrl Pts',(2.59910950394816,-46.660186195748,1.3));
#4466=CARTESIAN_POINT('',(2.59910950394816,-46.660186195748,1.5));
#4467=CARTESIAN_POINT('Ctrl Pts',(1.7989728781814,-46.5762843135764,1.5));
#4468=CARTESIAN_POINT('Ctrl Pts',(1.7989728781814,-46.5762843135764,1.3));
#4469=CARTESIAN_POINT('Ctrl Pts',(1.86384594345722,-46.631791387185,1.5));
#4470=CARTESIAN_POINT('Ctrl Pts',(1.86384594345722,-46.631791387185,1.3));
#4471=CARTESIAN_POINT('Ctrl Pts',(1.99480153132973,-46.7438403773875,1.5));
#4472=CARTESIAN_POINT('Ctrl Pts',(1.99480153132973,-46.7438403773875,1.3));
#4473=CARTESIAN_POINT('Ctrl Pts',(2.16658516173478,-46.758965806884,1.5));
#4474=CARTESIAN_POINT('Ctrl Pts',(2.16658516173478,-46.758965806884,1.3));
#4475=CARTESIAN_POINT('Ctrl Pts',(2.25327024193949,-46.7665983680655,1.5));
#4476=CARTESIAN_POINT('Ctrl Pts',(2.25327024193949,-46.7665983680655,1.3));
#4477=CARTESIAN_POINT('',(1.7989728781814,-46.5762843135764,1.5));
#4478=CARTESIAN_POINT('Ctrl Pts',(1.7989728781814,-46.5762843135764,1.5));
#4479=CARTESIAN_POINT('Ctrl Pts',(1.86384594345722,-46.631791387185,1.5));
#4480=CARTESIAN_POINT('Ctrl Pts',(1.99480153132973,-46.7438403773875,1.5));
#4481=CARTESIAN_POINT('Ctrl Pts',(2.16658516173478,-46.758965806884,1.5));
#4482=CARTESIAN_POINT('Ctrl Pts',(2.25327024193949,-46.7665983680655,1.5));
#4483=CARTESIAN_POINT('',(1.7989728781814,-46.5762843135764,1.3));
#4484=CARTESIAN_POINT('',(1.7989728781814,-46.5762843135764,1.5));
#4485=CARTESIAN_POINT('Ctrl Pts',(1.7989728781814,-46.5762843135764,1.3));
#4486=CARTESIAN_POINT('Ctrl Pts',(1.86384594345722,-46.631791387185,1.3));
#4487=CARTESIAN_POINT('Ctrl Pts',(1.99480153132973,-46.7438403773875,1.3));
#4488=CARTESIAN_POINT('Ctrl Pts',(2.16658516173478,-46.758965806884,1.3));
#4489=CARTESIAN_POINT('Ctrl Pts',(2.25327024193949,-46.7665983680655,1.3));
#4490=CARTESIAN_POINT('Ctrl Pts',(1.59638086291498,-46.0278533343245,1.5));
#4491=CARTESIAN_POINT('Ctrl Pts',(1.59638086291498,-46.0278533343245,1.3));
#4492=CARTESIAN_POINT('Ctrl Pts',(1.60702507049071,-46.136973983357,1.5));
#4493=CARTESIAN_POINT('Ctrl Pts',(1.60702507049071,-46.136973983357,1.3));
#4494=CARTESIAN_POINT('Ctrl Pts',(1.62666410571353,-46.3383064221169,1.5));
#4495=CARTESIAN_POINT('Ctrl Pts',(1.62666410571353,-46.3383064221169,1.3));
#4496=CARTESIAN_POINT('Ctrl Pts',(1.74484508838676,-46.5015277176109,1.5));
#4497=CARTESIAN_POINT('Ctrl Pts',(1.74484508838676,-46.5015277176109,1.3));
#4498=CARTESIAN_POINT('Ctrl Pts',(1.7989728781814,-46.5762843135764,1.5));
#4499=CARTESIAN_POINT('Ctrl Pts',(1.7989728781814,-46.5762843135764,1.3));
#4500=CARTESIAN_POINT('',(1.59638086291498,-46.0278533343245,1.5));
#4501=CARTESIAN_POINT('Ctrl Pts',(1.59638086291498,-46.0278533343245,1.5));
#4502=CARTESIAN_POINT('Ctrl Pts',(1.60702507049071,-46.136973983357,1.5));
#4503=CARTESIAN_POINT('Ctrl Pts',(1.62666410571353,-46.3383064221169,1.5));
#4504=CARTESIAN_POINT('Ctrl Pts',(1.74484508838676,-46.5015277176109,1.5));
#4505=CARTESIAN_POINT('Ctrl Pts',(1.7989728781814,-46.5762843135764,1.5));
#4506=CARTESIAN_POINT('',(1.59638086291498,-46.0278533343245,1.3));
#4507=CARTESIAN_POINT('',(1.59638086291498,-46.0278533343245,1.5));
#4508=CARTESIAN_POINT('Ctrl Pts',(1.59638086291498,-46.0278533343245,1.3));
#4509=CARTESIAN_POINT('Ctrl Pts',(1.60702507049071,-46.136973983357,1.3));
#4510=CARTESIAN_POINT('Ctrl Pts',(1.62666410571353,-46.3383064221169,1.3));
#4511=CARTESIAN_POINT('Ctrl Pts',(1.74484508838676,-46.5015277176109,1.3));
#4512=CARTESIAN_POINT('Ctrl Pts',(1.7989728781814,-46.5762843135764,1.3));
#4513=CARTESIAN_POINT('Origin',(3.21711728306956,-46.0278533343245,1.5));
#4514=CARTESIAN_POINT('',(3.21711728306956,-46.0278533343245,1.5));
#4515=CARTESIAN_POINT('',(21.3440586415348,-46.0278533343245,1.5));
#4516=CARTESIAN_POINT('',(3.21711728306956,-46.0278533343245,1.3));
#4517=CARTESIAN_POINT('',(3.21711728306956,-46.0278533343245,1.5));
#4518=CARTESIAN_POINT('',(3.21711728306956,-46.0278533343245,1.3));
#4519=CARTESIAN_POINT('Ctrl Pts',(3.21916410657114,-45.9296269658972,1.5));
#4520=CARTESIAN_POINT('Ctrl Pts',(3.21916410657114,-45.9296269658972,1.3));
#4521=CARTESIAN_POINT('Ctrl Pts',(3.2190342557829,-45.9432702736273,1.5));
#4522=CARTESIAN_POINT('Ctrl Pts',(3.2190342557829,-45.9432702736273,1.3));
#4523=CARTESIAN_POINT('Ctrl Pts',(3.21872256188416,-45.976019676505,1.5));
#4524=CARTESIAN_POINT('Ctrl Pts',(3.21872256188416,-45.976019676505,1.3));
#4525=CARTESIAN_POINT('Ctrl Pts',(3.21770874609543,-46.0087552861741,1.5));
#4526=CARTESIAN_POINT('Ctrl Pts',(3.21770874609543,-46.0087552861741,1.3));
#4527=CARTESIAN_POINT('Ctrl Pts',(3.21711728306956,-46.0278533343245,1.5));
#4528=CARTESIAN_POINT('Ctrl Pts',(3.21711728306956,-46.0278533343245,1.3));
#4529=CARTESIAN_POINT('',(3.21916410657114,-45.9296269658972,1.5));
#4530=CARTESIAN_POINT('Ctrl Pts',(3.21916410657114,-45.9296269658972,1.5));
#4531=CARTESIAN_POINT('Ctrl Pts',(3.2190342557829,-45.9432702736273,1.5));
#4532=CARTESIAN_POINT('Ctrl Pts',(3.21872256188416,-45.976019676505,1.5));
#4533=CARTESIAN_POINT('Ctrl Pts',(3.21770874609543,-46.0087552861741,1.5));
#4534=CARTESIAN_POINT('Ctrl Pts',(3.21711728306956,-46.0278533343245,1.5));
#4535=CARTESIAN_POINT('',(3.21916410657114,-45.9296269658972,1.3));
#4536=CARTESIAN_POINT('',(3.21916410657114,-45.9296269658972,1.5));
#4537=CARTESIAN_POINT('Ctrl Pts',(3.21916410657114,-45.9296269658972,1.3));
#4538=CARTESIAN_POINT('Ctrl Pts',(3.2190342557829,-45.9432702736273,1.3));
#4539=CARTESIAN_POINT('Ctrl Pts',(3.21872256188416,-45.976019676505,1.3));
#4540=CARTESIAN_POINT('Ctrl Pts',(3.21770874609543,-46.0087552861741,1.3));
#4541=CARTESIAN_POINT('Ctrl Pts',(3.21711728306956,-46.0278533343245,1.3));
#4542=CARTESIAN_POINT('Ctrl Pts',(2.94290194245524,-45.0947017911841,1.5));
#4543=CARTESIAN_POINT('Ctrl Pts',(2.94290194245524,-45.0947017911841,1.3));
#4544=CARTESIAN_POINT('Ctrl Pts',(3.02334810334779,-45.2097757671621,1.5));
#4545=CARTESIAN_POINT('Ctrl Pts',(3.02334810334779,-45.2097757671621,1.3));
#4546=CARTESIAN_POINT('Ctrl Pts',(3.19786952170447,-45.4594194205174,1.5));
#4547=CARTESIAN_POINT('Ctrl Pts',(3.19786952170447,-45.4594194205174,1.3));
#4548=CARTESIAN_POINT('Ctrl Pts',(3.21170573595728,-45.7649380479945,1.5));
#4549=CARTESIAN_POINT('Ctrl Pts',(3.21170573595728,-45.7649380479945,1.3));
#4550=CARTESIAN_POINT('Ctrl Pts',(3.21916410657114,-45.9296269658972,1.5));
#4551=CARTESIAN_POINT('Ctrl Pts',(3.21916410657114,-45.9296269658972,1.3));
#4552=CARTESIAN_POINT('',(2.94290194245524,-45.0947017911841,1.5));
#4553=CARTESIAN_POINT('Ctrl Pts',(2.94290194245524,-45.0947017911841,1.5));
#4554=CARTESIAN_POINT('Ctrl Pts',(3.02334810334779,-45.2097757671621,1.5));
#4555=CARTESIAN_POINT('Ctrl Pts',(3.19786952170447,-45.4594194205174,1.5));
#4556=CARTESIAN_POINT('Ctrl Pts',(3.21170573595728,-45.7649380479945,1.5));
#4557=CARTESIAN_POINT('Ctrl Pts',(3.21916410657114,-45.9296269658972,1.5));
#4558=CARTESIAN_POINT('',(2.94290194245524,-45.0947017911841,1.3));
#4559=CARTESIAN_POINT('',(2.94290194245524,-45.0947017911841,1.5));
#4560=CARTESIAN_POINT('Ctrl Pts',(2.94290194245524,-45.0947017911841,1.3));
#4561=CARTESIAN_POINT('Ctrl Pts',(3.02334810334779,-45.2097757671621,1.3));
#4562=CARTESIAN_POINT('Ctrl Pts',(3.19786952170447,-45.4594194205174,1.3));
#4563=CARTESIAN_POINT('Ctrl Pts',(3.21170573595728,-45.7649380479945,1.3));
#4564=CARTESIAN_POINT('Ctrl Pts',(3.21916410657114,-45.9296269658972,1.3));
#4565=CARTESIAN_POINT('Ctrl Pts',(2.23075995179362,-44.7979760114123,1.5));
#4566=CARTESIAN_POINT('Ctrl Pts',(2.23075995179362,-44.7979760114123,1.3));
#4567=CARTESIAN_POINT('Ctrl Pts',(2.36841060395534,-44.8092910365402,1.5));
#4568=CARTESIAN_POINT('Ctrl Pts',(2.36841060395534,-44.8092910365402,1.3));
#4569=CARTESIAN_POINT('Ctrl Pts',(2.63816707901703,-44.8314652961299,1.5));
#4570=CARTESIAN_POINT('Ctrl Pts',(2.63816707901703,-44.8314652961299,1.3));
#4571=CARTESIAN_POINT('Ctrl Pts',(2.84272521499161,-45.0081669906496,1.5));
#4572=CARTESIAN_POINT('Ctrl Pts',(2.84272521499161,-45.0081669906496,1.3));
#4573=CARTESIAN_POINT('Ctrl Pts',(2.94290194245524,-45.0947017911841,1.5));
#4574=CARTESIAN_POINT('Ctrl Pts',(2.94290194245524,-45.0947017911841,1.3));
#4575=CARTESIAN_POINT('',(2.23075995179362,-44.7979760114123,1.5));
#4576=CARTESIAN_POINT('Ctrl Pts',(2.23075995179362,-44.7979760114123,1.5));
#4577=CARTESIAN_POINT('Ctrl Pts',(2.36841060395534,-44.8092910365402,1.5));
#4578=CARTESIAN_POINT('Ctrl Pts',(2.63816707901703,-44.8314652961299,1.5));
#4579=CARTESIAN_POINT('Ctrl Pts',(2.84272521499161,-45.0081669906496,1.5));
#4580=CARTESIAN_POINT('Ctrl Pts',(2.94290194245524,-45.0947017911841,1.5));
#4581=CARTESIAN_POINT('',(2.23075995179362,-44.7979760114123,1.3));
#4582=CARTESIAN_POINT('',(2.23075995179362,-44.7979760114123,1.5));
#4583=CARTESIAN_POINT('Ctrl Pts',(2.23075995179362,-44.7979760114123,1.3));
#4584=CARTESIAN_POINT('Ctrl Pts',(2.36841060395534,-44.8092910365402,1.3));
#4585=CARTESIAN_POINT('Ctrl Pts',(2.63816707901703,-44.8314652961299,1.3));
#4586=CARTESIAN_POINT('Ctrl Pts',(2.84272521499161,-45.0081669906496,1.3));
#4587=CARTESIAN_POINT('Ctrl Pts',(2.94290194245524,-45.0947017911841,1.3));
#4588=CARTESIAN_POINT('Ctrl Pts',(1.49815449448771,-45.1008409205843,1.5));
#4589=CARTESIAN_POINT('Ctrl Pts',(1.49815449448771,-45.1008409205843,1.3));
#4590=CARTESIAN_POINT('Ctrl Pts',(1.60098439691097,-45.0125191840424,1.5));
#4591=CARTESIAN_POINT('Ctrl Pts',(1.60098439691097,-45.0125191840424,1.3));
#4592=CARTESIAN_POINT('Ctrl Pts',(1.81163924102889,-44.831585416675,1.5));
#4593=CARTESIAN_POINT('Ctrl Pts',(1.81163924102889,-44.831585416675,1.3));
#4594=CARTESIAN_POINT('Ctrl Pts',(2.08886188411587,-44.8093548565518,1.5));
#4595=CARTESIAN_POINT('Ctrl Pts',(2.08886188411587,-44.8093548565518,1.3));
#4596=CARTESIAN_POINT('Ctrl Pts',(2.23075995179362,-44.7979760114123,1.5));
#4597=CARTESIAN_POINT('Ctrl Pts',(2.23075995179362,-44.7979760114123,1.3));
#4598=CARTESIAN_POINT('',(1.49815449448771,-45.1008409205843,1.5));
#4599=CARTESIAN_POINT('Ctrl Pts',(1.49815449448771,-45.1008409205843,1.5));
#4600=CARTESIAN_POINT('Ctrl Pts',(1.60098439691097,-45.0125191840424,1.5));
#4601=CARTESIAN_POINT('Ctrl Pts',(1.81163924102889,-44.831585416675,1.5));
#4602=CARTESIAN_POINT('Ctrl Pts',(2.08886188411587,-44.8093548565518,1.5));
#4603=CARTESIAN_POINT('Ctrl Pts',(2.23075995179362,-44.7979760114123,1.5));
#4604=CARTESIAN_POINT('',(1.49815449448771,-45.1008409205843,1.3));
#4605=CARTESIAN_POINT('',(1.49815449448771,-45.1008409205843,1.5));
#4606=CARTESIAN_POINT('Ctrl Pts',(1.49815449448771,-45.1008409205843,1.3));
#4607=CARTESIAN_POINT('Ctrl Pts',(1.60098439691097,-45.0125191840424,1.3));
#4608=CARTESIAN_POINT('Ctrl Pts',(1.81163924102889,-44.831585416675,1.3));
#4609=CARTESIAN_POINT('Ctrl Pts',(2.08886188411587,-44.8093548565518,1.3));
#4610=CARTESIAN_POINT('Ctrl Pts',(2.23075995179362,-44.7979760114123,1.3));
#4611=CARTESIAN_POINT('Ctrl Pts',(1.21575334998316,-45.9521372560431,1.5));
#4612=CARTESIAN_POINT('Ctrl Pts',(1.21575334998316,-45.9521372560431,1.3));
#4613=CARTESIAN_POINT('Ctrl Pts',(1.22341418501784,-45.7842595005397,1.5));
#4614=CARTESIAN_POINT('Ctrl Pts',(1.22341418501784,-45.7842595005397,1.3));
#4615=CARTESIAN_POINT('Ctrl Pts',(1.23763416745461,-45.4726461158402,1.5));
#4616=CARTESIAN_POINT('Ctrl Pts',(1.23763416745461,-45.4726461158402,1.3));
#4617=CARTESIAN_POINT('Ctrl Pts',(1.41591855681846,-45.2182050787303,1.5));
#4618=CARTESIAN_POINT('Ctrl Pts',(1.41591855681846,-45.2182050787303,1.3));
#4619=CARTESIAN_POINT('Ctrl Pts',(1.49815449448771,-45.1008409205843,1.5));
#4620=CARTESIAN_POINT('Ctrl Pts',(1.49815449448771,-45.1008409205843,1.3));
#4621=CARTESIAN_POINT('',(1.21575334998316,-45.9521372560431,1.5));
#4622=CARTESIAN_POINT('Ctrl Pts',(1.21575334998316,-45.9521372560431,1.5));
#4623=CARTESIAN_POINT('Ctrl Pts',(1.22341418501784,-45.7842595005397,1.5));
#4624=CARTESIAN_POINT('Ctrl Pts',(1.23763416745461,-45.4726461158402,1.5));
#4625=CARTESIAN_POINT('Ctrl Pts',(1.41591855681846,-45.2182050787303,1.5));
#4626=CARTESIAN_POINT('Ctrl Pts',(1.49815449448771,-45.1008409205843,1.5));
#4627=CARTESIAN_POINT('',(1.21575334998316,-45.9521372560431,1.3));
#4628=CARTESIAN_POINT('',(1.21575334998316,-45.9521372560431,1.5));
#4629=CARTESIAN_POINT('Ctrl Pts',(1.21575334998316,-45.9521372560431,1.3));
#4630=CARTESIAN_POINT('Ctrl Pts',(1.22341418501784,-45.7842595005397,1.3));
#4631=CARTESIAN_POINT('Ctrl Pts',(1.23763416745461,-45.4726461158402,1.3));
#4632=CARTESIAN_POINT('Ctrl Pts',(1.41591855681846,-45.2182050787303,1.3));
#4633=CARTESIAN_POINT('Ctrl Pts',(1.49815449448771,-45.1008409205843,1.3));
#4634=CARTESIAN_POINT('Ctrl Pts',(1.49508485528177,-46.7758069876601,1.5));
#4635=CARTESIAN_POINT('Ctrl Pts',(1.49508485528177,-46.7758069876601,1.3));
#4636=CARTESIAN_POINT('Ctrl Pts',(1.41373257628763,-46.6623203219883,1.5));
#4637=CARTESIAN_POINT('Ctrl Pts',(1.41373257628763,-46.6623203219883,1.3));
#4638=CARTESIAN_POINT('Ctrl Pts',(1.23797920364178,-46.4171438562672,1.5));
#4639=CARTESIAN_POINT('Ctrl Pts',(1.23797920364178,-46.4171438562672,1.3));
#4640=CARTESIAN_POINT('Ctrl Pts',(1.22351981381947,-46.1146262654532,1.5));
#4641=CARTESIAN_POINT('Ctrl Pts',(1.22351981381947,-46.1146262654532,1.3));
#4642=CARTESIAN_POINT('Ctrl Pts',(1.21575334998316,-45.9521372560431,1.5));
#4643=CARTESIAN_POINT('Ctrl Pts',(1.21575334998316,-45.9521372560431,1.3));
#4644=CARTESIAN_POINT('',(1.49508485528177,-46.7758069876601,1.5));
#4645=CARTESIAN_POINT('Ctrl Pts',(1.49508485528177,-46.7758069876601,1.5));
#4646=CARTESIAN_POINT('Ctrl Pts',(1.41373257628763,-46.6623203219883,1.5));
#4647=CARTESIAN_POINT('Ctrl Pts',(1.23797920364178,-46.4171438562672,1.5));
#4648=CARTESIAN_POINT('Ctrl Pts',(1.22351981381947,-46.1146262654532,1.5));
#4649=CARTESIAN_POINT('Ctrl Pts',(1.21575334998316,-45.9521372560431,1.5));
#4650=CARTESIAN_POINT('',(1.49508485528177,-46.7758069876601,1.3));
#4651=CARTESIAN_POINT('',(1.49508485528177,-46.7758069876601,1.5));
#4652=CARTESIAN_POINT('Ctrl Pts',(1.49508485528177,-46.7758069876601,1.3));
#4653=CARTESIAN_POINT('Ctrl Pts',(1.41373257628763,-46.6623203219883,1.3));
#4654=CARTESIAN_POINT('Ctrl Pts',(1.23797920364178,-46.4171438562672,1.3));
#4655=CARTESIAN_POINT('Ctrl Pts',(1.22351981381947,-46.1146262654532,1.3));
#4656=CARTESIAN_POINT('Ctrl Pts',(1.21575334998316,-45.9521372560431,1.3));
#4657=CARTESIAN_POINT('Ctrl Pts',(2.25122401448435,-47.0694632772375,1.5));
#4658=CARTESIAN_POINT('Ctrl Pts',(2.25122401448435,-47.0694632772375,1.3));
#4659=CARTESIAN_POINT('Ctrl Pts',(2.10289269836989,-47.0596337587795,1.5));
#4660=CARTESIAN_POINT('Ctrl Pts',(2.10289269836989,-47.0596337587795,1.3));
#4661=CARTESIAN_POINT('Ctrl Pts',(1.81923779644062,-47.0408367092604,1.5));
#4662=CARTESIAN_POINT('Ctrl Pts',(1.81923779644062,-47.0408367092604,1.3));
#4663=CARTESIAN_POINT('Ctrl Pts',(1.59978125290882,-46.8614074977664,1.5));
#4664=CARTESIAN_POINT('Ctrl Pts',(1.59978125290882,-46.8614074977664,1.3));
#4665=CARTESIAN_POINT('Ctrl Pts',(1.49508485528177,-46.7758069876601,1.5));
#4666=CARTESIAN_POINT('Ctrl Pts',(1.49508485528177,-46.7758069876601,1.3));
#4667=CARTESIAN_POINT('',(2.25122401448435,-47.0694632772375,1.5));
#4668=CARTESIAN_POINT('Ctrl Pts',(2.25122401448435,-47.0694632772375,1.5));
#4669=CARTESIAN_POINT('Ctrl Pts',(2.10289269836989,-47.0596337587795,1.5));
#4670=CARTESIAN_POINT('Ctrl Pts',(1.81923779644062,-47.0408367092604,1.5));
#4671=CARTESIAN_POINT('Ctrl Pts',(1.59978125290882,-46.8614074977664,1.5));
#4672=CARTESIAN_POINT('Ctrl Pts',(1.49508485528177,-46.7758069876601,1.5));
#4673=CARTESIAN_POINT('',(2.25122401448435,-47.0694632772375,1.3));
#4674=CARTESIAN_POINT('',(2.25122401448435,-47.0694632772375,1.5));
#4675=CARTESIAN_POINT('Ctrl Pts',(2.25122401448435,-47.0694632772375,1.3));
#4676=CARTESIAN_POINT('Ctrl Pts',(2.10289269836989,-47.0596337587795,1.3));
#4677=CARTESIAN_POINT('Ctrl Pts',(1.81923779644062,-47.0408367092604,1.3));
#4678=CARTESIAN_POINT('Ctrl Pts',(1.59978125290882,-46.8614074977664,1.3));
#4679=CARTESIAN_POINT('Ctrl Pts',(1.49508485528177,-46.7758069876601,1.3));
#4680=CARTESIAN_POINT('Ctrl Pts',(2.87332484456247,-46.8852885011603,1.5));
#4681=CARTESIAN_POINT('Ctrl Pts',(2.87332484456247,-46.8852885011603,1.3));
#4682=CARTESIAN_POINT('Ctrl Pts',(2.78323407698939,-46.9389574776927,1.5));
#4683=CARTESIAN_POINT('Ctrl Pts',(2.78323407698939,-46.9389574776927,1.3));
#4684=CARTESIAN_POINT('Ctrl Pts',(2.59197512711761,-47.0528944811037,1.5));
#4685=CARTESIAN_POINT('Ctrl Pts',(2.59197512711761,-47.0528944811037,1.3));
#4686=CARTESIAN_POINT('Ctrl Pts',(2.36911037620974,-47.0637311313341,1.5));
#4687=CARTESIAN_POINT('Ctrl Pts',(2.36911037620974,-47.0637311313341,1.3));
#4688=CARTESIAN_POINT('Ctrl Pts',(2.25122401448435,-47.0694632772375,1.5));
#4689=CARTESIAN_POINT('Ctrl Pts',(2.25122401448435,-47.0694632772375,1.3));
#4690=CARTESIAN_POINT('',(2.87332484456247,-46.8852885011603,1.5));
#4691=CARTESIAN_POINT('Ctrl Pts',(2.87332484456247,-46.8852885011603,1.5));
#4692=CARTESIAN_POINT('Ctrl Pts',(2.78323407698939,-46.9389574776927,1.5));
#4693=CARTESIAN_POINT('Ctrl Pts',(2.59197512711761,-47.0528944811037,1.5));
#4694=CARTESIAN_POINT('Ctrl Pts',(2.36911037620974,-47.0637311313341,1.5));
#4695=CARTESIAN_POINT('Ctrl Pts',(2.25122401448435,-47.0694632772375,1.5));
#4696=CARTESIAN_POINT('',(2.87332484456247,-46.8852885011603,1.3));
#4697=CARTESIAN_POINT('',(2.87332484456247,-46.8852885011603,1.5));
#4698=CARTESIAN_POINT('Ctrl Pts',(2.87332484456247,-46.8852885011603,1.3));
#4699=CARTESIAN_POINT('Ctrl Pts',(2.78323407698939,-46.9389574776927,1.3));
#4700=CARTESIAN_POINT('Ctrl Pts',(2.59197512711761,-47.0528944811037,1.3));
#4701=CARTESIAN_POINT('Ctrl Pts',(2.36911037620974,-47.0637311313341,1.3));
#4702=CARTESIAN_POINT('Ctrl Pts',(2.25122401448435,-47.0694632772375,1.3));
#4703=CARTESIAN_POINT('Ctrl Pts',(3.20688554974741,-46.3675533179213,1.5));
#4704=CARTESIAN_POINT('Ctrl Pts',(3.20688554974741,-46.3675533179213,1.3));
#4705=CARTESIAN_POINT('Ctrl Pts',(3.17191580939306,-46.4714020169165,1.5));
#4706=CARTESIAN_POINT('Ctrl Pts',(3.17191580939306,-46.4714020169165,1.3));
#4707=CARTESIAN_POINT('Ctrl Pts',(3.10424293204423,-46.6723683437673,1.5));
#4708=CARTESIAN_POINT('Ctrl Pts',(3.10424293204423,-46.6723683437673,1.3));
#4709=CARTESIAN_POINT('Ctrl Pts',(2.94855941029836,-46.8159177742823,1.5));
#4710=CARTESIAN_POINT('Ctrl Pts',(2.94855941029836,-46.8159177742823,1.3));
#4711=CARTESIAN_POINT('Ctrl Pts',(2.87332484456247,-46.8852885011603,1.5));
#4712=CARTESIAN_POINT('Ctrl Pts',(2.87332484456247,-46.8852885011603,1.3));
#4713=CARTESIAN_POINT('',(3.20688554974741,-46.3675533179213,1.5));
#4714=CARTESIAN_POINT('Ctrl Pts',(3.20688554974741,-46.3675533179213,1.5));
#4715=CARTESIAN_POINT('Ctrl Pts',(3.17191580939306,-46.4714020169165,1.5));
#4716=CARTESIAN_POINT('Ctrl Pts',(3.10424293204423,-46.6723683437673,1.5));
#4717=CARTESIAN_POINT('Ctrl Pts',(2.94855941029836,-46.8159177742823,1.5));
#4718=CARTESIAN_POINT('Ctrl Pts',(2.87332484456247,-46.8852885011603,1.5));
#4719=CARTESIAN_POINT('',(3.20688554974741,-46.3675533179213,1.3));
#4720=CARTESIAN_POINT('',(3.20688554974741,-46.3675533179213,1.5));
#4721=CARTESIAN_POINT('Ctrl Pts',(3.20688554974741,-46.3675533179213,1.3));
#4722=CARTESIAN_POINT('Ctrl Pts',(3.17191580939306,-46.4714020169165,1.3));
#4723=CARTESIAN_POINT('Ctrl Pts',(3.10424293204423,-46.6723683437673,1.3));
#4724=CARTESIAN_POINT('Ctrl Pts',(2.94855941029836,-46.8159177742823,1.3));
#4725=CARTESIAN_POINT('Ctrl Pts',(2.87332484456247,-46.8852885011603,1.3));
#4726=CARTESIAN_POINT('Origin',(2.82625803681559,-46.3204862121512,1.5));
#4727=CARTESIAN_POINT('',(2.82625803681559,-46.3204862121512,1.5));
#4728=CARTESIAN_POINT('',(19.1432049670267,-48.3381844628478,1.5));
#4729=CARTESIAN_POINT('',(2.82625803681559,-46.3204862121512,1.3));
#4730=CARTESIAN_POINT('',(2.82625803681559,-46.3204862121512,1.5));
#4731=CARTESIAN_POINT('',(2.82625803681559,-46.3204862121512,1.3));
#4732=CARTESIAN_POINT('Ctrl Pts',(2.59910950394816,-46.660186195748,1.5));
#4733=CARTESIAN_POINT('Ctrl Pts',(2.59910950394816,-46.660186195748,1.3));
#4734=CARTESIAN_POINT('Ctrl Pts',(2.64537134843136,-46.6165198749385,1.5));
#4735=CARTESIAN_POINT('Ctrl Pts',(2.64537134843136,-46.6165198749385,1.3));
#4736=CARTESIAN_POINT('Ctrl Pts',(2.7466900226792,-46.5208856912366,1.5));
#4737=CARTESIAN_POINT('Ctrl Pts',(2.7466900226792,-46.5208856912366,1.3));
#4738=CARTESIAN_POINT('Ctrl Pts',(2.79824365798636,-46.3910430431242,1.5));
#4739=CARTESIAN_POINT('Ctrl Pts',(2.79824365798636,-46.3910430431242,1.3));
#4740=CARTESIAN_POINT('Ctrl Pts',(2.82625803681559,-46.3204862121512,1.5));
#4741=CARTESIAN_POINT('Ctrl Pts',(2.82625803681559,-46.3204862121512,1.3));
#4742=CARTESIAN_POINT('Ctrl Pts',(2.59910950394816,-46.660186195748,1.5));
#4743=CARTESIAN_POINT('Ctrl Pts',(2.64537134843136,-46.6165198749385,1.5));
#4744=CARTESIAN_POINT('Ctrl Pts',(2.7466900226792,-46.5208856912366,1.5));
#4745=CARTESIAN_POINT('Ctrl Pts',(2.79824365798636,-46.3910430431242,1.5));
#4746=CARTESIAN_POINT('Ctrl Pts',(2.82625803681559,-46.3204862121512,1.5));
#4747=CARTESIAN_POINT('Ctrl Pts',(2.59910950394816,-46.660186195748,1.3));
#4748=CARTESIAN_POINT('Ctrl Pts',(2.64537134843136,-46.6165198749385,1.3));
#4749=CARTESIAN_POINT('Ctrl Pts',(2.7466900226792,-46.5208856912366,1.3));
#4750=CARTESIAN_POINT('Ctrl Pts',(2.79824365798636,-46.3910430431242,1.3));
#4751=CARTESIAN_POINT('Ctrl Pts',(2.82625803681559,-46.3204862121512,1.3));
#4752=CARTESIAN_POINT('Origin',(6.43915054345972,-45.961345726626,1.3));
#4753=CARTESIAN_POINT('Origin',(12.8126157257194,-45.3484536651541,1.5));
#4754=CARTESIAN_POINT('',(12.8126157257194,-45.3484536651541,1.5));
#4755=CARTESIAN_POINT('',(12.372642848217,-47.0203499440123,1.5));
#4756=CARTESIAN_POINT('',(17.051107530834,-29.2421911219528,1.5));
#4757=CARTESIAN_POINT('',(12.8126157257194,-45.3484536651541,1.3));
#4758=CARTESIAN_POINT('',(12.8126157257194,-45.3484536651541,1.5));
#4759=CARTESIAN_POINT('',(12.372642848217,-47.0203499440123,1.3));
#4760=CARTESIAN_POINT('',(12.8126157257194,-45.3484536651541,1.3));
#4761=CARTESIAN_POINT('',(12.372642848217,-47.0203499440123,1.5));
#4762=CARTESIAN_POINT('Origin',(12.896517607891,-45.7188492957522,1.5));
#4763=CARTESIAN_POINT('',(12.896517607891,-45.7188492957522,1.5));
#4764=CARTESIAN_POINT('',(10.5502556866477,-35.3609748193559,1.5));
#4765=CARTESIAN_POINT('',(12.896517607891,-45.7188492957522,1.3));
#4766=CARTESIAN_POINT('',(12.896517607891,-45.7188492957522,1.5));
#4767=CARTESIAN_POINT('',(12.896517607891,-45.7188492957522,1.3));
#4768=CARTESIAN_POINT('Origin',(13.2423568698997,-47.0203499440123,1.5));
#4769=CARTESIAN_POINT('',(13.2423568698997,-47.0203499440123,1.5));
#4770=CARTESIAN_POINT('',(10.4960071640281,-36.684982288586,1.5));
#4771=CARTESIAN_POINT('',(13.2423568698997,-47.0203499440123,1.3));
#4772=CARTESIAN_POINT('',(13.2423568698997,-47.0203499440123,1.5));
#4773=CARTESIAN_POINT('',(13.2423568698997,-47.0203499440123,1.3));
#4774=CARTESIAN_POINT('Origin',(13.6250306102867,-47.0203499440123,1.5));
#4775=CARTESIAN_POINT('',(13.6250306102867,-47.0203499440123,1.5));
#4776=CARTESIAN_POINT('',(26.5480153051433,-47.0203499440123,1.5));
#4777=CARTESIAN_POINT('',(13.6250306102867,-47.0203499440123,1.3));
#4778=CARTESIAN_POINT('',(13.6250306102867,-47.0203499440123,1.5));
#4779=CARTESIAN_POINT('',(13.6250306102867,-47.0203499440123,1.3));
#4780=CARTESIAN_POINT('Origin',(14.3044305774803,-44.8470893446375,1.5));
#4781=CARTESIAN_POINT('',(14.3044305774803,-44.8470893446375,1.5));
#4782=CARTESIAN_POINT('',(19.2588618104221,-28.9988840005298,1.5));
#4783=CARTESIAN_POINT('',(14.3044305774803,-44.8470893446375,1.3));
#4784=CARTESIAN_POINT('',(14.3044305774803,-44.8470893446375,1.5));
#4785=CARTESIAN_POINT('',(14.3044305774803,-44.8470893446375,1.3));
#4786=CARTESIAN_POINT('Origin',(13.9463127586479,-44.8470893446375,1.5));
#4787=CARTESIAN_POINT('',(13.9463127586479,-44.8470893446375,1.5));
#4788=CARTESIAN_POINT('',(26.7086563793239,-44.8470893446375,1.5));
#4789=CARTESIAN_POINT('',(13.9463127586479,-44.8470893446375,1.3));
#4790=CARTESIAN_POINT('',(13.9463127586479,-44.8470893446375,1.5));
#4791=CARTESIAN_POINT('',(13.9463127586479,-44.8470893446375,1.3));
#4792=CARTESIAN_POINT('Origin',(13.573870751583,-46.1035694126059,1.5));
#4793=CARTESIAN_POINT('',(13.573870751583,-46.1035694126059,1.5));
#4794=CARTESIAN_POINT('',(18.4592914186947,-29.6219868428981,1.5));
#4795=CARTESIAN_POINT('',(13.573870751583,-46.1035694126059,1.3));
#4796=CARTESIAN_POINT('',(13.573870751583,-46.1035694126059,1.5));
#4797=CARTESIAN_POINT('',(13.573870751583,-46.1035694126059,1.3));
#4798=CARTESIAN_POINT('Origin',(13.4490419361228,-46.5230785254408,1.5));
#4799=CARTESIAN_POINT('',(13.4490419361228,-46.5230785254408,1.5));
#4800=CARTESIAN_POINT('',(18.4166899965866,-29.8284265491455,1.5));
#4801=CARTESIAN_POINT('',(13.4490419361228,-46.5230785254408,1.3));
#4802=CARTESIAN_POINT('',(13.4490419361228,-46.5230785254408,1.5));
#4803=CARTESIAN_POINT('',(13.4490419361228,-46.5230785254408,1.3));
#4804=CARTESIAN_POINT('Origin',(13.3405829403037,-46.1076624635626,1.5));
#4805=CARTESIAN_POINT('',(13.3405829403037,-46.1076624635626,1.5));
#4806=CARTESIAN_POINT('',(10.7295379428651,-36.1069241934796,1.5));
#4807=CARTESIAN_POINT('',(13.3405829403037,-46.1076624635626,1.3));
#4808=CARTESIAN_POINT('',(13.3405829403037,-46.1076624635626,1.5));
#4809=CARTESIAN_POINT('',(13.3405829403037,-46.1076624635626,1.3));
#4810=CARTESIAN_POINT('Origin',(13.0152083370323,-44.8470893446375,1.5));
#4811=CARTESIAN_POINT('',(13.0152083370323,-44.8470893446375,1.5));
#4812=CARTESIAN_POINT('',(10.5834241006504,-35.4258198030467,1.5));
#4813=CARTESIAN_POINT('',(13.0152083370323,-44.8470893446375,1.3));
#4814=CARTESIAN_POINT('',(13.0152083370323,-44.8470893446375,1.5));
#4815=CARTESIAN_POINT('',(13.0152083370323,-44.8470893446375,1.3));
#4816=CARTESIAN_POINT('Origin',(12.6366270515556,-44.8470893446375,1.5));
#4817=CARTESIAN_POINT('',(12.6366270515556,-44.8470893446375,1.5));
#4818=CARTESIAN_POINT('',(26.0538135257778,-44.8470893446375,1.5));
#4819=CARTESIAN_POINT('',(12.6366270515556,-44.8470893446375,1.3));
#4820=CARTESIAN_POINT('',(12.6366270515556,-44.8470893446375,1.5));
#4821=CARTESIAN_POINT('',(12.6366270515556,-44.8470893446375,1.3));
#4822=CARTESIAN_POINT('Origin',(12.2907877895469,-46.1199407223631,1.5));
#4823=CARTESIAN_POINT('',(12.2907877895469,-46.1199407223631,1.5));
#4824=CARTESIAN_POINT('',(16.7926645894702,-29.55091367248,1.5));
#4825=CARTESIAN_POINT('',(12.2907877895469,-46.1199407223631,1.3));
#4826=CARTESIAN_POINT('',(12.2907877895469,-46.1199407223631,1.5));
#4827=CARTESIAN_POINT('',(12.2907877895469,-46.1199407223631,1.3));
#4828=CARTESIAN_POINT('Ctrl Pts',(12.1782363388175,-46.5680988077094,1.5));
#4829=CARTESIAN_POINT('Ctrl Pts',(12.1782363388175,-46.5680988077094,1.3));
#4830=CARTESIAN_POINT('Ctrl Pts',(12.1889623337091,-46.5249497894251,1.5));
#4831=CARTESIAN_POINT('Ctrl Pts',(12.1889623337091,-46.5249497894251,1.3));
#4832=CARTESIAN_POINT('Ctrl Pts',(12.2261191900494,-46.3754735040239,1.5));
#4833=CARTESIAN_POINT('Ctrl Pts',(12.2261191900494,-46.3754735040239,1.3));
#4834=CARTESIAN_POINT('Ctrl Pts',(12.2639076489657,-46.2261554409052,1.5));
#4835=CARTESIAN_POINT('Ctrl Pts',(12.2639076489657,-46.2261554409052,1.3));
#4836=CARTESIAN_POINT('Ctrl Pts',(12.2907877895469,-46.1199407223631,1.5));
#4837=CARTESIAN_POINT('Ctrl Pts',(12.2907877895469,-46.1199407223631,1.3));
#4838=CARTESIAN_POINT('',(12.1782363388175,-46.5680988077094,1.5));
#4839=CARTESIAN_POINT('Ctrl Pts',(12.1782363388175,-46.5680988077094,1.5));
#4840=CARTESIAN_POINT('Ctrl Pts',(12.1889623337091,-46.5249497894251,1.5));
#4841=CARTESIAN_POINT('Ctrl Pts',(12.2261191900494,-46.3754735040239,1.5));
#4842=CARTESIAN_POINT('Ctrl Pts',(12.2639076489657,-46.2261554409052,1.5));
#4843=CARTESIAN_POINT('Ctrl Pts',(12.2907877895469,-46.1199407223631,1.5));
#4844=CARTESIAN_POINT('',(12.1782363388175,-46.5680988077094,1.3));
#4845=CARTESIAN_POINT('',(12.1782363388175,-46.5680988077094,1.5));
#4846=CARTESIAN_POINT('Ctrl Pts',(12.1782363388175,-46.5680988077094,1.3));
#4847=CARTESIAN_POINT('Ctrl Pts',(12.1889623337091,-46.5249497894251,1.3));
#4848=CARTESIAN_POINT('Ctrl Pts',(12.2261191900494,-46.3754735040239,1.3));
#4849=CARTESIAN_POINT('Ctrl Pts',(12.2639076489657,-46.2261554409052,1.3));
#4850=CARTESIAN_POINT('Ctrl Pts',(12.2907877895469,-46.1199407223631,1.3));
#4851=CARTESIAN_POINT('Origin',(12.0493138763542,-46.1015231851508,1.5));
#4852=CARTESIAN_POINT('',(12.0493138763542,-46.1015231851508,1.5));
#4853=CARTESIAN_POINT('',(9.40463271751708,-36.5303147659515,1.5));
#4854=CARTESIAN_POINT('',(12.0493138763542,-46.1015231851508,1.3));
#4855=CARTESIAN_POINT('',(12.0493138763542,-46.1015231851508,1.5));
#4856=CARTESIAN_POINT('',(12.0493138763542,-46.1015231851508,1.3));
#4857=CARTESIAN_POINT('Origin',(11.7034758064384,-44.8470893446375,1.5));
#4858=CARTESIAN_POINT('',(11.7034758064384,-44.8470893446375,1.5));
#4859=CARTESIAN_POINT('',(9.2346482453659,-35.8920866760321,1.5));
#4860=CARTESIAN_POINT('',(11.7034758064384,-44.8470893446375,1.3));
#4861=CARTESIAN_POINT('',(11.7034758064384,-44.8470893446375,1.5));
#4862=CARTESIAN_POINT('',(11.7034758064384,-44.8470893446375,1.3));
#4863=CARTESIAN_POINT('Origin',(11.3228476974601,-44.8470893446375,1.5));
#4864=CARTESIAN_POINT('',(11.3228476974601,-44.8470893446375,1.5));
#4865=CARTESIAN_POINT('',(25.3969238487301,-44.8470893446375,1.5));
#4866=CARTESIAN_POINT('',(11.3228476974601,-44.8470893446375,1.3));
#4867=CARTESIAN_POINT('',(11.3228476974601,-44.8470893446375,1.5));
#4868=CARTESIAN_POINT('',(11.3228476974601,-44.8470893446375,1.3));
#4869=CARTESIAN_POINT('Origin',(11.9879222843284,-47.0203499440123,1.5));
#4870=CARTESIAN_POINT('',(11.9879222843284,-47.0203499440123,1.5));
#4871=CARTESIAN_POINT('',(9.09327809189586,-37.5615369073498,1.5));
#4872=CARTESIAN_POINT('',(11.9879222843284,-47.0203499440123,1.3));
#4873=CARTESIAN_POINT('',(11.9879222843284,-47.0203499440123,1.5));
#4874=CARTESIAN_POINT('',(11.9879222843284,-47.0203499440123,1.3));
#4875=CARTESIAN_POINT('Origin',(12.372642848217,-47.0203499440123,1.5));
#4876=CARTESIAN_POINT('',(25.9218214241085,-47.0203499440123,1.5));
#4877=CARTESIAN_POINT('',(12.372642848217,-47.0203499440123,1.3));
#4878=CARTESIAN_POINT('Origin',(6.43915054345972,-45.961345726626,1.3));
#4879=CARTESIAN_POINT('Origin',(8.68505844803996,-44.020349824803,1.5));
#4880=CARTESIAN_POINT('',(8.68505844803996,-44.020349824803,1.5));
#4881=CARTESIAN_POINT('',(8.68505844803995,-47.0203499440123,1.5));
#4882=CARTESIAN_POINT('',(8.68505844803997,-30.9704297009973,1.5));
#4883=CARTESIAN_POINT('',(8.68505844803996,-44.020349824803,1.3));
#4884=CARTESIAN_POINT('',(8.68505844803996,-44.020349824803,1.5));
#4885=CARTESIAN_POINT('',(8.68505844803995,-47.0203499440123,1.3));
#4886=CARTESIAN_POINT('',(8.68505844803996,-44.020349824803,1.3));
#4887=CARTESIAN_POINT('',(8.68505844803995,-47.0203499440123,1.5));
#4888=CARTESIAN_POINT('Origin',(8.31670889588542,-44.020349824803,1.5));
#4889=CARTESIAN_POINT('',(8.31670889588542,-44.020349824803,1.5));
#4890=CARTESIAN_POINT('',(23.8938544479427,-44.020349824803,1.5));
#4891=CARTESIAN_POINT('',(8.31670889588542,-44.020349824803,1.3));
#4892=CARTESIAN_POINT('',(8.31670889588542,-44.020349824803,1.5));
#4893=CARTESIAN_POINT('',(8.31670889588541,-44.020349824803,1.3));
#4894=CARTESIAN_POINT('Origin',(8.31670889588541,-47.0203499440123,1.5));
#4895=CARTESIAN_POINT('',(8.31670889588541,-47.0203499440123,1.5));
#4896=CARTESIAN_POINT('',(8.31670889588543,-32.4704297606019,1.5));
#4897=CARTESIAN_POINT('',(8.31670889588541,-47.0203499440123,1.3));
#4898=CARTESIAN_POINT('',(8.31670889588541,-47.0203499440123,1.5));
#4899=CARTESIAN_POINT('',(8.31670889588541,-47.0203499440123,1.3));
#4900=CARTESIAN_POINT('Origin',(8.68505844803995,-47.0203499440123,1.5));
#4901=CARTESIAN_POINT('',(24.07802922402,-47.0203499440123,1.5));
#4902=CARTESIAN_POINT('',(8.68505844803995,-47.0203499440123,1.3));
#4903=CARTESIAN_POINT('Origin',(6.43915054345972,-45.961345726626,1.3));
#4904=CARTESIAN_POINT('Ctrl Pts',(10.137990805828,-45.1028874460627,1.5));
#4905=CARTESIAN_POINT('Ctrl Pts',(10.137990805828,-45.1028874460627,1.3));
#4906=CARTESIAN_POINT('Ctrl Pts',(10.0498504564824,-45.1114713859489,1.5));
#4907=CARTESIAN_POINT('Ctrl Pts',(10.0498504564824,-45.1114713859489,1.3));
#4908=CARTESIAN_POINT('Ctrl Pts',(9.87371256392074,-45.1286253579112,1.5));
#4909=CARTESIAN_POINT('Ctrl Pts',(9.87371256392074,-45.1286253579112,1.3));
#4910=CARTESIAN_POINT('Ctrl Pts',(9.74426926741114,-45.2492892054164,1.5));
#4911=CARTESIAN_POINT('Ctrl Pts',(9.74426926741114,-45.2492892054164,1.3));
#4912=CARTESIAN_POINT('Ctrl Pts',(9.67960009309,-45.3095722142626,1.5));
#4913=CARTESIAN_POINT('Ctrl Pts',(9.67960009309,-45.3095722142626,1.3));
#4914=CARTESIAN_POINT('',(10.137990805828,-45.1028874460627,1.5));
#4915=CARTESIAN_POINT('',(9.67960009309,-45.3095722142626,1.5));
#4916=CARTESIAN_POINT('Ctrl Pts',(10.137990805828,-45.1028874460627,1.5));
#4917=CARTESIAN_POINT('Ctrl Pts',(10.0498504564824,-45.1114713859489,1.5));
#4918=CARTESIAN_POINT('Ctrl Pts',(9.87371256392074,-45.1286253579112,1.5));
#4919=CARTESIAN_POINT('Ctrl Pts',(9.74426926741114,-45.2492892054164,1.5));
#4920=CARTESIAN_POINT('Ctrl Pts',(9.67960009309,-45.3095722142626,1.5));
#4921=CARTESIAN_POINT('',(10.137990805828,-45.1028874460627,1.3));
#4922=CARTESIAN_POINT('',(10.137990805828,-45.1028874460627,1.5));
#4923=CARTESIAN_POINT('',(9.67960009309,-45.3095722142626,1.3));
#4924=CARTESIAN_POINT('Ctrl Pts',(10.137990805828,-45.1028874460627,1.3));
#4925=CARTESIAN_POINT('Ctrl Pts',(10.0498504564824,-45.1114713859489,1.3));
#4926=CARTESIAN_POINT('Ctrl Pts',(9.87371256392074,-45.1286253579112,1.3));
#4927=CARTESIAN_POINT('Ctrl Pts',(9.74426926741114,-45.2492892054164,1.3));
#4928=CARTESIAN_POINT('Ctrl Pts',(9.67960009309,-45.3095722142626,1.3));
#4929=CARTESIAN_POINT('',(9.67960009309,-45.3095722142626,1.5));
#4930=CARTESIAN_POINT('Ctrl Pts',(10.5933106872672,-45.3105954770018,1.5));
#4931=CARTESIAN_POINT('Ctrl Pts',(10.5933106872672,-45.3105954770018,1.3));
#4932=CARTESIAN_POINT('Ctrl Pts',(10.5287781564005,-45.2500143775004,1.5));
#4933=CARTESIAN_POINT('Ctrl Pts',(10.5287781564005,-45.2500143775004,1.3));
#4934=CARTESIAN_POINT('Ctrl Pts',(10.4003502891706,-45.1294503565498,1.5));
#4935=CARTESIAN_POINT('Ctrl Pts',(10.4003502891706,-45.1294503565498,1.3));
#4936=CARTESIAN_POINT('Ctrl Pts',(10.22515422201,-45.1117124139743,1.5));
#4937=CARTESIAN_POINT('Ctrl Pts',(10.22515422201,-45.1117124139743,1.3));
#4938=CARTESIAN_POINT('Ctrl Pts',(10.137990805828,-45.1028874460627,1.5));
#4939=CARTESIAN_POINT('Ctrl Pts',(10.137990805828,-45.1028874460627,1.3));
#4940=CARTESIAN_POINT('',(10.5933106872672,-45.3105954770018,1.5));
#4941=CARTESIAN_POINT('Ctrl Pts',(10.5933106872672,-45.3105954770018,1.5));
#4942=CARTESIAN_POINT('Ctrl Pts',(10.5287781564005,-45.2500143775004,1.5));
#4943=CARTESIAN_POINT('Ctrl Pts',(10.4003502891706,-45.1294503565498,1.5));
#4944=CARTESIAN_POINT('Ctrl Pts',(10.22515422201,-45.1117124139743,1.5));
#4945=CARTESIAN_POINT('Ctrl Pts',(10.137990805828,-45.1028874460627,1.5));
#4946=CARTESIAN_POINT('',(10.5933106872672,-45.3105954770018,1.3));
#4947=CARTESIAN_POINT('',(10.5933106872672,-45.3105954770018,1.5));
#4948=CARTESIAN_POINT('Ctrl Pts',(10.5933106872672,-45.3105954770018,1.3));
#4949=CARTESIAN_POINT('Ctrl Pts',(10.5287781564005,-45.2500143775004,1.3));
#4950=CARTESIAN_POINT('Ctrl Pts',(10.4003502891706,-45.1294503565498,1.3));
#4951=CARTESIAN_POINT('Ctrl Pts',(10.22515422201,-45.1117124139743,1.3));
#4952=CARTESIAN_POINT('Ctrl Pts',(10.137990805828,-45.1028874460627,1.3));
#4953=CARTESIAN_POINT('Ctrl Pts',(10.7764626476402,-45.9214414600302,1.5));
#4954=CARTESIAN_POINT('Ctrl Pts',(10.7764626476402,-45.9214414600302,1.3));
#4955=CARTESIAN_POINT('Ctrl Pts',(10.7724804883524,-45.7997339162452,1.5));
#4956=CARTESIAN_POINT('Ctrl Pts',(10.7724804883524,-45.7997339162452,1.3));
#4957=CARTESIAN_POINT('Ctrl Pts',(10.7652541698447,-45.578874474764,1.5));
#4958=CARTESIAN_POINT('Ctrl Pts',(10.7652541698447,-45.578874474764,1.3));
#4959=CARTESIAN_POINT('Ctrl Pts',(10.6465854325868,-45.3937186932245,1.5));
#4960=CARTESIAN_POINT('Ctrl Pts',(10.6465854325868,-45.3937186932245,1.3));
#4961=CARTESIAN_POINT('Ctrl Pts',(10.5933106872672,-45.3105954770018,1.5));
#4962=CARTESIAN_POINT('Ctrl Pts',(10.5933106872672,-45.3105954770018,1.3));
#4963=CARTESIAN_POINT('',(10.7764626476402,-45.9214414600302,1.5));
#4964=CARTESIAN_POINT('Ctrl Pts',(10.7764626476402,-45.9214414600302,1.5));
#4965=CARTESIAN_POINT('Ctrl Pts',(10.7724804883524,-45.7997339162452,1.5));
#4966=CARTESIAN_POINT('Ctrl Pts',(10.7652541698447,-45.578874474764,1.5));
#4967=CARTESIAN_POINT('Ctrl Pts',(10.6465854325868,-45.3937186932245,1.5));
#4968=CARTESIAN_POINT('Ctrl Pts',(10.5933106872672,-45.3105954770018,1.5));
#4969=CARTESIAN_POINT('',(10.7764626476402,-45.9214414600302,1.3));
#4970=CARTESIAN_POINT('',(10.7764626476402,-45.9214414600302,1.5));
#4971=CARTESIAN_POINT('Ctrl Pts',(10.7764626476402,-45.9214414600302,1.3));
#4972=CARTESIAN_POINT('Ctrl Pts',(10.7724804883524,-45.7997339162452,1.3));
#4973=CARTESIAN_POINT('Ctrl Pts',(10.7652541698447,-45.578874474764,1.3));
#4974=CARTESIAN_POINT('Ctrl Pts',(10.6465854325868,-45.3937186932245,1.3));
#4975=CARTESIAN_POINT('Ctrl Pts',(10.5933106872672,-45.3105954770018,1.3));
#4976=CARTESIAN_POINT('Ctrl Pts',(10.5943346950645,-46.5578670743872,1.5));
#4977=CARTESIAN_POINT('Ctrl Pts',(10.5943346950645,-46.5578670743872,1.3));
#4978=CARTESIAN_POINT('Ctrl Pts',(10.6472681626848,-46.4723316560485,1.5));
#4979=CARTESIAN_POINT('Ctrl Pts',(10.6472681626848,-46.4723316560485,1.3));
#4980=CARTESIAN_POINT('Ctrl Pts',(10.7672161081717,-46.2785072542599,1.5));
#4981=CARTESIAN_POINT('Ctrl Pts',(10.7672161081717,-46.2785072542599,1.3));
#4982=CARTESIAN_POINT('Ctrl Pts',(10.7731483345101,-46.0494274870357,1.5));
#4983=CARTESIAN_POINT('Ctrl Pts',(10.7731483345101,-46.0494274870357,1.3));
#4984=CARTESIAN_POINT('Ctrl Pts',(10.7764626476402,-45.9214414600302,1.5));
#4985=CARTESIAN_POINT('Ctrl Pts',(10.7764626476402,-45.9214414600302,1.3));
#4986=CARTESIAN_POINT('',(10.5943346950645,-46.5578670743872,1.5));
#4987=CARTESIAN_POINT('Ctrl Pts',(10.5943346950645,-46.5578670743872,1.5));
#4988=CARTESIAN_POINT('Ctrl Pts',(10.6472681626848,-46.4723316560485,1.5));
#4989=CARTESIAN_POINT('Ctrl Pts',(10.7672161081717,-46.2785072542599,1.5));
#4990=CARTESIAN_POINT('Ctrl Pts',(10.7731483345101,-46.0494274870357,1.5));
#4991=CARTESIAN_POINT('Ctrl Pts',(10.7764626476402,-45.9214414600302,1.5));
#4992=CARTESIAN_POINT('',(10.5943346950645,-46.5578670743872,1.3));
#4993=CARTESIAN_POINT('',(10.5943346950645,-46.5578670743872,1.5));
#4994=CARTESIAN_POINT('Ctrl Pts',(10.5943346950645,-46.5578670743872,1.3));
#4995=CARTESIAN_POINT('Ctrl Pts',(10.6472681626848,-46.4723316560485,1.3));
#4996=CARTESIAN_POINT('Ctrl Pts',(10.7672161081717,-46.2785072542599,1.3));
#4997=CARTESIAN_POINT('Ctrl Pts',(10.7731483345101,-46.0494274870357,1.3));
#4998=CARTESIAN_POINT('Ctrl Pts',(10.7764626476402,-45.9214414600302,1.3));
#4999=CARTESIAN_POINT('Ctrl Pts',(10.137990805828,-46.7665983680655,1.5));
#5000=CARTESIAN_POINT('Ctrl Pts',(10.137990805828,-46.7665983680655,1.3));
#5001=CARTESIAN_POINT('Ctrl Pts',(10.2256471914387,-46.7578001674586,1.5));
#5002=CARTESIAN_POINT('Ctrl Pts',(10.2256471914387,-46.7578001674586,1.3));
#5003=CARTESIAN_POINT('Ctrl Pts',(10.4014726085137,-46.740152311225,1.5));
#5004=CARTESIAN_POINT('Ctrl Pts',(10.4014726085137,-46.740152311225,1.3));
#5005=CARTESIAN_POINT('Ctrl Pts',(10.5299224944615,-46.6187468120907,1.5));
#5006=CARTESIAN_POINT('Ctrl Pts',(10.5299224944615,-46.6187468120907,1.3));
#5007=CARTESIAN_POINT('Ctrl Pts',(10.5943346950645,-46.5578670743872,1.5));
#5008=CARTESIAN_POINT('Ctrl Pts',(10.5943346950645,-46.5578670743872,1.3));
#5009=CARTESIAN_POINT('',(10.137990805828,-46.7665983680655,1.5));
#5010=CARTESIAN_POINT('Ctrl Pts',(10.137990805828,-46.7665983680655,1.5));
#5011=CARTESIAN_POINT('Ctrl Pts',(10.2256471914387,-46.7578001674586,1.5));
#5012=CARTESIAN_POINT('Ctrl Pts',(10.4014726085137,-46.740152311225,1.5));
#5013=CARTESIAN_POINT('Ctrl Pts',(10.5299224944615,-46.6187468120907,1.5));
#5014=CARTESIAN_POINT('Ctrl Pts',(10.5943346950645,-46.5578670743872,1.5));
#5015=CARTESIAN_POINT('',(10.137990805828,-46.7665983680655,1.3));
#5016=CARTESIAN_POINT('',(10.137990805828,-46.7665983680655,1.5));
#5017=CARTESIAN_POINT('Ctrl Pts',(10.137990805828,-46.7665983680655,1.3));
#5018=CARTESIAN_POINT('Ctrl Pts',(10.2256471914387,-46.7578001674586,1.3));
#5019=CARTESIAN_POINT('Ctrl Pts',(10.4014726085137,-46.740152311225,1.3));
#5020=CARTESIAN_POINT('Ctrl Pts',(10.5299224944615,-46.6187468120907,1.3));
#5021=CARTESIAN_POINT('Ctrl Pts',(10.5943346950645,-46.5578670743872,1.3));
#5022=CARTESIAN_POINT('Ctrl Pts',(9.67960009309,-46.5588901881148,1.5));
#5023=CARTESIAN_POINT('Ctrl Pts',(9.67960009309,-46.5588901881148,1.3));
#5024=CARTESIAN_POINT('Ctrl Pts',(9.74423216266531,-46.6194717778481,1.5));
#5025=CARTESIAN_POINT('Ctrl Pts',(9.74423216266531,-46.6194717778481,1.3));
#5026=CARTESIAN_POINT('Ctrl Pts',(9.87349845357957,-46.7406369742277,1.5));
#5027=CARTESIAN_POINT('Ctrl Pts',(9.87349845357957,-46.7406369742277,1.3));
#5028=CARTESIAN_POINT('Ctrl Pts',(10.0498257100321,-46.7579444740862,1.5));
#5029=CARTESIAN_POINT('Ctrl Pts',(10.0498257100321,-46.7579444740862,1.3));
#5030=CARTESIAN_POINT('Ctrl Pts',(10.137990805828,-46.7665983680655,1.5));
#5031=CARTESIAN_POINT('Ctrl Pts',(10.137990805828,-46.7665983680655,1.3));
#5032=CARTESIAN_POINT('',(9.67960009309,-46.5588901881148,1.5));
#5033=CARTESIAN_POINT('Ctrl Pts',(9.67960009309,-46.5588901881148,1.5));
#5034=CARTESIAN_POINT('Ctrl Pts',(9.74423216266531,-46.6194717778481,1.5));
#5035=CARTESIAN_POINT('Ctrl Pts',(9.87349845357957,-46.7406369742277,1.5));
#5036=CARTESIAN_POINT('Ctrl Pts',(10.0498257100321,-46.7579444740862,1.5));
#5037=CARTESIAN_POINT('Ctrl Pts',(10.137990805828,-46.7665983680655,1.5));
#5038=CARTESIAN_POINT('',(9.67960009309,-46.5588901881148,1.3));
#5039=CARTESIAN_POINT('',(9.67960009309,-46.5588901881148,1.5));
#5040=CARTESIAN_POINT('Ctrl Pts',(9.67960009309,-46.5588901881148,1.3));
#5041=CARTESIAN_POINT('Ctrl Pts',(9.74423216266531,-46.6194717778481,1.3));
#5042=CARTESIAN_POINT('Ctrl Pts',(9.87349845357957,-46.7406369742277,1.3));
#5043=CARTESIAN_POINT('Ctrl Pts',(10.0498257100321,-46.7579444740862,1.3));
#5044=CARTESIAN_POINT('Ctrl Pts',(10.137990805828,-46.7665983680655,1.3));
#5045=CARTESIAN_POINT('Ctrl Pts',(9.49747214051432,-45.9337197188307,1.5));
#5046=CARTESIAN_POINT('Ctrl Pts',(9.49747214051432,-45.9337197188307,1.3));
#5047=CARTESIAN_POINT('Ctrl Pts',(9.50102327585557,-46.0590391238647,1.5));
#5048=CARTESIAN_POINT('Ctrl Pts',(9.50102327585557,-46.0590391238647,1.3));
#5049=CARTESIAN_POINT('Ctrl Pts',(9.50741093653162,-46.2844593792349,1.5));
#5050=CARTESIAN_POINT('Ctrl Pts',(9.50741093653162,-46.2844593792349,1.3));
#5051=CARTESIAN_POINT('Ctrl Pts',(9.62665028219292,-46.474500092217,1.5));
#5052=CARTESIAN_POINT('Ctrl Pts',(9.62665028219292,-46.474500092217,1.3));
#5053=CARTESIAN_POINT('Ctrl Pts',(9.67960009309,-46.5588901881148,1.5));
#5054=CARTESIAN_POINT('Ctrl Pts',(9.67960009309,-46.5588901881148,1.3));
#5055=CARTESIAN_POINT('',(9.49747214051432,-45.9337197188307,1.5));
#5056=CARTESIAN_POINT('Ctrl Pts',(9.49747214051432,-45.9337197188307,1.5));
#5057=CARTESIAN_POINT('Ctrl Pts',(9.50102327585557,-46.0590391238647,1.5));
#5058=CARTESIAN_POINT('Ctrl Pts',(9.50741093653162,-46.2844593792349,1.5));
#5059=CARTESIAN_POINT('Ctrl Pts',(9.62665028219292,-46.474500092217,1.5));
#5060=CARTESIAN_POINT('Ctrl Pts',(9.67960009309,-46.5588901881148,1.5));
#5061=CARTESIAN_POINT('',(9.49747214051432,-45.9337197188307,1.3));
#5062=CARTESIAN_POINT('',(9.49747214051432,-45.9337197188307,1.5));
#5063=CARTESIAN_POINT('Ctrl Pts',(9.49747214051432,-45.9337197188307,1.3));
#5064=CARTESIAN_POINT('Ctrl Pts',(9.50102327585557,-46.0590391238647,1.3));
#5065=CARTESIAN_POINT('Ctrl Pts',(9.50741093653162,-46.2844593792349,1.3));
#5066=CARTESIAN_POINT('Ctrl Pts',(9.62665028219292,-46.474500092217,1.3));
#5067=CARTESIAN_POINT('Ctrl Pts',(9.67960009309,-46.5588901881148,1.3));
#5068=CARTESIAN_POINT('Ctrl Pts',(9.67960009309,-45.3095722142626,1.5));
#5069=CARTESIAN_POINT('Ctrl Pts',(9.67960009309,-45.3095722142626,1.3));
#5070=CARTESIAN_POINT('Ctrl Pts',(9.62665261708628,-45.3937018812189,1.5));
#5071=CARTESIAN_POINT('Ctrl Pts',(9.62665261708628,-45.3937018812189,1.3));
#5072=CARTESIAN_POINT('Ctrl Pts',(9.50731068898643,-45.5833274766724,1.5));
#5073=CARTESIAN_POINT('Ctrl Pts',(9.50731068898643,-45.5833274766724,1.3));
#5074=CARTESIAN_POINT('Ctrl Pts',(9.50098908767641,-45.808466384442,1.5));
#5075=CARTESIAN_POINT('Ctrl Pts',(9.50098908767641,-45.808466384442,1.3));
#5076=CARTESIAN_POINT('Ctrl Pts',(9.49747214051432,-45.9337197188307,1.5));
#5077=CARTESIAN_POINT('Ctrl Pts',(9.49747214051432,-45.9337197188307,1.3));
#5078=CARTESIAN_POINT('Ctrl Pts',(9.67960009309,-45.3095722142626,1.5));
#5079=CARTESIAN_POINT('Ctrl Pts',(9.62665261708628,-45.3937018812189,1.5));
#5080=CARTESIAN_POINT('Ctrl Pts',(9.50731068898643,-45.5833274766724,1.5));
#5081=CARTESIAN_POINT('Ctrl Pts',(9.50098908767641,-45.808466384442,1.5));
#5082=CARTESIAN_POINT('Ctrl Pts',(9.49747214051432,-45.9337197188307,1.5));
#5083=CARTESIAN_POINT('Ctrl Pts',(9.67960009309,-45.3095722142626,1.3));
#5084=CARTESIAN_POINT('Ctrl Pts',(9.62665261708628,-45.3937018812189,1.3));
#5085=CARTESIAN_POINT('Ctrl Pts',(9.50731068898643,-45.5833274766724,1.3));
#5086=CARTESIAN_POINT('Ctrl Pts',(9.50098908767641,-45.808466384442,1.3));
#5087=CARTESIAN_POINT('Ctrl Pts',(9.49747214051432,-45.9337197188307,1.3));
#5088=CARTESIAN_POINT('Ctrl Pts',(10.137990805828,-47.0694632772376,1.5));
#5089=CARTESIAN_POINT('Ctrl Pts',(10.137990805828,-47.0694632772376,1.3));
#5090=CARTESIAN_POINT('Ctrl Pts',(9.99483603477002,-47.0589621647383,1.5));
#5091=CARTESIAN_POINT('Ctrl Pts',(9.99483603477002,-47.0589621647383,1.3));
#5092=CARTESIAN_POINT('Ctrl Pts',(9.7176728252163,-47.0386308685986,1.5));
#5093=CARTESIAN_POINT('Ctrl Pts',(9.7176728252163,-47.0386308685986,1.3));
#5094=CARTESIAN_POINT('Ctrl Pts',(9.50371669524745,-46.8621558094644,1.5));
#5095=CARTESIAN_POINT('Ctrl Pts',(9.50371669524745,-46.8621558094644,1.3));
#5096=CARTESIAN_POINT('Ctrl Pts',(9.40026888581461,-46.7768301013876,1.5));
#5097=CARTESIAN_POINT('Ctrl Pts',(9.40026888581461,-46.7768301013876,1.3));
#5098=CARTESIAN_POINT('',(10.137990805828,-47.0694632772376,1.5));
#5099=CARTESIAN_POINT('',(9.40026888581461,-46.7768301013876,1.5));
#5100=CARTESIAN_POINT('Ctrl Pts',(10.137990805828,-47.0694632772376,1.5));
#5101=CARTESIAN_POINT('Ctrl Pts',(9.99483603477002,-47.0589621647383,1.5));
#5102=CARTESIAN_POINT('Ctrl Pts',(9.7176728252163,-47.0386308685986,1.5));
#5103=CARTESIAN_POINT('Ctrl Pts',(9.50371669524745,-46.8621558094644,1.5));
#5104=CARTESIAN_POINT('Ctrl Pts',(9.40026888581461,-46.7768301013876,1.5));
#5105=CARTESIAN_POINT('',(10.137990805828,-47.0694632772376,1.3));
#5106=CARTESIAN_POINT('',(10.137990805828,-47.0694632772376,1.5));
#5107=CARTESIAN_POINT('',(9.40026888581461,-46.7768301013876,1.3));
#5108=CARTESIAN_POINT('Ctrl Pts',(10.137990805828,-47.0694632772376,1.3));
#5109=CARTESIAN_POINT('Ctrl Pts',(9.99483603477002,-47.0589621647383,1.3));
#5110=CARTESIAN_POINT('Ctrl Pts',(9.7176728252163,-47.0386308685986,1.3));
#5111=CARTESIAN_POINT('Ctrl Pts',(9.50371669524745,-46.8621558094644,1.3));
#5112=CARTESIAN_POINT('Ctrl Pts',(9.40026888581461,-46.7768301013876,1.3));
#5113=CARTESIAN_POINT('',(9.40026888581461,-46.7768301013876,1.5));
#5114=CARTESIAN_POINT('Ctrl Pts',(10.6628883812065,-46.9364480618407,1.5));
#5115=CARTESIAN_POINT('Ctrl Pts',(10.6628883812065,-46.9364480618407,1.3));
#5116=CARTESIAN_POINT('Ctrl Pts',(10.5804830879573,-46.975243301739,1.5));
#5117=CARTESIAN_POINT('Ctrl Pts',(10.5804830879573,-46.975243301739,1.3));
#5118=CARTESIAN_POINT('Ctrl Pts',(10.4141657268185,-47.0535431496034,1.5));
#5119=CARTESIAN_POINT('Ctrl Pts',(10.4141657268185,-47.0535431496034,1.3));
#5120=CARTESIAN_POINT('Ctrl Pts',(10.2306034485917,-47.0641246132921,1.5));
#5121=CARTESIAN_POINT('Ctrl Pts',(10.2306034485917,-47.0641246132921,1.3));
#5122=CARTESIAN_POINT('Ctrl Pts',(10.137990805828,-47.0694632772376,1.5));
#5123=CARTESIAN_POINT('Ctrl Pts',(10.137990805828,-47.0694632772376,1.3));
#5124=CARTESIAN_POINT('',(10.6628883812065,-46.9364480618407,1.5));
#5125=CARTESIAN_POINT('Ctrl Pts',(10.6628883812065,-46.9364480618407,1.5));
#5126=CARTESIAN_POINT('Ctrl Pts',(10.5804830879573,-46.975243301739,1.5));
#5127=CARTESIAN_POINT('Ctrl Pts',(10.4141657268185,-47.0535431496034,1.5));
#5128=CARTESIAN_POINT('Ctrl Pts',(10.2306034485917,-47.0641246132921,1.5));
#5129=CARTESIAN_POINT('Ctrl Pts',(10.137990805828,-47.0694632772376,1.5));
#5130=CARTESIAN_POINT('',(10.6628883812065,-46.9364480618407,1.3));
#5131=CARTESIAN_POINT('',(10.6628883812065,-46.9364480618407,1.5));
#5132=CARTESIAN_POINT('Ctrl Pts',(10.6628883812065,-46.9364480618407,1.3));
#5133=CARTESIAN_POINT('Ctrl Pts',(10.5804830879573,-46.975243301739,1.3));
#5134=CARTESIAN_POINT('Ctrl Pts',(10.4141657268185,-47.0535431496034,1.3));
#5135=CARTESIAN_POINT('Ctrl Pts',(10.2306034485917,-47.0641246132921,1.3));
#5136=CARTESIAN_POINT('Ctrl Pts',(10.137990805828,-47.0694632772376,1.3));
#5137=CARTESIAN_POINT('Ctrl Pts',(11.0291911098594,-46.5629829410483,1.5));
#5138=CARTESIAN_POINT('Ctrl Pts',(11.0291911098594,-46.5629829410483,1.3));
#5139=CARTESIAN_POINT('Ctrl Pts',(10.9823331979659,-46.6387294103366,1.5));
#5140=CARTESIAN_POINT('Ctrl Pts',(10.9823331979659,-46.6387294103366,1.3));
#5141=CARTESIAN_POINT('Ctrl Pts',(10.8883059863554,-46.7907257116807,1.5));
#5142=CARTESIAN_POINT('Ctrl Pts',(10.8883059863554,-46.7907257116807,1.3));
#5143=CARTESIAN_POINT('Ctrl Pts',(10.738193291213,-46.8877668221589,1.5));
#5144=CARTESIAN_POINT('Ctrl Pts',(10.738193291213,-46.8877668221589,1.3));
#5145=CARTESIAN_POINT('Ctrl Pts',(10.6628883812065,-46.9364480618407,1.5));
#5146=CARTESIAN_POINT('Ctrl Pts',(10.6628883812065,-46.9364480618407,1.3));
#5147=CARTESIAN_POINT('',(11.0291911098594,-46.5629829410483,1.5));
#5148=CARTESIAN_POINT('Ctrl Pts',(11.0291911098594,-46.5629829410483,1.5));
#5149=CARTESIAN_POINT('Ctrl Pts',(10.9823331979659,-46.6387294103366,1.5));
#5150=CARTESIAN_POINT('Ctrl Pts',(10.8883059863554,-46.7907257116807,1.5));
#5151=CARTESIAN_POINT('Ctrl Pts',(10.738193291213,-46.8877668221589,1.5));
#5152=CARTESIAN_POINT('Ctrl Pts',(10.6628883812065,-46.9364480618407,1.5));
#5153=CARTESIAN_POINT('',(11.0291911098594,-46.5629829410483,1.3));
#5154=CARTESIAN_POINT('',(11.0291911098594,-46.5629829410483,1.5));
#5155=CARTESIAN_POINT('Ctrl Pts',(11.0291911098594,-46.5629829410483,1.3));
#5156=CARTESIAN_POINT('Ctrl Pts',(10.9823331979659,-46.6387294103366,1.3));
#5157=CARTESIAN_POINT('Ctrl Pts',(10.8883059863554,-46.7907257116807,1.3));
#5158=CARTESIAN_POINT('Ctrl Pts',(10.738193291213,-46.8877668221589,1.3));
#5159=CARTESIAN_POINT('Ctrl Pts',(10.6628883812065,-46.9364480618407,1.3));
#5160=CARTESIAN_POINT('Ctrl Pts',(11.1550439331169,-45.9030239228178,1.5));
#5161=CARTESIAN_POINT('Ctrl Pts',(11.1550439331169,-45.9030239228178,1.3));
#5162=CARTESIAN_POINT('Ctrl Pts',(11.1525881888637,-46.0295808656678,1.5));
#5163=CARTESIAN_POINT('Ctrl Pts',(11.1525881888637,-46.0295808656678,1.3));
#5164=CARTESIAN_POINT('Ctrl Pts',(11.1481706065961,-46.2572412606115,1.5));
#5165=CARTESIAN_POINT('Ctrl Pts',(11.1481706065961,-46.2572412606115,1.3));
#5166=CARTESIAN_POINT('Ctrl Pts',(11.0657804062704,-46.46895940525,1.5));
#5167=CARTESIAN_POINT('Ctrl Pts',(11.0657804062704,-46.46895940525,1.3));
#5168=CARTESIAN_POINT('Ctrl Pts',(11.0291911098594,-46.5629829410483,1.5));
#5169=CARTESIAN_POINT('Ctrl Pts',(11.0291911098594,-46.5629829410483,1.3));
#5170=CARTESIAN_POINT('',(11.1550439331169,-45.9030239228178,1.5));
#5171=CARTESIAN_POINT('Ctrl Pts',(11.1550439331169,-45.9030239228178,1.5));
#5172=CARTESIAN_POINT('Ctrl Pts',(11.1525881888637,-46.0295808656678,1.5));
#5173=CARTESIAN_POINT('Ctrl Pts',(11.1481706065961,-46.2572412606115,1.5));
#5174=CARTESIAN_POINT('Ctrl Pts',(11.0657804062704,-46.46895940525,1.5));
#5175=CARTESIAN_POINT('Ctrl Pts',(11.0291911098594,-46.5629829410483,1.5));
#5176=CARTESIAN_POINT('',(11.1550439331169,-45.9030239228178,1.3));
#5177=CARTESIAN_POINT('',(11.1550439331169,-45.9030239228178,1.5));
#5178=CARTESIAN_POINT('Ctrl Pts',(11.1550439331169,-45.9030239228178,1.3));
#5179=CARTESIAN_POINT('Ctrl Pts',(11.1525881888637,-46.0295808656678,1.3));
#5180=CARTESIAN_POINT('Ctrl Pts',(11.1481706065961,-46.2572412606115,1.3));
#5181=CARTESIAN_POINT('Ctrl Pts',(11.0657804062704,-46.46895940525,1.3));
#5182=CARTESIAN_POINT('Ctrl Pts',(11.0291911098594,-46.5629829410483,1.3));
#5183=CARTESIAN_POINT('Ctrl Pts',(10.8705962631339,-45.0916323009898,1.5));
#5184=CARTESIAN_POINT('Ctrl Pts',(10.8705962631339,-45.0916323009898,1.3));
#5185=CARTESIAN_POINT('Ctrl Pts',(10.9534643518693,-45.2038954165843,1.5));
#5186=CARTESIAN_POINT('Ctrl Pts',(10.9534643518693,-45.2038954165843,1.3));
#5187=CARTESIAN_POINT('Ctrl Pts',(11.1308420198887,-45.444192616057,1.5));
#5188=CARTESIAN_POINT('Ctrl Pts',(11.1308420198887,-45.444192616057,1.3));
#5189=CARTESIAN_POINT('Ctrl Pts',(11.1466312081371,-45.7435315075081,1.5));
#5190=CARTESIAN_POINT('Ctrl Pts',(11.1466312081371,-45.7435315075081,1.3));
#5191=CARTESIAN_POINT('Ctrl Pts',(11.1550439331169,-45.9030239228178,1.5));
#5192=CARTESIAN_POINT('Ctrl Pts',(11.1550439331169,-45.9030239228178,1.3));
#5193=CARTESIAN_POINT('',(10.8705962631339,-45.0916323009898,1.5));
#5194=CARTESIAN_POINT('Ctrl Pts',(10.8705962631339,-45.0916323009898,1.5));
#5195=CARTESIAN_POINT('Ctrl Pts',(10.9534643518693,-45.2038954165843,1.5));
#5196=CARTESIAN_POINT('Ctrl Pts',(11.1308420198887,-45.444192616057,1.5));
#5197=CARTESIAN_POINT('Ctrl Pts',(11.1466312081371,-45.7435315075081,1.5));
#5198=CARTESIAN_POINT('Ctrl Pts',(11.1550439331169,-45.9030239228178,1.5));
#5199=CARTESIAN_POINT('',(10.8705962631339,-45.0916323009898,1.3));
#5200=CARTESIAN_POINT('',(10.8705962631339,-45.0916323009898,1.5));
#5201=CARTESIAN_POINT('Ctrl Pts',(10.8705962631339,-45.0916323009898,1.3));
#5202=CARTESIAN_POINT('Ctrl Pts',(10.9534643518693,-45.2038954165843,1.3));
#5203=CARTESIAN_POINT('Ctrl Pts',(11.1308420198887,-45.444192616057,1.3));
#5204=CARTESIAN_POINT('Ctrl Pts',(11.1466312081371,-45.7435315075081,1.3));
#5205=CARTESIAN_POINT('Ctrl Pts',(11.1550439331169,-45.9030239228178,1.3));
#5206=CARTESIAN_POINT('Ctrl Pts',(10.137990805828,-44.7979760114123,1.5));
#5207=CARTESIAN_POINT('Ctrl Pts',(10.137990805828,-44.7979760114123,1.3));
#5208=CARTESIAN_POINT('Ctrl Pts',(10.2792535220595,-44.8088937715816,1.5));
#5209=CARTESIAN_POINT('Ctrl Pts',(10.2792535220595,-44.8088937715816,1.3));
#5210=CARTESIAN_POINT('Ctrl Pts',(10.5546477636901,-44.8301781441489,1.5));
#5211=CARTESIAN_POINT('Ctrl Pts',(10.5546477636901,-44.8301781441489,1.3));
#5212=CARTESIAN_POINT('Ctrl Pts',(10.7671139975727,-45.005998507704,1.5));
#5213=CARTESIAN_POINT('Ctrl Pts',(10.7671139975727,-45.005998507704,1.3));
#5214=CARTESIAN_POINT('Ctrl Pts',(10.8705962631339,-45.0916323009898,1.5));
#5215=CARTESIAN_POINT('Ctrl Pts',(10.8705962631339,-45.0916323009898,1.3));
#5216=CARTESIAN_POINT('',(10.137990805828,-44.7979760114123,1.5));
#5217=CARTESIAN_POINT('Ctrl Pts',(10.137990805828,-44.7979760114123,1.5));
#5218=CARTESIAN_POINT('Ctrl Pts',(10.2792535220595,-44.8088937715816,1.5));
#5219=CARTESIAN_POINT('Ctrl Pts',(10.5546477636901,-44.8301781441489,1.5));
#5220=CARTESIAN_POINT('Ctrl Pts',(10.7671139975727,-45.005998507704,1.5));
#5221=CARTESIAN_POINT('Ctrl Pts',(10.8705962631339,-45.0916323009898,1.5));
#5222=CARTESIAN_POINT('',(10.137990805828,-44.7979760114123,1.3));
#5223=CARTESIAN_POINT('',(10.137990805828,-44.7979760114123,1.5));
#5224=CARTESIAN_POINT('Ctrl Pts',(10.137990805828,-44.7979760114123,1.3));
#5225=CARTESIAN_POINT('Ctrl Pts',(10.2792535220595,-44.8088937715816,1.3));
#5226=CARTESIAN_POINT('Ctrl Pts',(10.5546477636901,-44.8301781441489,1.3));
#5227=CARTESIAN_POINT('Ctrl Pts',(10.7671139975727,-45.005998507704,1.3));
#5228=CARTESIAN_POINT('Ctrl Pts',(10.8705962631339,-45.0916323009898,1.3));
#5229=CARTESIAN_POINT('Ctrl Pts',(9.45449838372416,-45.0394494775702,1.5));
#5230=CARTESIAN_POINT('Ctrl Pts',(9.45449838372416,-45.0394494775702,1.3));
#5231=CARTESIAN_POINT('Ctrl Pts',(9.55458163370948,-44.9690306120058,1.5));
#5232=CARTESIAN_POINT('Ctrl Pts',(9.55458163370948,-44.9690306120058,1.3));
#5233=CARTESIAN_POINT('Ctrl Pts',(9.75957812166217,-44.8247944872955,1.5));
#5234=CARTESIAN_POINT('Ctrl Pts',(9.75957812166217,-44.8247944872955,1.3));
#5235=CARTESIAN_POINT('Ctrl Pts',(10.0098873722688,-44.8070548266508,1.5));
#5236=CARTESIAN_POINT('Ctrl Pts',(10.0098873722688,-44.8070548266508,1.3));
#5237=CARTESIAN_POINT('Ctrl Pts',(10.137990805828,-44.7979760114123,1.5));
#5238=CARTESIAN_POINT('Ctrl Pts',(10.137990805828,-44.7979760114123,1.3));
#5239=CARTESIAN_POINT('',(9.45449838372416,-45.0394494775702,1.5));
#5240=CARTESIAN_POINT('Ctrl Pts',(9.45449838372416,-45.0394494775702,1.5));
#5241=CARTESIAN_POINT('Ctrl Pts',(9.55458163370948,-44.9690306120058,1.5));
#5242=CARTESIAN_POINT('Ctrl Pts',(9.75957812166217,-44.8247944872955,1.5));
#5243=CARTESIAN_POINT('Ctrl Pts',(10.0098873722688,-44.8070548266508,1.5));
#5244=CARTESIAN_POINT('Ctrl Pts',(10.137990805828,-44.7979760114123,1.5));
#5245=CARTESIAN_POINT('',(9.45449838372416,-45.0394494775702,1.3));
#5246=CARTESIAN_POINT('',(9.45449838372416,-45.0394494775702,1.5));
#5247=CARTESIAN_POINT('Ctrl Pts',(9.45449838372416,-45.0394494775702,1.3));
#5248=CARTESIAN_POINT('Ctrl Pts',(9.55458163370948,-44.9690306120058,1.3));
#5249=CARTESIAN_POINT('Ctrl Pts',(9.75957812166217,-44.8247944872955,1.3));
#5250=CARTESIAN_POINT('Ctrl Pts',(10.0098873722688,-44.8070548266508,1.3));
#5251=CARTESIAN_POINT('Ctrl Pts',(10.137990805828,-44.7979760114123,1.3));
#5252=CARTESIAN_POINT('Ctrl Pts',(9.11889085503763,-45.9337197188307,1.5));
#5253=CARTESIAN_POINT('Ctrl Pts',(9.11889085503763,-45.9337197188307,1.3));
#5254=CARTESIAN_POINT('Ctrl Pts',(9.1272852930833,-45.7507978733454,1.5));
#5255=CARTESIAN_POINT('Ctrl Pts',(9.1272852930833,-45.7507978733454,1.3));
#5256=CARTESIAN_POINT('Ctrl Pts',(9.1427251032181,-45.414351461038,1.5));
#5257=CARTESIAN_POINT('Ctrl Pts',(9.1427251032181,-45.414351461038,1.3));
#5258=CARTESIAN_POINT('Ctrl Pts',(9.35680921461984,-45.1569190156944,1.5));
#5259=CARTESIAN_POINT('Ctrl Pts',(9.35680921461984,-45.1569190156944,1.3));
#5260=CARTESIAN_POINT('Ctrl Pts',(9.45449838372416,-45.0394494775702,1.5));
#5261=CARTESIAN_POINT('Ctrl Pts',(9.45449838372416,-45.0394494775702,1.3));
#5262=CARTESIAN_POINT('',(9.11889085503763,-45.9337197188307,1.5));
#5263=CARTESIAN_POINT('Ctrl Pts',(9.11889085503763,-45.9337197188307,1.5));
#5264=CARTESIAN_POINT('Ctrl Pts',(9.1272852930833,-45.7507978733454,1.5));
#5265=CARTESIAN_POINT('Ctrl Pts',(9.1427251032181,-45.414351461038,1.5));
#5266=CARTESIAN_POINT('Ctrl Pts',(9.35680921461984,-45.1569190156944,1.5));
#5267=CARTESIAN_POINT('Ctrl Pts',(9.45449838372416,-45.0394494775702,1.5));
#5268=CARTESIAN_POINT('',(9.11889085503763,-45.9337197188307,1.3));
#5269=CARTESIAN_POINT('',(9.11889085503763,-45.9337197188307,1.5));
#5270=CARTESIAN_POINT('Ctrl Pts',(9.11889085503763,-45.9337197188307,1.3));
#5271=CARTESIAN_POINT('Ctrl Pts',(9.1272852930833,-45.7507978733454,1.3));
#5272=CARTESIAN_POINT('Ctrl Pts',(9.1427251032181,-45.414351461038,1.3));
#5273=CARTESIAN_POINT('Ctrl Pts',(9.35680921461984,-45.1569190156944,1.3));
#5274=CARTESIAN_POINT('Ctrl Pts',(9.45449838372416,-45.0394494775702,1.3));
#5275=CARTESIAN_POINT('Ctrl Pts',(9.40026888581461,-46.7768301013876,1.5));
#5276=CARTESIAN_POINT('Ctrl Pts',(9.40026888581461,-46.7768301013876,1.3));
#5277=CARTESIAN_POINT('Ctrl Pts',(9.31835410850124,-46.661875372503,1.5));
#5278=CARTESIAN_POINT('Ctrl Pts',(9.31835410850124,-46.661875372503,1.3));
#5279=CARTESIAN_POINT('Ctrl Pts',(9.13945834632426,-46.4108228211301,1.5));
#5280=CARTESIAN_POINT('Ctrl Pts',(9.13945834632426,-46.4108228211301,1.3));
#5281=CARTESIAN_POINT('Ctrl Pts',(9.12612109673995,-46.1014392864957,1.5));
#5282=CARTESIAN_POINT('Ctrl Pts',(9.12612109673995,-46.1014392864957,1.3));
#5283=CARTESIAN_POINT('Ctrl Pts',(9.11889085503763,-45.9337197188307,1.5));
#5284=CARTESIAN_POINT('Ctrl Pts',(9.11889085503763,-45.9337197188307,1.3));
#5285=CARTESIAN_POINT('Ctrl Pts',(9.40026888581461,-46.7768301013876,1.5));
#5286=CARTESIAN_POINT('Ctrl Pts',(9.31835410850124,-46.661875372503,1.5));
#5287=CARTESIAN_POINT('Ctrl Pts',(9.13945834632426,-46.4108228211301,1.5));
#5288=CARTESIAN_POINT('Ctrl Pts',(9.12612109673995,-46.1014392864957,1.5));
#5289=CARTESIAN_POINT('Ctrl Pts',(9.11889085503763,-45.9337197188307,1.5));
#5290=CARTESIAN_POINT('Ctrl Pts',(9.40026888581461,-46.7768301013876,1.3));
#5291=CARTESIAN_POINT('Ctrl Pts',(9.31835410850124,-46.661875372503,1.3));
#5292=CARTESIAN_POINT('Ctrl Pts',(9.13945834632426,-46.4108228211301,1.3));
#5293=CARTESIAN_POINT('Ctrl Pts',(9.12612109673995,-46.1014392864957,1.3));
#5294=CARTESIAN_POINT('Ctrl Pts',(9.11889085503763,-45.9337197188307,1.3));
#5295=CARTESIAN_POINT('Origin',(6.43915054345972,-45.961345726626,1.3));
#5296=CARTESIAN_POINT('Origin',(6.22939536305613,-45.6574577037264,1.5));
#5297=CARTESIAN_POINT('',(6.22939536305613,-45.6574577037264,1.5));
#5298=CARTESIAN_POINT('',(6.22939536305613,-47.0203499440123,1.5));
#5299=CARTESIAN_POINT('',(6.22939536305614,-31.788983640459,1.5));
#5300=CARTESIAN_POINT('',(6.22939536305613,-45.6574577037264,1.3));
#5301=CARTESIAN_POINT('',(6.22939536305613,-45.6574577037264,1.5));
#5302=CARTESIAN_POINT('',(6.22939536305613,-47.0203499440123,1.3));
#5303=CARTESIAN_POINT('',(6.22939536305613,-45.6574577037264,1.3));
#5304=CARTESIAN_POINT('',(6.22939536305613,-47.0203499440123,1.5));
#5305=CARTESIAN_POINT('Origin',(7.63730833264536,-45.6574577037264,1.5));
#5306=CARTESIAN_POINT('',(7.63730833264536,-45.6574577037264,1.5));
#5307=CARTESIAN_POINT('',(23.5541541663227,-45.6574577037264,1.5));
#5308=CARTESIAN_POINT('',(7.63730833264536,-45.6574577037264,1.3));
#5309=CARTESIAN_POINT('',(7.63730833264536,-45.6574577037264,1.5));
#5310=CARTESIAN_POINT('',(7.63730833264536,-45.6574577037264,1.3));
#5311=CARTESIAN_POINT('Origin',(7.63730833264536,-45.3034330848624,1.5));
#5312=CARTESIAN_POINT('',(7.63730833264536,-45.3034330848624,1.5));
#5313=CARTESIAN_POINT('',(7.63730833264536,-31.611971331027,1.5));
#5314=CARTESIAN_POINT('',(7.63730833264536,-45.3034330848624,1.3));
#5315=CARTESIAN_POINT('',(7.63730833264536,-45.3034330848624,1.5));
#5316=CARTESIAN_POINT('',(7.63730833264536,-45.3034330848624,1.3));
#5317=CARTESIAN_POINT('Origin',(6.22939536305613,-45.3034330848624,1.5));
#5318=CARTESIAN_POINT('',(6.22939536305613,-45.3034330848624,1.5));
#5319=CARTESIAN_POINT('',(22.8501976815281,-45.3034330848624,1.5));
#5320=CARTESIAN_POINT('',(6.22939536305613,-45.3034330848624,1.3));
#5321=CARTESIAN_POINT('',(6.22939536305613,-45.3034330848624,1.5));
#5322=CARTESIAN_POINT('',(6.22939536305613,-45.3034330848624,1.3));
#5323=CARTESIAN_POINT('Origin',(6.22939536305613,-44.3743745926787,1.5));
#5324=CARTESIAN_POINT('',(6.22939536305613,-44.3743745926787,1.5));
#5325=CARTESIAN_POINT('',(6.22939536305615,-31.1474420849351,1.5));
#5326=CARTESIAN_POINT('',(6.22939536305613,-44.3743745926787,1.3));
#5327=CARTESIAN_POINT('',(6.22939536305613,-44.3743745926787,1.5));
#5328=CARTESIAN_POINT('',(6.22939536305613,-44.3743745926787,1.3));
#5329=CARTESIAN_POINT('Origin',(7.85627135964579,-44.3743745926787,1.5));
#5330=CARTESIAN_POINT('',(7.85627135964579,-44.3743745926787,1.5));
#5331=CARTESIAN_POINT('',(23.6636356798229,-44.3743745926787,1.5));
#5332=CARTESIAN_POINT('',(7.85627135964579,-44.3743745926787,1.3));
#5333=CARTESIAN_POINT('',(7.85627135964579,-44.3743745926787,1.5));
#5334=CARTESIAN_POINT('',(7.85627135964579,-44.3743745926787,1.3));
#5335=CARTESIAN_POINT('Origin',(7.85627135964579,-44.020349824803,1.5));
#5336=CARTESIAN_POINT('',(7.85627135964579,-44.020349824803,1.5));
#5337=CARTESIAN_POINT('',(7.85627135964579,-30.9704297009973,1.5));
#5338=CARTESIAN_POINT('',(7.85627135964579,-44.020349824803,1.3));
#5339=CARTESIAN_POINT('',(7.85627135964579,-44.020349824803,1.5));
#5340=CARTESIAN_POINT('',(7.85627135964579,-44.020349824803,1.3));
#5341=CARTESIAN_POINT('Origin',(5.8323968383903,-44.020349824803,1.5));
#5342=CARTESIAN_POINT('',(5.8323968383903,-44.020349824803,1.5));
#5343=CARTESIAN_POINT('',(22.6516984191951,-44.020349824803,1.5));
#5344=CARTESIAN_POINT('',(5.8323968383903,-44.020349824803,1.3));
#5345=CARTESIAN_POINT('',(5.8323968383903,-44.020349824803,1.5));
#5346=CARTESIAN_POINT('',(5.8323968383903,-44.020349824803,1.3));
#5347=CARTESIAN_POINT('Origin',(5.8323968383903,-47.0203499440123,1.5));
#5348=CARTESIAN_POINT('',(5.8323968383903,-47.0203499440123,1.5));
#5349=CARTESIAN_POINT('',(5.83239683839031,-32.4704297606019,1.5));
#5350=CARTESIAN_POINT('',(5.8323968383903,-47.0203499440123,1.3));
#5351=CARTESIAN_POINT('',(5.8323968383903,-47.0203499440123,1.5));
#5352=CARTESIAN_POINT('',(5.8323968383903,-47.0203499440123,1.3));
#5353=CARTESIAN_POINT('Origin',(6.22939536305613,-47.0203499440123,1.5));
#5354=CARTESIAN_POINT('',(22.8501976815281,-47.0203499440123,1.5));
#5355=CARTESIAN_POINT('',(6.22939536305613,-47.0203499440123,1.3));
#5356=CARTESIAN_POINT('Origin',(6.43915054345972,-45.961345726626,1.3));
#5357=CARTESIAN_POINT('Ctrl Pts',(4.19324288102335,-47.8174169305731,1.5));
#5358=CARTESIAN_POINT('Ctrl Pts',(4.19324288102335,-47.8174169305731,1.3));
#5359=CARTESIAN_POINT('Ctrl Pts',(4.14786946230038,-47.8421768612651,1.5));
#5360=CARTESIAN_POINT('Ctrl Pts',(4.14786946230038,-47.8421768612651,1.3));
#5361=CARTESIAN_POINT('Ctrl Pts',(4.05355199042533,-47.8936451907936,1.5));
#5362=CARTESIAN_POINT('Ctrl Pts',(4.05355199042533,-47.8936451907936,1.3));
#5363=CARTESIAN_POINT('Ctrl Pts',(3.94612495511573,-47.8993705662133,1.5));
#5364=CARTESIAN_POINT('Ctrl Pts',(3.94612495511573,-47.8993705662133,1.3));
#5365=CARTESIAN_POINT('Ctrl Pts',(3.89037797185129,-47.9023416284491,1.5));
#5366=CARTESIAN_POINT('Ctrl Pts',(3.89037797185129,-47.9023416284491,1.3));
#5367=CARTESIAN_POINT('',(4.19324288102335,-47.8174169305731,1.5));
#5368=CARTESIAN_POINT('',(3.89037797185129,-47.9023416284491,1.5));
#5369=CARTESIAN_POINT('Ctrl Pts',(4.19324288102335,-47.8174169305731,1.5));
#5370=CARTESIAN_POINT('Ctrl Pts',(4.14786946230038,-47.8421768612651,1.5));
#5371=CARTESIAN_POINT('Ctrl Pts',(4.05355199042533,-47.8936451907936,1.5));
#5372=CARTESIAN_POINT('Ctrl Pts',(3.94612495511573,-47.8993705662133,1.5));
#5373=CARTESIAN_POINT('Ctrl Pts',(3.89037797185129,-47.9023416284491,1.5));
#5374=CARTESIAN_POINT('',(4.19324288102335,-47.8174169305731,1.3));
#5375=CARTESIAN_POINT('',(4.19324288102335,-47.8174169305731,1.5));
#5376=CARTESIAN_POINT('',(3.89037797185129,-47.9023416284491,1.3));
#5377=CARTESIAN_POINT('Ctrl Pts',(4.19324288102335,-47.8174169305731,1.3));
#5378=CARTESIAN_POINT('Ctrl Pts',(4.14786946230038,-47.8421768612651,1.3));
#5379=CARTESIAN_POINT('Ctrl Pts',(4.05355199042533,-47.8936451907936,1.3));
#5380=CARTESIAN_POINT('Ctrl Pts',(3.94612495511573,-47.8993705662133,1.3));
#5381=CARTESIAN_POINT('Ctrl Pts',(3.89037797185129,-47.9023416284491,1.3));
#5382=CARTESIAN_POINT('',(3.89037797185129,-47.9023416284491,1.5));
#5383=CARTESIAN_POINT('Ctrl Pts',(4.41834578248209,-47.550363684075,1.5));
#5384=CARTESIAN_POINT('Ctrl Pts',(4.41834578248209,-47.550363684075,1.3));
#5385=CARTESIAN_POINT('Ctrl Pts',(4.38634504262394,-47.6056621406638,1.5));
#5386=CARTESIAN_POINT('Ctrl Pts',(4.38634504262394,-47.6056621406638,1.3));
#5387=CARTESIAN_POINT('Ctrl Pts',(4.32701865621358,-47.7081803204941,1.5));
#5388=CARTESIAN_POINT('Ctrl Pts',(4.32701865621358,-47.7081803204941,1.3));
#5389=CARTESIAN_POINT('Ctrl Pts',(4.23542896050836,-47.7829692564041,1.5));
#5390=CARTESIAN_POINT('Ctrl Pts',(4.23542896050836,-47.7829692564041,1.3));
#5391=CARTESIAN_POINT('Ctrl Pts',(4.19324288102335,-47.8174169305731,1.5));
#5392=CARTESIAN_POINT('Ctrl Pts',(4.19324288102335,-47.8174169305731,1.3));
#5393=CARTESIAN_POINT('',(4.41834578248209,-47.550363684075,1.5));
#5394=CARTESIAN_POINT('Ctrl Pts',(4.41834578248209,-47.550363684075,1.5));
#5395=CARTESIAN_POINT('Ctrl Pts',(4.38634504262394,-47.6056621406638,1.5));
#5396=CARTESIAN_POINT('Ctrl Pts',(4.32701865621358,-47.7081803204941,1.5));
#5397=CARTESIAN_POINT('Ctrl Pts',(4.23542896050836,-47.7829692564041,1.5));
#5398=CARTESIAN_POINT('Ctrl Pts',(4.19324288102335,-47.8174169305731,1.5));
#5399=CARTESIAN_POINT('',(4.41834578248209,-47.550363684075,1.3));
#5400=CARTESIAN_POINT('',(4.41834578248209,-47.550363684075,1.5));
#5401=CARTESIAN_POINT('Ctrl Pts',(4.41834578248209,-47.550363684075,1.3));
#5402=CARTESIAN_POINT('Ctrl Pts',(4.38634504262394,-47.6056621406638,1.3));
#5403=CARTESIAN_POINT('Ctrl Pts',(4.32701865621358,-47.7081803204941,1.3));
#5404=CARTESIAN_POINT('Ctrl Pts',(4.23542896050836,-47.7829692564041,1.3));
#5405=CARTESIAN_POINT('Ctrl Pts',(4.19324288102335,-47.8174169305731,1.3));
#5406=CARTESIAN_POINT('Ctrl Pts',(4.62503025265879,-47.0571847204138,1.5));
#5407=CARTESIAN_POINT('Ctrl Pts',(4.62503025265879,-47.0571847204138,1.3));
#5408=CARTESIAN_POINT('Ctrl Pts',(4.58749918328237,-47.1587639534503,1.5));
#5409=CARTESIAN_POINT('Ctrl Pts',(4.58749918328237,-47.1587639534503,1.3));
#5410=CARTESIAN_POINT('Ctrl Pts',(4.52564893631339,-47.326163943768,1.5));
#5411=CARTESIAN_POINT('Ctrl Pts',(4.52564893631339,-47.326163943768,1.3));
#5412=CARTESIAN_POINT('Ctrl Pts',(4.44862942969853,-47.4870888818064,1.5));
#5413=CARTESIAN_POINT('Ctrl Pts',(4.44862942969853,-47.4870888818064,1.3));
#5414=CARTESIAN_POINT('Ctrl Pts',(4.41834578248209,-47.550363684075,1.5));
#5415=CARTESIAN_POINT('Ctrl Pts',(4.41834578248209,-47.550363684075,1.3));
#5416=CARTESIAN_POINT('',(4.62503025265879,-47.0571847204138,1.5));
#5417=CARTESIAN_POINT('Ctrl Pts',(4.62503025265879,-47.0571847204138,1.5));
#5418=CARTESIAN_POINT('Ctrl Pts',(4.58749918328237,-47.1587639534503,1.5));
#5419=CARTESIAN_POINT('Ctrl Pts',(4.52564893631339,-47.326163943768,1.5));
#5420=CARTESIAN_POINT('Ctrl Pts',(4.44862942969853,-47.4870888818064,1.5));
#5421=CARTESIAN_POINT('Ctrl Pts',(4.41834578248209,-47.550363684075,1.5));
#5422=CARTESIAN_POINT('',(4.62503025265879,-47.0571847204138,1.3));
#5423=CARTESIAN_POINT('',(4.62503025265879,-47.0571847204138,1.5));
#5424=CARTESIAN_POINT('Ctrl Pts',(4.62503025265879,-47.0571847204138,1.3));
#5425=CARTESIAN_POINT('Ctrl Pts',(4.58749918328237,-47.1587639534503,1.3));
#5426=CARTESIAN_POINT('Ctrl Pts',(4.52564893631339,-47.326163943768,1.3));
#5427=CARTESIAN_POINT('Ctrl Pts',(4.44862942969853,-47.4870888818064,1.3));
#5428=CARTESIAN_POINT('Ctrl Pts',(4.41834578248209,-47.550363684075,1.3));
#5429=CARTESIAN_POINT('Origin',(5.45176992150492,-44.8470893446375,1.5));
#5430=CARTESIAN_POINT('',(5.45176992150492,-44.8470893446375,1.5));
#5431=CARTESIAN_POINT('',(11.9578191912682,-27.4546864546866,1.5));
#5432=CARTESIAN_POINT('',(5.45176992150492,-44.8470893446375,1.3));
#5433=CARTESIAN_POINT('',(5.45176992150492,-44.8470893446375,1.5));
#5434=CARTESIAN_POINT('',(5.45176992150492,-44.8470893446375,1.3));
#5435=CARTESIAN_POINT('Origin',(5.08342036935038,-44.8470893446375,1.5));
#5436=CARTESIAN_POINT('',(5.08342036935038,-44.8470893446375,1.5));
#5437=CARTESIAN_POINT('',(22.2772101846752,-44.8470893446375,1.5));
#5438=CARTESIAN_POINT('',(5.08342036935038,-44.8470893446375,1.3));
#5439=CARTESIAN_POINT('',(5.08342036935038,-44.8470893446375,1.5));
#5440=CARTESIAN_POINT('',(5.08342036935038,-44.8470893446375,1.3));
#5441=CARTESIAN_POINT('Origin',(4.61889097424692,-46.1138014439513,1.5));
#5442=CARTESIAN_POINT('',(4.61889097424692,-46.1138014439513,1.5));
#5443=CARTESIAN_POINT('',(11.2413338658954,-28.0552487962828,1.5));
#5444=CARTESIAN_POINT('',(4.61889097424692,-46.1138014439513,1.3));
#5445=CARTESIAN_POINT('',(4.61889097424692,-46.1138014439513,1.5));
#5446=CARTESIAN_POINT('',(4.61889097424692,-46.1138014439513,1.3));
#5447=CARTESIAN_POINT('Ctrl Pts',(4.46745881768412,-46.6090266350676,1.5));
#5448=CARTESIAN_POINT('Ctrl Pts',(4.46745881768412,-46.6090266350676,1.3));
#5449=CARTESIAN_POINT('Ctrl Pts',(4.48956296320436,-46.5251330917478,1.5));
#5450=CARTESIAN_POINT('Ctrl Pts',(4.48956296320436,-46.5251330917478,1.3));
#5451=CARTESIAN_POINT('Ctrl Pts',(4.53357759720285,-46.3580810063968,1.5));
#5452=CARTESIAN_POINT('Ctrl Pts',(4.53357759720285,-46.3580810063968,1.3));
#5453=CARTESIAN_POINT('Ctrl Pts',(4.59053671877437,-46.1949887718978,1.5));
#5454=CARTESIAN_POINT('Ctrl Pts',(4.59053671877437,-46.1949887718978,1.3));
#5455=CARTESIAN_POINT('Ctrl Pts',(4.61889097424692,-46.1138014439513,1.5));
#5456=CARTESIAN_POINT('Ctrl Pts',(4.61889097424692,-46.1138014439513,1.3));
#5457=CARTESIAN_POINT('',(4.46745881768412,-46.6090266350676,1.5));
#5458=CARTESIAN_POINT('Ctrl Pts',(4.46745881768412,-46.6090266350676,1.5));
#5459=CARTESIAN_POINT('Ctrl Pts',(4.48956296320436,-46.5251330917478,1.5));
#5460=CARTESIAN_POINT('Ctrl Pts',(4.53357759720285,-46.3580810063968,1.5));
#5461=CARTESIAN_POINT('Ctrl Pts',(4.59053671877437,-46.1949887718978,1.5));
#5462=CARTESIAN_POINT('Ctrl Pts',(4.61889097424692,-46.1138014439513,1.5));
#5463=CARTESIAN_POINT('',(4.46745881768412,-46.6090266350676,1.3));
#5464=CARTESIAN_POINT('',(4.46745881768412,-46.6090266350676,1.5));
#5465=CARTESIAN_POINT('Ctrl Pts',(4.46745881768412,-46.6090266350676,1.3));
#5466=CARTESIAN_POINT('Ctrl Pts',(4.48956296320436,-46.5251330917478,1.3));
#5467=CARTESIAN_POINT('Ctrl Pts',(4.53357759720285,-46.3580810063968,1.3));
#5468=CARTESIAN_POINT('Ctrl Pts',(4.59053671877437,-46.1949887718978,1.3));
#5469=CARTESIAN_POINT('Ctrl Pts',(4.61889097424692,-46.1138014439513,1.3));
#5470=CARTESIAN_POINT('Ctrl Pts',(4.309886786663,-46.1056159380843,1.5));
#5471=CARTESIAN_POINT('Ctrl Pts',(4.309886786663,-46.1056159380843,1.3));
#5472=CARTESIAN_POINT('Ctrl Pts',(4.33864100883205,-46.1871712983268,1.5));
#5473=CARTESIAN_POINT('Ctrl Pts',(4.33864100883205,-46.1871712983268,1.3));
#5474=CARTESIAN_POINT('Ctrl Pts',(4.39714333689842,-46.3531009629315,1.5));
#5475=CARTESIAN_POINT('Ctrl Pts',(4.39714333689842,-46.3531009629315,1.3));
#5476=CARTESIAN_POINT('Ctrl Pts',(4.44375635782433,-46.5227573256195,1.5));
#5477=CARTESIAN_POINT('Ctrl Pts',(4.44375635782433,-46.5227573256195,1.3));
#5478=CARTESIAN_POINT('Ctrl Pts',(4.46745881768412,-46.6090266350676,1.5));
#5479=CARTESIAN_POINT('Ctrl Pts',(4.46745881768412,-46.6090266350676,1.3));
#5480=CARTESIAN_POINT('',(4.309886786663,-46.1056159380843,1.5));
#5481=CARTESIAN_POINT('Ctrl Pts',(4.309886786663,-46.1056159380843,1.5));
#5482=CARTESIAN_POINT('Ctrl Pts',(4.33864100883205,-46.1871712983268,1.5));
#5483=CARTESIAN_POINT('Ctrl Pts',(4.39714333689842,-46.3531009629315,1.5));
#5484=CARTESIAN_POINT('Ctrl Pts',(4.44375635782433,-46.5227573256195,1.5));
#5485=CARTESIAN_POINT('Ctrl Pts',(4.46745881768412,-46.6090266350676,1.5));
#5486=CARTESIAN_POINT('',(4.309886786663,-46.1056159380843,1.3));
#5487=CARTESIAN_POINT('',(4.309886786663,-46.1056159380843,1.5));
#5488=CARTESIAN_POINT('Ctrl Pts',(4.309886786663,-46.1056159380843,1.3));
#5489=CARTESIAN_POINT('Ctrl Pts',(4.33864100883205,-46.1871712983268,1.3));
#5490=CARTESIAN_POINT('Ctrl Pts',(4.39714333689842,-46.3531009629315,1.3));
#5491=CARTESIAN_POINT('Ctrl Pts',(4.44375635782433,-46.5227573256195,1.3));
#5492=CARTESIAN_POINT('Ctrl Pts',(4.46745881768412,-46.6090266350676,1.3));
#5493=CARTESIAN_POINT('Origin',(3.85763594838328,-44.8470893446375,1.5));
#5494=CARTESIAN_POINT('',(3.85763594838328,-44.8470893446375,1.5));
#5495=CARTESIAN_POINT('',(1.60934893994103,-38.5905415390251,1.5));
#5496=CARTESIAN_POINT('',(3.85763594838328,-44.8470893446375,1.3));
#5497=CARTESIAN_POINT('',(3.85763594838328,-44.8470893446375,1.5));
#5498=CARTESIAN_POINT('',(3.85763594838328,-44.8470893446375,1.3));
#5499=CARTESIAN_POINT('Origin',(3.46063742371745,-44.8470893446375,1.5));
#5500=CARTESIAN_POINT('',(3.46063742371745,-44.8470893446375,1.5));
#5501=CARTESIAN_POINT('',(21.4658187118587,-44.8470893446375,1.5));
#5502=CARTESIAN_POINT('',(3.46063742371745,-44.8470893446375,1.3));
#5503=CARTESIAN_POINT('',(3.46063742371745,-44.8470893446375,1.5));
#5504=CARTESIAN_POINT('',(3.46063742371744,-44.8470893446375,1.3));
#5505=CARTESIAN_POINT('Origin',(4.28533026906199,-47.0244426969458,1.5));
#5506=CARTESIAN_POINT('',(4.28533026906199,-47.0244426969458,1.5));
#5507=CARTESIAN_POINT('',(1.67233749870704,-40.1256213961345,1.5));
#5508=CARTESIAN_POINT('',(4.28533026906199,-47.0244426969458,1.3));
#5509=CARTESIAN_POINT('',(4.28533026906199,-47.0244426969458,1.5));
#5510=CARTESIAN_POINT('',(4.28533026906199,-47.0244426969458,1.3));
#5511=CARTESIAN_POINT('Ctrl Pts',(4.25258824559397,-47.1144835595061,1.5));
#5512=CARTESIAN_POINT('Ctrl Pts',(4.25258824559397,-47.1144835595061,1.3));
#5513=CARTESIAN_POINT('Ctrl Pts',(4.25697292642205,-47.1018463179032,1.5));
#5514=CARTESIAN_POINT('Ctrl Pts',(4.25697292642205,-47.1018463179032,1.3));
#5515=CARTESIAN_POINT('Ctrl Pts',(4.2674424213701,-47.0716718212165,1.5));
#5516=CARTESIAN_POINT('Ctrl Pts',(4.2674424213701,-47.0716718212165,1.3));
#5517=CARTESIAN_POINT('Ctrl Pts',(4.27875529044075,-47.0418025541924,1.5));
#5518=CARTESIAN_POINT('Ctrl Pts',(4.27875529044075,-47.0418025541924,1.3));
#5519=CARTESIAN_POINT('Ctrl Pts',(4.28533026906199,-47.0244426969458,1.5));
#5520=CARTESIAN_POINT('Ctrl Pts',(4.28533026906199,-47.0244426969458,1.3));
#5521=CARTESIAN_POINT('',(4.25258824559397,-47.1144835595061,1.5));
#5522=CARTESIAN_POINT('Ctrl Pts',(4.25258824559397,-47.1144835595061,1.5));
#5523=CARTESIAN_POINT('Ctrl Pts',(4.25697292642205,-47.1018463179032,1.5));
#5524=CARTESIAN_POINT('Ctrl Pts',(4.2674424213701,-47.0716718212165,1.5));
#5525=CARTESIAN_POINT('Ctrl Pts',(4.27875529044075,-47.0418025541924,1.5));
#5526=CARTESIAN_POINT('Ctrl Pts',(4.28533026906199,-47.0244426969458,1.5));
#5527=CARTESIAN_POINT('',(4.25258824559397,-47.1144835595061,1.3));
#5528=CARTESIAN_POINT('',(4.25258824559397,-47.1144835595061,1.5));
#5529=CARTESIAN_POINT('Ctrl Pts',(4.25258824559397,-47.1144835595061,1.3));
#5530=CARTESIAN_POINT('Ctrl Pts',(4.25697292642205,-47.1018463179032,1.3));
#5531=CARTESIAN_POINT('Ctrl Pts',(4.2674424213701,-47.0716718212165,1.3));
#5532=CARTESIAN_POINT('Ctrl Pts',(4.27875529044075,-47.0418025541924,1.3));
#5533=CARTESIAN_POINT('Ctrl Pts',(4.28533026906199,-47.0244426969458,1.3));
#5534=CARTESIAN_POINT('Ctrl Pts',(4.14003739091105,-47.3886991981436,1.5));
#5535=CARTESIAN_POINT('Ctrl Pts',(4.14003739091105,-47.3886991981436,1.3));
#5536=CARTESIAN_POINT('Ctrl Pts',(4.15569555771368,-47.3568430621163,1.5));
#5537=CARTESIAN_POINT('Ctrl Pts',(4.15569555771368,-47.3568430621163,1.3));
#5538=CARTESIAN_POINT('Ctrl Pts',(4.19934537249522,-47.2680386410896,1.5));
#5539=CARTESIAN_POINT('Ctrl Pts',(4.19934537249522,-47.2680386410896,1.3));
#5540=CARTESIAN_POINT('Ctrl Pts',(4.23178526776883,-47.1744803773186,1.5));
#5541=CARTESIAN_POINT('Ctrl Pts',(4.23178526776883,-47.1744803773186,1.3));
#5542=CARTESIAN_POINT('Ctrl Pts',(4.25258824559397,-47.1144835595061,1.5));
#5543=CARTESIAN_POINT('Ctrl Pts',(4.25258824559397,-47.1144835595061,1.3));
#5544=CARTESIAN_POINT('',(4.14003739091105,-47.3886991981436,1.5));
#5545=CARTESIAN_POINT('Ctrl Pts',(4.14003739091105,-47.3886991981436,1.5));
#5546=CARTESIAN_POINT('Ctrl Pts',(4.15569555771368,-47.3568430621163,1.5));
#5547=CARTESIAN_POINT('Ctrl Pts',(4.19934537249522,-47.2680386410896,1.5));
#5548=CARTESIAN_POINT('Ctrl Pts',(4.23178526776883,-47.1744803773186,1.5));
#5549=CARTESIAN_POINT('Ctrl Pts',(4.25258824559397,-47.1144835595061,1.5));
#5550=CARTESIAN_POINT('',(4.14003739091105,-47.3886991981436,1.3));
#5551=CARTESIAN_POINT('',(4.14003739091105,-47.3886991981436,1.5));
#5552=CARTESIAN_POINT('Ctrl Pts',(4.14003739091105,-47.3886991981436,1.3));
#5553=CARTESIAN_POINT('Ctrl Pts',(4.15569555771368,-47.3568430621163,1.3));
#5554=CARTESIAN_POINT('Ctrl Pts',(4.19934537249522,-47.2680386410896,1.3));
#5555=CARTESIAN_POINT('Ctrl Pts',(4.23178526776883,-47.1744803773186,1.3));
#5556=CARTESIAN_POINT('Ctrl Pts',(4.25258824559397,-47.1144835595061,1.3));
#5557=CARTESIAN_POINT('Ctrl Pts',(4.01930043431467,-47.5032968763281,1.5));
#5558=CARTESIAN_POINT('Ctrl Pts',(4.01930043431467,-47.5032968763281,1.3));
#5559=CARTESIAN_POINT('Ctrl Pts',(4.04282212567838,-47.4881742892775,1.5));
#5560=CARTESIAN_POINT('Ctrl Pts',(4.04282212567838,-47.4881742892775,1.3));
#5561=CARTESIAN_POINT('Ctrl Pts',(4.09032148548494,-47.4576359579809,1.5));
#5562=CARTESIAN_POINT('Ctrl Pts',(4.09032148548494,-47.4576359579809,1.3));
#5563=CARTESIAN_POINT('Ctrl Pts',(4.12335970402564,-47.4118247086941,1.5));
#5564=CARTESIAN_POINT('Ctrl Pts',(4.12335970402564,-47.4118247086941,1.3));
#5565=CARTESIAN_POINT('Ctrl Pts',(4.14003739091105,-47.3886991981436,1.5));
#5566=CARTESIAN_POINT('Ctrl Pts',(4.14003739091105,-47.3886991981436,1.3));
#5567=CARTESIAN_POINT('',(4.01930043431467,-47.5032968763281,1.5));
#5568=CARTESIAN_POINT('Ctrl Pts',(4.01930043431467,-47.5032968763281,1.5));
#5569=CARTESIAN_POINT('Ctrl Pts',(4.04282212567838,-47.4881742892775,1.5));
#5570=CARTESIAN_POINT('Ctrl Pts',(4.09032148548494,-47.4576359579809,1.5));
#5571=CARTESIAN_POINT('Ctrl Pts',(4.12335970402564,-47.4118247086941,1.5));
#5572=CARTESIAN_POINT('Ctrl Pts',(4.14003739091105,-47.3886991981436,1.5));
#5573=CARTESIAN_POINT('',(4.01930043431467,-47.5032968763281,1.3));
#5574=CARTESIAN_POINT('',(4.01930043431467,-47.5032968763281,1.5));
#5575=CARTESIAN_POINT('Ctrl Pts',(4.01930043431467,-47.5032968763281,1.3));
#5576=CARTESIAN_POINT('Ctrl Pts',(4.04282212567838,-47.4881742892775,1.3));
#5577=CARTESIAN_POINT('Ctrl Pts',(4.09032148548494,-47.4576359579809,1.3));
#5578=CARTESIAN_POINT('Ctrl Pts',(4.12335970402564,-47.4118247086941,1.3));
#5579=CARTESIAN_POINT('Ctrl Pts',(4.14003739091105,-47.3886991981436,1.3));
#5580=CARTESIAN_POINT('Ctrl Pts',(3.82284769746012,-47.5442244056631,1.5));
#5581=CARTESIAN_POINT('Ctrl Pts',(3.82284769746012,-47.5442244056631,1.3));
#5582=CARTESIAN_POINT('Ctrl Pts',(3.86023062447686,-47.543291576719,1.5));
#5583=CARTESIAN_POINT('Ctrl Pts',(3.86023062447686,-47.543291576719,1.3));
#5584=CARTESIAN_POINT('Ctrl Pts',(3.92835632632316,-47.5415916128159,1.5));
#5585=CARTESIAN_POINT('Ctrl Pts',(3.92835632632316,-47.5415916128159,1.3));
#5586=CARTESIAN_POINT('Ctrl Pts',(3.99102171163116,-47.515204478231,1.5));
#5587=CARTESIAN_POINT('Ctrl Pts',(3.99102171163116,-47.515204478231,1.3));
#5588=CARTESIAN_POINT('Ctrl Pts',(4.01930043431467,-47.5032968763281,1.5));
#5589=CARTESIAN_POINT('Ctrl Pts',(4.01930043431467,-47.5032968763281,1.3));
#5590=CARTESIAN_POINT('',(3.82284769746012,-47.5442244056631,1.5));
#5591=CARTESIAN_POINT('Ctrl Pts',(3.82284769746012,-47.5442244056631,1.5));
#5592=CARTESIAN_POINT('Ctrl Pts',(3.86023062447686,-47.543291576719,1.5));
#5593=CARTESIAN_POINT('Ctrl Pts',(3.92835632632316,-47.5415916128159,1.5));
#5594=CARTESIAN_POINT('Ctrl Pts',(3.99102171163116,-47.515204478231,1.5));
#5595=CARTESIAN_POINT('Ctrl Pts',(4.01930043431467,-47.5032968763281,1.5));
#5596=CARTESIAN_POINT('',(3.82284769746012,-47.5442244056631,1.3));
#5597=CARTESIAN_POINT('',(3.82284769746012,-47.5442244056631,1.5));
#5598=CARTESIAN_POINT('Ctrl Pts',(3.82284769746012,-47.5442244056631,1.3));
#5599=CARTESIAN_POINT('Ctrl Pts',(3.86023062447686,-47.543291576719,1.3));
#5600=CARTESIAN_POINT('Ctrl Pts',(3.92835632632316,-47.5415916128159,1.3));
#5601=CARTESIAN_POINT('Ctrl Pts',(3.99102171163116,-47.515204478231,1.3));
#5602=CARTESIAN_POINT('Ctrl Pts',(4.01930043431467,-47.5032968763281,1.3));
#5603=CARTESIAN_POINT('Ctrl Pts',(3.61207017632669,-47.5114823821951,1.5));
#5604=CARTESIAN_POINT('Ctrl Pts',(3.61207017632669,-47.5114823821951,1.3));
#5605=CARTESIAN_POINT('Ctrl Pts',(3.6495564262004,-47.5210118812232,1.5));
#5606=CARTESIAN_POINT('Ctrl Pts',(3.6495564262004,-47.5210118812232,1.3));
#5607=CARTESIAN_POINT('Ctrl Pts',(3.71881295449134,-47.5386178039618,1.5));
#5608=CARTESIAN_POINT('Ctrl Pts',(3.71881295449134,-47.5386178039618,1.3));
#5609=CARTESIAN_POINT('Ctrl Pts',(3.79013150205733,-47.5424612766202,1.5));
#5610=CARTESIAN_POINT('Ctrl Pts',(3.79013150205733,-47.5424612766202,1.3));
#5611=CARTESIAN_POINT('Ctrl Pts',(3.82284769746012,-47.5442244056631,1.5));
#5612=CARTESIAN_POINT('Ctrl Pts',(3.82284769746012,-47.5442244056631,1.3));
#5613=CARTESIAN_POINT('',(3.61207017632669,-47.5114823821951,1.5));
#5614=CARTESIAN_POINT('Ctrl Pts',(3.61207017632669,-47.5114823821951,1.5));
#5615=CARTESIAN_POINT('Ctrl Pts',(3.6495564262004,-47.5210118812232,1.5));
#5616=CARTESIAN_POINT('Ctrl Pts',(3.71881295449134,-47.5386178039618,1.5));
#5617=CARTESIAN_POINT('Ctrl Pts',(3.79013150205733,-47.5424612766202,1.5));
#5618=CARTESIAN_POINT('Ctrl Pts',(3.82284769746012,-47.5442244056631,1.5));
#5619=CARTESIAN_POINT('',(3.61207017632669,-47.5114823821951,1.3));
#5620=CARTESIAN_POINT('',(3.61207017632669,-47.5114823821951,1.5));
#5621=CARTESIAN_POINT('Ctrl Pts',(3.61207017632669,-47.5114823821951,1.3));
#5622=CARTESIAN_POINT('Ctrl Pts',(3.6495564262004,-47.5210118812232,1.3));
#5623=CARTESIAN_POINT('Ctrl Pts',(3.71881295449134,-47.5386178039618,1.3));
#5624=CARTESIAN_POINT('Ctrl Pts',(3.79013150205733,-47.5424612766202,1.3));
#5625=CARTESIAN_POINT('Ctrl Pts',(3.82284769746012,-47.5442244056631,1.3));
#5626=CARTESIAN_POINT('Origin',(3.65299770566172,-47.8573213461806,1.5));
#5627=CARTESIAN_POINT('',(3.65299770566172,-47.8573213461806,1.5));
#5628=CARTESIAN_POINT('',(2.15341290371049,-35.1857806316192,1.5));
#5629=CARTESIAN_POINT('',(3.65299770566172,-47.8573213461806,1.3));
#5630=CARTESIAN_POINT('',(3.65299770566172,-47.8573213461806,1.5));
#5631=CARTESIAN_POINT('',(3.65299770566172,-47.8573213461806,1.3));
#5632=CARTESIAN_POINT('Ctrl Pts',(3.89037797185129,-47.9023416284491,1.5));
#5633=CARTESIAN_POINT('Ctrl Pts',(3.89037797185129,-47.9023416284491,1.3));
#5634=CARTESIAN_POINT('Ctrl Pts',(3.85259953912668,-47.9000113720588,1.5));
#5635=CARTESIAN_POINT('Ctrl Pts',(3.85259953912668,-47.9000113720588,1.3));
#5636=CARTESIAN_POINT('Ctrl Pts',(3.77163096789798,-47.8950170534249,1.5));
#5637=CARTESIAN_POINT('Ctrl Pts',(3.77163096789798,-47.8950170534249,1.3));
#5638=CARTESIAN_POINT('Ctrl Pts',(3.6942657491055,-47.8704342628692,1.5));
#5639=CARTESIAN_POINT('Ctrl Pts',(3.6942657491055,-47.8704342628692,1.3));
#5640=CARTESIAN_POINT('Ctrl Pts',(3.65299770566172,-47.8573213461806,1.5));
#5641=CARTESIAN_POINT('Ctrl Pts',(3.65299770566172,-47.8573213461806,1.3));
#5642=CARTESIAN_POINT('Ctrl Pts',(3.89037797185129,-47.9023416284491,1.5));
#5643=CARTESIAN_POINT('Ctrl Pts',(3.85259953912668,-47.9000113720588,1.5));
#5644=CARTESIAN_POINT('Ctrl Pts',(3.77163096789798,-47.8950170534249,1.5));
#5645=CARTESIAN_POINT('Ctrl Pts',(3.6942657491055,-47.8704342628692,1.5));
#5646=CARTESIAN_POINT('Ctrl Pts',(3.65299770566172,-47.8573213461806,1.5));
#5647=CARTESIAN_POINT('Ctrl Pts',(3.89037797185129,-47.9023416284491,1.3));
#5648=CARTESIAN_POINT('Ctrl Pts',(3.85259953912668,-47.9000113720588,1.3));
#5649=CARTESIAN_POINT('Ctrl Pts',(3.77163096789798,-47.8950170534249,1.3));
#5650=CARTESIAN_POINT('Ctrl Pts',(3.6942657491055,-47.8704342628692,1.3));
#5651=CARTESIAN_POINT('Ctrl Pts',(3.65299770566172,-47.8573213461806,1.3));
#5652=CARTESIAN_POINT('Origin',(6.43915054345972,-45.961345726626,1.3));
#5653=CARTESIAN_POINT('Origin',(-1.02913087276273,-45.9807865265776,1.5));
#5654=CARTESIAN_POINT('',(-1.02913087276273,-45.9807865265776,1.5));
#5655=CARTESIAN_POINT('',(-1.02913087276274,-47.0203499440123,1.5));
#5656=CARTESIAN_POINT('',(-1.02913087276272,-31.9506480518846,1.5));
#5657=CARTESIAN_POINT('',(-1.02913087276273,-45.9807865265776,1.3));
#5658=CARTESIAN_POINT('',(-1.02913087276273,-45.9807865265776,1.5));
#5659=CARTESIAN_POINT('',(-1.02913087276274,-47.0203499440123,1.3));
#5660=CARTESIAN_POINT('',(-1.02913087276273,-45.9807865265776,1.3));
#5661=CARTESIAN_POINT('',(-1.02913087276274,-47.0203499440123,1.5));
#5662=CARTESIAN_POINT('Origin',(-0.537998509085709,-45.5019324962069,1.5));
#5663=CARTESIAN_POINT('',(-0.537998509085709,-45.5019324962069,1.5));
#5664=CARTESIAN_POINT('',(16.6105789449722,-28.7820703239798,1.5));
#5665=CARTESIAN_POINT('',(-0.537998509085709,-45.5019324962069,1.3));
#5666=CARTESIAN_POINT('',(-0.537998509085709,-45.5019324962069,1.5));
#5667=CARTESIAN_POINT('',(-0.537998509085709,-45.5019324962069,1.3));
#5668=CARTESIAN_POINT('Origin',(0.530214253389303,-47.0203499440123,1.5));
#5669=CARTESIAN_POINT('',(0.530214253389303,-47.0203499440123,1.5));
#5670=CARTESIAN_POINT('',(0.129067537254226,-46.4501375347371,1.5));
#5671=CARTESIAN_POINT('',(0.530214253389303,-47.0203499440123,1.3));
#5672=CARTESIAN_POINT('',(0.530214253389303,-47.0203499440123,1.5));
#5673=CARTESIAN_POINT('',(0.530214253389303,-47.0203499440123,1.3));
#5674=CARTESIAN_POINT('Origin',(1.05408886405176,-47.0203499440123,1.5));
#5675=CARTESIAN_POINT('',(1.05408886405176,-47.0203499440123,1.5));
#5676=CARTESIAN_POINT('',(20.2625444320259,-47.0203499440123,1.5));
#5677=CARTESIAN_POINT('',(1.05408886405176,-47.0203499440123,1.3));
#5678=CARTESIAN_POINT('',(1.05408886405176,-47.0203499440123,1.5));
#5679=CARTESIAN_POINT('',(1.05408886405176,-47.0203499440123,1.3));
#5680=CARTESIAN_POINT('Origin',(-0.25969019202047,-45.2359023634364,1.5));
#5681=CARTESIAN_POINT('',(-0.25969019202047,-45.2359023634364,1.5));
#5682=CARTESIAN_POINT('',(0.202443382807576,-45.8635978162549,1.5));
#5683=CARTESIAN_POINT('',(-0.25969019202047,-45.2359023634364,1.3));
#5684=CARTESIAN_POINT('',(-0.25969019202047,-45.2359023634364,1.5));
#5685=CARTESIAN_POINT('',(-0.25969019202047,-45.2359023634364,1.3));
#5686=CARTESIAN_POINT('Origin',(0.998836550437875,-44.020349824803,1.5));
#5687=CARTESIAN_POINT('',(0.998836550437875,-44.020349824803,1.5));
#5688=CARTESIAN_POINT('',(17.4719270413574,-28.109756676611,1.5));
#5689=CARTESIAN_POINT('',(0.998836550437875,-44.020349824803,1.3));
#5690=CARTESIAN_POINT('',(0.998836550437875,-44.020349824803,1.5));
#5691=CARTESIAN_POINT('',(0.998836550437875,-44.020349824803,1.3));
#5692=CARTESIAN_POINT('Origin',(0.460637155496545,-44.020349824803,1.5));
#5693=CARTESIAN_POINT('',(0.460637155496545,-44.020349824803,1.5));
#5694=CARTESIAN_POINT('',(19.9658185777483,-44.020349824803,1.5));
#5695=CARTESIAN_POINT('',(0.460637155496545,-44.020349824803,1.3));
#5696=CARTESIAN_POINT('',(0.460637155496545,-44.020349824803,1.5));
#5697=CARTESIAN_POINT('',(0.460637155496545,-44.020349824803,1.3));
#5698=CARTESIAN_POINT('Origin',(-1.02913087276273,-45.5080716256071,1.5));
#5699=CARTESIAN_POINT('',(-1.02913087276273,-45.5080716256071,1.5));
#5700=CARTESIAN_POINT('',(16.0067023372129,-28.4956374878188,1.5));
#5701=CARTESIAN_POINT('',(-1.02913087276273,-45.5080716256071,1.3));
#5702=CARTESIAN_POINT('',(-1.02913087276273,-45.5080716256071,1.5));
#5703=CARTESIAN_POINT('',(-1.02913087276273,-45.5080716256071,1.3));
#5704=CARTESIAN_POINT('Origin',(-1.02913087276273,-44.020349824803,1.5));
#5705=CARTESIAN_POINT('',(-1.02913087276273,-44.020349824803,1.5));
#5706=CARTESIAN_POINT('',(-1.02913087276272,-30.9704297009973,1.5));
#5707=CARTESIAN_POINT('',(-1.02913087276273,-44.020349824803,1.3));
#5708=CARTESIAN_POINT('',(-1.02913087276273,-44.020349824803,1.5));
#5709=CARTESIAN_POINT('',(-1.02913087276273,-44.020349824803,1.3));
#5710=CARTESIAN_POINT('Origin',(-1.42612949056082,-44.020349824803,1.5));
#5711=CARTESIAN_POINT('',(-1.42612949056082,-44.020349824803,1.5));
#5712=CARTESIAN_POINT('',(19.0224352547196,-44.020349824803,1.5));
#5713=CARTESIAN_POINT('',(-1.42612949056082,-44.020349824803,1.3));
#5714=CARTESIAN_POINT('',(-1.42612949056082,-44.020349824803,1.5));
#5715=CARTESIAN_POINT('',(-1.42612949056082,-44.020349824803,1.3));
#5716=CARTESIAN_POINT('Origin',(-1.42612949056083,-47.0203499440123,1.5));
#5717=CARTESIAN_POINT('',(-1.42612949056083,-47.0203499440123,1.5));
#5718=CARTESIAN_POINT('',(-1.42612949056081,-32.4704297606019,1.5));
#5719=CARTESIAN_POINT('',(-1.42612949056083,-47.0203499440123,1.3));
#5720=CARTESIAN_POINT('',(-1.42612949056083,-47.0203499440123,1.5));
#5721=CARTESIAN_POINT('',(-1.42612949056083,-47.0203499440123,1.3));
#5722=CARTESIAN_POINT('Origin',(-1.02913087276274,-47.0203499440123,1.5));
#5723=CARTESIAN_POINT('',(19.2209345636186,-47.0203499440123,1.5));
#5724=CARTESIAN_POINT('',(-1.02913087276274,-47.0203499440123,1.3));
#5725=CARTESIAN_POINT('Origin',(6.43915054345972,-45.961345726626,1.3));
#5726=CARTESIAN_POINT('Origin',(39.471,-17.9205095771916,1.5));
#5727=CARTESIAN_POINT('',(-10.329,11.4794904228084,1.5));
#5728=CARTESIAN_POINT('',(-9.329,12.4794904228084,1.5));
#5729=CARTESIAN_POINT('Origin',(-9.329,11.4794904228084,1.5));
#5730=CARTESIAN_POINT('',(-10.329,-47.3205095771916,1.5));
#5731=CARTESIAN_POINT('',(-10.329,12.4794904228084,1.5));
#5732=CARTESIAN_POINT('',(-9.329,-48.3205095771916,1.5));
#5733=CARTESIAN_POINT('Origin',(-9.329,-47.3205095771916,1.5));
#5734=CARTESIAN_POINT('',(88.271,-48.3205095771916,1.5));
#5735=CARTESIAN_POINT('',(-10.329,-48.3205095771916,1.5));
#5736=CARTESIAN_POINT('',(89.271,-47.3205095771916,1.5));
#5737=CARTESIAN_POINT('Origin',(88.271,-47.3205095771916,1.5));
#5738=CARTESIAN_POINT('',(89.271,11.4794904228084,1.5));
#5739=CARTESIAN_POINT('',(89.271,-48.3205095771916,1.5));
#5740=CARTESIAN_POINT('',(88.271,12.4794904228084,1.5));
#5741=CARTESIAN_POINT('Origin',(88.271,11.4794904228084,1.5));
#5742=CARTESIAN_POINT('',(77.879,12.4794904228084,1.5));
#5743=CARTESIAN_POINT('',(89.271,12.4794904228084,1.5));
#5744=CARTESIAN_POINT('',(77.879,-18.5205095771916,1.5));
#5745=CARTESIAN_POINT('',(77.879,12.4794904228084,1.5));
#5746=CARTESIAN_POINT('',(59.379,-18.5205095771916,1.5));
#5747=CARTESIAN_POINT('',(77.879,-18.5205095771916,1.5));
#5748=CARTESIAN_POINT('',(59.379,12.4794904228084,1.5));
#5749=CARTESIAN_POINT('',(59.379,-18.5205095771916,1.5));
#5750=CARTESIAN_POINT('',(-10.329,12.4794904228084,1.5));
#5751=CARTESIAN_POINT('',(72.629,-28.0205095771916,1.5));
#5752=CARTESIAN_POINT('Origin',(67.629,-28.0205095771916,1.5));
#5753=CARTESIAN_POINT('',(40.625,-22.075,1.5));
#5754=CARTESIAN_POINT('',(41.125,-21.575,1.5));
#5755=CARTESIAN_POINT('Origin',(41.125,-22.075,1.5));
#5756=CARTESIAN_POINT('',(54.125,-21.575,1.5));
#5757=CARTESIAN_POINT('',(41.125,-21.575,1.5));
#5758=CARTESIAN_POINT('',(54.625,-22.075,1.5));
#5759=CARTESIAN_POINT('Origin',(54.125,-22.075,1.5));
#5760=CARTESIAN_POINT('',(54.625,-35.075,1.5));
#5761=CARTESIAN_POINT('',(54.625,-22.075,1.5));
#5762=CARTESIAN_POINT('',(54.125,-35.575,1.5));
#5763=CARTESIAN_POINT('Origin',(54.125,-35.075,1.5));
#5764=CARTESIAN_POINT('',(41.125,-35.575,1.5));
#5765=CARTESIAN_POINT('',(41.125,-35.575,1.5));
#5766=CARTESIAN_POINT('',(40.625,-35.075,1.5));
#5767=CARTESIAN_POINT('Origin',(41.125,-35.075,1.5));
#5768=CARTESIAN_POINT('',(40.625,-22.075,1.5));
#5769=CARTESIAN_POINT('',(82.571,7.47949042280839,1.5));
#5770=CARTESIAN_POINT('Origin',(84.271,7.47949042280839,1.5));
#5771=CARTESIAN_POINT('',(40.625,-3.025,1.5));
#5772=CARTESIAN_POINT('',(41.125,-2.525,1.5));
#5773=CARTESIAN_POINT('Origin',(41.125,-3.025,1.5));
#5774=CARTESIAN_POINT('',(54.125,-2.525,1.5));
#5775=CARTESIAN_POINT('',(41.125,-2.525,1.5));
#5776=CARTESIAN_POINT('',(54.625,-3.025,1.5));
#5777=CARTESIAN_POINT('Origin',(54.125,-3.025,1.5));
#5778=CARTESIAN_POINT('',(54.625,-16.025,1.5));
#5779=CARTESIAN_POINT('',(54.625,-3.025,1.5));
#5780=CARTESIAN_POINT('',(54.125,-16.525,1.5));
#5781=CARTESIAN_POINT('Origin',(54.125,-16.025,1.5));
#5782=CARTESIAN_POINT('',(41.125,-16.525,1.5));
#5783=CARTESIAN_POINT('',(41.125,-16.525,1.5));
#5784=CARTESIAN_POINT('',(40.625,-16.025,1.5));
#5785=CARTESIAN_POINT('Origin',(41.125,-16.025,1.5));
#5786=CARTESIAN_POINT('',(40.625,-3.025,1.5));
#5787=CARTESIAN_POINT('',(2.525,-3.025,1.5));
#5788=CARTESIAN_POINT('',(3.025,-2.525,1.5));
#5789=CARTESIAN_POINT('Origin',(3.025,-3.025,1.5));
#5790=CARTESIAN_POINT('',(16.025,-2.525,1.5));
#5791=CARTESIAN_POINT('',(3.025,-2.525,1.5));
#5792=CARTESIAN_POINT('',(16.525,-3.025,1.5));
#5793=CARTESIAN_POINT('Origin',(16.025,-3.025,1.5));
#5794=CARTESIAN_POINT('',(16.525,-16.025,1.5));
#5795=CARTESIAN_POINT('',(16.525,-3.025,1.5));
#5796=CARTESIAN_POINT('',(16.025,-16.525,1.5));
#5797=CARTESIAN_POINT('Origin',(16.025,-16.025,1.5));
#5798=CARTESIAN_POINT('',(3.025,-16.525,1.5));
#5799=CARTESIAN_POINT('',(3.025,-16.525,1.5));
#5800=CARTESIAN_POINT('',(2.525,-16.025,1.5));
#5801=CARTESIAN_POINT('Origin',(3.025,-16.025,1.5));
#5802=CARTESIAN_POINT('',(2.525,-3.025,1.5));
#5803=CARTESIAN_POINT('',(21.575,-22.075,1.5));
#5804=CARTESIAN_POINT('',(22.075,-21.575,1.5));
#5805=CARTESIAN_POINT('Origin',(22.075,-22.075,1.5));
#5806=CARTESIAN_POINT('',(35.075,-21.575,1.5));
#5807=CARTESIAN_POINT('',(22.075,-21.575,1.5));
#5808=CARTESIAN_POINT('',(35.575,-22.075,1.5));
#5809=CARTESIAN_POINT('Origin',(35.075,-22.075,1.5));
#5810=CARTESIAN_POINT('',(35.575,-35.075,1.5));
#5811=CARTESIAN_POINT('',(35.575,-22.075,1.5));
#5812=CARTESIAN_POINT('',(35.075,-35.575,1.5));
#5813=CARTESIAN_POINT('Origin',(35.075,-35.075,1.5));
#5814=CARTESIAN_POINT('',(22.075,-35.575,1.5));
#5815=CARTESIAN_POINT('',(22.075,-35.575,1.5));
#5816=CARTESIAN_POINT('',(21.575,-35.075,1.5));
#5817=CARTESIAN_POINT('Origin',(22.075,-35.075,1.5));
#5818=CARTESIAN_POINT('',(21.575,-22.075,1.5));
#5819=CARTESIAN_POINT('',(-7.02900000000001,-43.3205095771916,1.5));
#5820=CARTESIAN_POINT('Origin',(-5.329,-43.3205095771916,1.5));
#5821=CARTESIAN_POINT('',(-7.029,7.47949042280839,1.5));
#5822=CARTESIAN_POINT('Origin',(-5.329,7.47949042280839,1.5));
#5823=CARTESIAN_POINT('',(82.571,-43.3205095771916,1.5));
#5824=CARTESIAN_POINT('Origin',(84.271,-43.3205095771916,1.5));
#5825=CARTESIAN_POINT('',(2.525,-22.075,1.5));
#5826=CARTESIAN_POINT('',(3.025,-21.575,1.5));
#5827=CARTESIAN_POINT('Origin',(3.025,-22.075,1.5));
#5828=CARTESIAN_POINT('',(16.025,-21.575,1.5));
#5829=CARTESIAN_POINT('',(3.025,-21.575,1.5));
#5830=CARTESIAN_POINT('',(16.525,-22.075,1.5));
#5831=CARTESIAN_POINT('Origin',(16.025,-22.075,1.5));
#5832=CARTESIAN_POINT('',(16.525,-35.075,1.5));
#5833=CARTESIAN_POINT('',(16.525,-22.075,1.5));
#5834=CARTESIAN_POINT('',(16.025,-35.575,1.5));
#5835=CARTESIAN_POINT('Origin',(16.025,-35.075,1.5));
#5836=CARTESIAN_POINT('',(3.025,-35.575,1.5));
#5837=CARTESIAN_POINT('',(3.025,-35.575,1.5));
#5838=CARTESIAN_POINT('',(2.525,-35.075,1.5));
#5839=CARTESIAN_POINT('Origin',(3.025,-35.075,1.5));
#5840=CARTESIAN_POINT('',(2.525,-22.075,1.5));
#5841=CARTESIAN_POINT('',(21.575,-3.025,1.5));
#5842=CARTESIAN_POINT('',(22.075,-2.525,1.5));
#5843=CARTESIAN_POINT('Origin',(22.075,-3.025,1.5));
#5844=CARTESIAN_POINT('',(35.075,-2.525,1.5));
#5845=CARTESIAN_POINT('',(22.075,-2.525,1.5));
#5846=CARTESIAN_POINT('',(35.575,-3.025,1.5));
#5847=CARTESIAN_POINT('Origin',(35.075,-3.025,1.5));
#5848=CARTESIAN_POINT('',(35.575,-16.025,1.5));
#5849=CARTESIAN_POINT('',(35.575,-3.025,1.5));
#5850=CARTESIAN_POINT('',(35.075,-16.525,1.5));
#5851=CARTESIAN_POINT('Origin',(35.075,-16.025,1.5));
#5852=CARTESIAN_POINT('',(22.075,-16.525,1.5));
#5853=CARTESIAN_POINT('',(22.075,-16.525,1.5));
#5854=CARTESIAN_POINT('',(21.575,-16.025,1.5));
#5855=CARTESIAN_POINT('Origin',(22.075,-16.025,1.5));
#5856=CARTESIAN_POINT('',(21.575,-3.025,1.5));
#5857=CARTESIAN_POINT('Origin',(39.471,-17.9205095771916,1.5));
#5858=CARTESIAN_POINT('Origin',(67.629,-28.0205095771916,1.5));
#5859=CARTESIAN_POINT('',(72.629,-28.0205095771916,0.));
#5860=CARTESIAN_POINT('',(72.629,-28.0205095771916,1.5));
#5861=CARTESIAN_POINT('Origin',(67.629,-28.0205095771916,0.));
#5862=CARTESIAN_POINT('Origin',(-9.329,11.4794904228084,0.));
#5863=CARTESIAN_POINT('',(-9.329,12.4794904228084,0.));
#5864=CARTESIAN_POINT('',(-9.329,12.4794904228084,0.));
#5865=CARTESIAN_POINT('',(-10.329,11.4794904228084,0.));
#5866=CARTESIAN_POINT('Origin',(-9.329,11.4794904228084,0.));
#5867=CARTESIAN_POINT('',(-10.329,11.4794904228084,0.));
#5868=CARTESIAN_POINT('Origin',(-10.329,12.4794904228084,0.));
#5869=CARTESIAN_POINT('',(-10.329,-47.3205095771916,0.));
#5870=CARTESIAN_POINT('',(-10.329,12.4794904228084,0.));
#5871=CARTESIAN_POINT('',(-10.329,-47.3205095771916,0.));
#5872=CARTESIAN_POINT('Origin',(39.471,-17.9205095771916,0.));
#5873=CARTESIAN_POINT('',(59.379,12.4794904228084,0.));
#5874=CARTESIAN_POINT('',(-10.329,12.4794904228084,0.));
#5875=CARTESIAN_POINT('',(59.379,-18.5205095771916,0.));
#5876=CARTESIAN_POINT('',(59.379,-18.5205095771916,0.));
#5877=CARTESIAN_POINT('',(77.879,-18.5205095771916,0.));
#5878=CARTESIAN_POINT('',(77.879,-18.5205095771916,0.));
#5879=CARTESIAN_POINT('',(77.879,12.4794904228084,0.));
#5880=CARTESIAN_POINT('',(77.879,12.4794904228084,0.));
#5881=CARTESIAN_POINT('',(88.271,12.4794904228084,0.));
#5882=CARTESIAN_POINT('',(89.271,12.4794904228084,0.));
#5883=CARTESIAN_POINT('',(89.271,11.4794904228084,0.));
#5884=CARTESIAN_POINT('Origin',(88.271,11.4794904228084,0.));
#5885=CARTESIAN_POINT('',(89.271,-47.3205095771916,0.));
#5886=CARTESIAN_POINT('',(89.271,-48.3205095771916,0.));
#5887=CARTESIAN_POINT('',(88.271,-48.3205095771916,0.));
#5888=CARTESIAN_POINT('Origin',(88.271,-47.3205095771916,0.));
#5889=CARTESIAN_POINT('',(-9.329,-48.3205095771916,0.));
#5890=CARTESIAN_POINT('',(-10.329,-48.3205095771916,0.));
#5891=CARTESIAN_POINT('Origin',(-9.329,-47.3205095771916,0.));
#5892=CARTESIAN_POINT('',(40.625,-22.075,0.));
#5893=CARTESIAN_POINT('',(41.125,-21.575,0.));
#5894=CARTESIAN_POINT('Origin',(41.125,-22.075,0.));
#5895=CARTESIAN_POINT('',(40.625,-35.075,0.));
#5896=CARTESIAN_POINT('',(40.625,-22.075,0.));
#5897=CARTESIAN_POINT('',(41.125,-35.575,0.));
#5898=CARTESIAN_POINT('Origin',(41.125,-35.075,0.));
#5899=CARTESIAN_POINT('',(54.125,-35.575,0.));
#5900=CARTESIAN_POINT('',(41.125,-35.575,0.));
#5901=CARTESIAN_POINT('',(54.625,-35.075,0.));
#5902=CARTESIAN_POINT('Origin',(54.125,-35.075,0.));
#5903=CARTESIAN_POINT('',(54.625,-22.075,0.));
#5904=CARTESIAN_POINT('',(54.625,-22.075,0.));
#5905=CARTESIAN_POINT('',(54.125,-21.575,0.));
#5906=CARTESIAN_POINT('Origin',(54.125,-22.075,0.));
#5907=CARTESIAN_POINT('',(41.125,-21.575,0.));
#5908=CARTESIAN_POINT('',(82.571,7.47949042280839,0.));
#5909=CARTESIAN_POINT('Origin',(84.271,7.47949042280839,0.));
#5910=CARTESIAN_POINT('',(40.625,-3.025,0.));
#5911=CARTESIAN_POINT('',(41.125,-2.525,0.));
#5912=CARTESIAN_POINT('Origin',(41.125,-3.025,0.));
#5913=CARTESIAN_POINT('',(40.625,-16.025,0.));
#5914=CARTESIAN_POINT('',(40.625,-3.025,0.));
#5915=CARTESIAN_POINT('',(41.125,-16.525,0.));
#5916=CARTESIAN_POINT('Origin',(41.125,-16.025,0.));
#5917=CARTESIAN_POINT('',(54.125,-16.525,0.));
#5918=CARTESIAN_POINT('',(41.125,-16.525,0.));
#5919=CARTESIAN_POINT('',(54.625,-16.025,0.));
#5920=CARTESIAN_POINT('Origin',(54.125,-16.025,0.));
#5921=CARTESIAN_POINT('',(54.625,-3.025,0.));
#5922=CARTESIAN_POINT('',(54.625,-3.025,0.));
#5923=CARTESIAN_POINT('',(54.125,-2.525,0.));
#5924=CARTESIAN_POINT('Origin',(54.125,-3.025,0.));
#5925=CARTESIAN_POINT('',(41.125,-2.525,0.));
#5926=CARTESIAN_POINT('',(2.525,-3.025,0.));
#5927=CARTESIAN_POINT('',(3.025,-2.525,0.));
#5928=CARTESIAN_POINT('Origin',(3.025,-3.025,0.));
#5929=CARTESIAN_POINT('',(2.525,-16.025,0.));
#5930=CARTESIAN_POINT('',(2.525,-3.025,0.));
#5931=CARTESIAN_POINT('',(3.025,-16.525,0.));
#5932=CARTESIAN_POINT('Origin',(3.025,-16.025,0.));
#5933=CARTESIAN_POINT('',(16.025,-16.525,0.));
#5934=CARTESIAN_POINT('',(3.025,-16.525,0.));
#5935=CARTESIAN_POINT('',(16.525,-16.025,0.));
#5936=CARTESIAN_POINT('Origin',(16.025,-16.025,0.));
#5937=CARTESIAN_POINT('',(16.525,-3.025,0.));
#5938=CARTESIAN_POINT('',(16.525,-3.025,0.));
#5939=CARTESIAN_POINT('',(16.025,-2.525,0.));
#5940=CARTESIAN_POINT('Origin',(16.025,-3.025,0.));
#5941=CARTESIAN_POINT('',(3.025,-2.525,0.));
#5942=CARTESIAN_POINT('',(21.575,-22.075,0.));
#5943=CARTESIAN_POINT('',(22.075,-21.575,0.));
#5944=CARTESIAN_POINT('Origin',(22.075,-22.075,0.));
#5945=CARTESIAN_POINT('',(21.575,-35.075,0.));
#5946=CARTESIAN_POINT('',(21.575,-22.075,0.));
#5947=CARTESIAN_POINT('',(22.075,-35.575,0.));
#5948=CARTESIAN_POINT('Origin',(22.075,-35.075,0.));
#5949=CARTESIAN_POINT('',(35.075,-35.575,0.));
#5950=CARTESIAN_POINT('',(22.075,-35.575,0.));
#5951=CARTESIAN_POINT('',(35.575,-35.075,0.));
#5952=CARTESIAN_POINT('Origin',(35.075,-35.075,0.));
#5953=CARTESIAN_POINT('',(35.575,-22.075,0.));
#5954=CARTESIAN_POINT('',(35.575,-22.075,0.));
#5955=CARTESIAN_POINT('',(35.075,-21.575,0.));
#5956=CARTESIAN_POINT('Origin',(35.075,-22.075,0.));
#5957=CARTESIAN_POINT('',(22.075,-21.575,0.));
#5958=CARTESIAN_POINT('',(-7.029,-43.3205095771916,0.));
#5959=CARTESIAN_POINT('Origin',(-5.329,-43.3205095771916,0.));
#5960=CARTESIAN_POINT('',(-7.029,7.47949042280839,0.));
#5961=CARTESIAN_POINT('Origin',(-5.329,7.47949042280839,0.));
#5962=CARTESIAN_POINT('',(82.571,-43.3205095771916,0.));
#5963=CARTESIAN_POINT('Origin',(84.271,-43.3205095771916,0.));
#5964=CARTESIAN_POINT('',(2.525,-22.075,0.));
#5965=CARTESIAN_POINT('',(3.025,-21.575,0.));
#5966=CARTESIAN_POINT('Origin',(3.025,-22.075,0.));
#5967=CARTESIAN_POINT('',(2.525,-35.075,0.));
#5968=CARTESIAN_POINT('',(2.525,-22.075,0.));
#5969=CARTESIAN_POINT('',(3.025,-35.575,0.));
#5970=CARTESIAN_POINT('Origin',(3.025,-35.075,0.));
#5971=CARTESIAN_POINT('',(16.025,-35.575,0.));
#5972=CARTESIAN_POINT('',(3.025,-35.575,0.));
#5973=CARTESIAN_POINT('',(16.525,-35.075,0.));
#5974=CARTESIAN_POINT('Origin',(16.025,-35.075,0.));
#5975=CARTESIAN_POINT('',(16.525,-22.075,0.));
#5976=CARTESIAN_POINT('',(16.525,-22.075,0.));
#5977=CARTESIAN_POINT('',(16.025,-21.575,0.));
#5978=CARTESIAN_POINT('Origin',(16.025,-22.075,0.));
#5979=CARTESIAN_POINT('',(3.025,-21.575,0.));
#5980=CARTESIAN_POINT('',(21.575,-3.025,0.));
#5981=CARTESIAN_POINT('',(22.075,-2.525,0.));
#5982=CARTESIAN_POINT('Origin',(22.075,-3.025,0.));
#5983=CARTESIAN_POINT('',(21.575,-16.025,0.));
#5984=CARTESIAN_POINT('',(21.575,-3.025,0.));
#5985=CARTESIAN_POINT('',(22.075,-16.525,0.));
#5986=CARTESIAN_POINT('Origin',(22.075,-16.025,0.));
#5987=CARTESIAN_POINT('',(35.075,-16.525,0.));
#5988=CARTESIAN_POINT('',(22.075,-16.525,0.));
#5989=CARTESIAN_POINT('',(35.575,-16.025,0.));
#5990=CARTESIAN_POINT('Origin',(35.075,-16.025,0.));
#5991=CARTESIAN_POINT('',(35.575,-3.025,0.));
#5992=CARTESIAN_POINT('',(35.575,-3.025,0.));
#5993=CARTESIAN_POINT('',(35.075,-2.525,0.));
#5994=CARTESIAN_POINT('Origin',(35.075,-3.025,0.));
#5995=CARTESIAN_POINT('',(22.075,-2.525,0.));
#5996=CARTESIAN_POINT('Origin',(88.271,11.4794904228084,0.));
#5997=CARTESIAN_POINT('',(89.271,11.4794904228084,0.));
#5998=CARTESIAN_POINT('',(88.271,12.4794904228084,0.));
#5999=CARTESIAN_POINT('Origin',(89.271,-48.3205095771916,0.));
#6000=CARTESIAN_POINT('',(89.271,-47.3205095771916,0.));
#6001=CARTESIAN_POINT('Origin',(88.271,-47.3205095771916,0.));
#6002=CARTESIAN_POINT('',(88.271,-48.3205095771916,0.));
#6003=CARTESIAN_POINT('Origin',(-9.329,-47.3205095771916,0.));
#6004=CARTESIAN_POINT('',(-9.329,-48.3205095771916,0.));
#6005=CARTESIAN_POINT('Origin',(21.575,-16.025,0.));
#6006=CARTESIAN_POINT('',(21.575,-3.025,0.));
#6007=CARTESIAN_POINT('',(21.575,-16.025,0.));
#6008=CARTESIAN_POINT('Origin',(22.075,-16.025,0.));
#6009=CARTESIAN_POINT('',(22.075,-16.525,0.));
#6010=CARTESIAN_POINT('Origin',(35.075,-16.525,0.));
#6011=CARTESIAN_POINT('',(35.075,-16.525,0.));
#6012=CARTESIAN_POINT('Origin',(35.075,-16.025,0.));
#6013=CARTESIAN_POINT('',(35.575,-16.025,0.));
#6014=CARTESIAN_POINT('Origin',(35.575,-3.025,0.));
#6015=CARTESIAN_POINT('',(35.575,-3.025,0.));
#6016=CARTESIAN_POINT('Origin',(35.075,-3.025,0.));
#6017=CARTESIAN_POINT('',(35.075,-2.525,0.));
#6018=CARTESIAN_POINT('Origin',(22.075,-2.525,0.));
#6019=CARTESIAN_POINT('',(22.075,-2.525,0.));
#6020=CARTESIAN_POINT('Origin',(22.075,-3.025,0.));
#6021=CARTESIAN_POINT('Origin',(2.525,-35.075,0.));
#6022=CARTESIAN_POINT('',(2.525,-22.075,0.));
#6023=CARTESIAN_POINT('',(2.525,-35.075,0.));
#6024=CARTESIAN_POINT('Origin',(3.025,-35.075,0.));
#6025=CARTESIAN_POINT('',(3.025,-35.575,0.));
#6026=CARTESIAN_POINT('Origin',(16.025,-35.575,0.));
#6027=CARTESIAN_POINT('',(16.025,-35.575,0.));
#6028=CARTESIAN_POINT('Origin',(16.025,-35.075,0.));
#6029=CARTESIAN_POINT('',(16.525,-35.075,0.));
#6030=CARTESIAN_POINT('Origin',(16.525,-22.075,0.));
#6031=CARTESIAN_POINT('',(16.525,-22.075,0.));
#6032=CARTESIAN_POINT('Origin',(16.025,-22.075,0.));
#6033=CARTESIAN_POINT('',(16.025,-21.575,0.));
#6034=CARTESIAN_POINT('Origin',(3.025,-21.575,0.));
#6035=CARTESIAN_POINT('',(3.025,-21.575,0.));
#6036=CARTESIAN_POINT('Origin',(3.025,-22.075,0.));
#6037=CARTESIAN_POINT('Origin',(84.271,-43.3205095771916,0.));
#6038=CARTESIAN_POINT('',(82.571,-43.3205095771916,0.));
#6039=CARTESIAN_POINT('Origin',(-5.329,7.47949042280839,0.));
#6040=CARTESIAN_POINT('',(-7.029,7.47949042280839,0.));
#6041=CARTESIAN_POINT('Origin',(-5.329,-43.3205095771916,0.));
#6042=CARTESIAN_POINT('',(-7.029,-43.3205095771916,0.));
#6043=CARTESIAN_POINT('Origin',(21.575,-35.075,0.));
#6044=CARTESIAN_POINT('',(21.575,-22.075,0.));
#6045=CARTESIAN_POINT('',(21.575,-35.075,0.));
#6046=CARTESIAN_POINT('Origin',(22.075,-35.075,0.));
#6047=CARTESIAN_POINT('',(22.075,-35.575,0.));
#6048=CARTESIAN_POINT('Origin',(35.075,-35.575,0.));
#6049=CARTESIAN_POINT('',(35.075,-35.575,0.));
#6050=CARTESIAN_POINT('Origin',(35.075,-35.075,0.));
#6051=CARTESIAN_POINT('',(35.575,-35.075,0.));
#6052=CARTESIAN_POINT('Origin',(35.575,-22.075,0.));
#6053=CARTESIAN_POINT('',(35.575,-22.075,0.));
#6054=CARTESIAN_POINT('Origin',(35.075,-22.075,0.));
#6055=CARTESIAN_POINT('',(35.075,-21.575,0.));
#6056=CARTESIAN_POINT('Origin',(22.075,-21.575,0.));
#6057=CARTESIAN_POINT('',(22.075,-21.575,0.));
#6058=CARTESIAN_POINT('Origin',(22.075,-22.075,0.));
#6059=CARTESIAN_POINT('Origin',(2.525,-16.025,0.));
#6060=CARTESIAN_POINT('',(2.525,-3.025,0.));
#6061=CARTESIAN_POINT('',(2.525,-16.025,0.));
#6062=CARTESIAN_POINT('Origin',(3.025,-16.025,0.));
#6063=CARTESIAN_POINT('',(3.025,-16.525,0.));
#6064=CARTESIAN_POINT('Origin',(16.025,-16.525,0.));
#6065=CARTESIAN_POINT('',(16.025,-16.525,0.));
#6066=CARTESIAN_POINT('Origin',(16.025,-16.025,0.));
#6067=CARTESIAN_POINT('',(16.525,-16.025,0.));
#6068=CARTESIAN_POINT('Origin',(16.525,-3.025,0.));
#6069=CARTESIAN_POINT('',(16.525,-3.025,0.));
#6070=CARTESIAN_POINT('Origin',(16.025,-3.025,0.));
#6071=CARTESIAN_POINT('',(16.025,-2.525,0.));
#6072=CARTESIAN_POINT('Origin',(3.025,-2.525,0.));
#6073=CARTESIAN_POINT('',(3.025,-2.525,0.));
#6074=CARTESIAN_POINT('Origin',(3.025,-3.025,0.));
#6075=CARTESIAN_POINT('Origin',(40.625,-16.025,0.));
#6076=CARTESIAN_POINT('',(40.625,-3.025,0.));
#6077=CARTESIAN_POINT('',(40.625,-16.025,0.));
#6078=CARTESIAN_POINT('Origin',(41.125,-16.025,0.));
#6079=CARTESIAN_POINT('',(41.125,-16.525,0.));
#6080=CARTESIAN_POINT('Origin',(54.125,-16.525,0.));
#6081=CARTESIAN_POINT('',(54.125,-16.525,0.));
#6082=CARTESIAN_POINT('Origin',(54.125,-16.025,0.));
#6083=CARTESIAN_POINT('',(54.625,-16.025,0.));
#6084=CARTESIAN_POINT('Origin',(54.625,-3.025,0.));
#6085=CARTESIAN_POINT('',(54.625,-3.025,0.));
#6086=CARTESIAN_POINT('Origin',(54.125,-3.025,0.));
#6087=CARTESIAN_POINT('',(54.125,-2.525,0.));
#6088=CARTESIAN_POINT('Origin',(41.125,-2.525,0.));
#6089=CARTESIAN_POINT('',(41.125,-2.525,0.));
#6090=CARTESIAN_POINT('Origin',(41.125,-3.025,0.));
#6091=CARTESIAN_POINT('Origin',(84.271,7.47949042280839,0.));
#6092=CARTESIAN_POINT('',(82.571,7.47949042280839,0.));
#6093=CARTESIAN_POINT('Origin',(40.625,-35.075,0.));
#6094=CARTESIAN_POINT('',(40.625,-22.075,0.));
#6095=CARTESIAN_POINT('',(40.625,-35.075,0.));
#6096=CARTESIAN_POINT('Origin',(41.125,-35.075,0.));
#6097=CARTESIAN_POINT('',(41.125,-35.575,0.));
#6098=CARTESIAN_POINT('Origin',(54.125,-35.575,0.));
#6099=CARTESIAN_POINT('',(54.125,-35.575,0.));
#6100=CARTESIAN_POINT('Origin',(54.125,-35.075,0.));
#6101=CARTESIAN_POINT('',(54.625,-35.075,0.));
#6102=CARTESIAN_POINT('Origin',(54.625,-22.075,0.));
#6103=CARTESIAN_POINT('',(54.625,-22.075,0.));
#6104=CARTESIAN_POINT('Origin',(54.125,-22.075,0.));
#6105=CARTESIAN_POINT('',(54.125,-21.575,0.));
#6106=CARTESIAN_POINT('Origin',(41.125,-21.575,0.));
#6107=CARTESIAN_POINT('',(41.125,-21.575,0.));
#6108=CARTESIAN_POINT('Origin',(41.125,-22.075,0.));
#6109=CARTESIAN_POINT('Origin',(59.379,12.4794904228084,0.));
#6110=CARTESIAN_POINT('',(59.379,12.4794904228084,0.));
#6111=CARTESIAN_POINT('Origin',(59.379,-18.5205095771916,0.));
#6112=CARTESIAN_POINT('',(59.379,-18.5205095771916,0.));
#6113=CARTESIAN_POINT('Origin',(77.879,-18.5205095771916,0.));
#6114=CARTESIAN_POINT('',(77.879,-18.5205095771916,0.));
#6115=CARTESIAN_POINT('Origin',(77.879,12.4794904228084,0.));
#6116=CARTESIAN_POINT('',(77.879,12.4794904228084,0.));
#6117=CARTESIAN_POINT('Origin',(89.271,12.4794904228084,0.));
#6118=CARTESIAN_POINT('Origin',(-10.329,-48.3205095771916,0.));
#6119=CARTESIAN_POINT('Origin',(39.471,-17.9205095771916,1.5));
#6120=UNCERTAINTY_MEASURE_WITH_UNIT(LENGTH_MEASURE(0.01),#6124,
'DISTANCE_ACCURACY_VALUE',
'Maximum model space distance between geometric entities at asserted c
onnectivities');
#6121=UNCERTAINTY_MEASURE_WITH_UNIT(LENGTH_MEASURE(0.01),#6124,
'DISTANCE_ACCURACY_VALUE',
'Maximum model space distance between geometric entities at asserted c
onnectivities');
#6122=(
GEOMETRIC_REPRESENTATION_CONTEXT(3)
GLOBAL_UNCERTAINTY_ASSIGNED_CONTEXT((#6120))
GLOBAL_UNIT_ASSIGNED_CONTEXT((#6124,#6126,#6127))
REPRESENTATION_CONTEXT('','3D')
);
#6123=(
GEOMETRIC_REPRESENTATION_CONTEXT(3)
GLOBAL_UNCERTAINTY_ASSIGNED_CONTEXT((#6121))
GLOBAL_UNIT_ASSIGNED_CONTEXT((#6124,#6126,#6127))
REPRESENTATION_CONTEXT('','3D')
);
#6124=(
LENGTH_UNIT()
NAMED_UNIT(*)
SI_UNIT(.MILLI.,.METRE.)
);
#6125=(
LENGTH_UNIT()
NAMED_UNIT(*)
SI_UNIT($,.METRE.)
);
#6126=(
NAMED_UNIT(*)
PLANE_ANGLE_UNIT()
SI_UNIT($,.RADIAN.)
);
#6127=(
NAMED_UNIT(*)
SI_UNIT($,.STERADIAN.)
SOLID_ANGLE_UNIT()
);
#6128=SHAPE_DEFINITION_REPRESENTATION(#6129,#6130);
#6129=PRODUCT_DEFINITION_SHAPE('',$,#6132);
#6130=SHAPE_REPRESENTATION('',(#3420),#6122);
#6131=PRODUCT_DEFINITION_CONTEXT('part definition',#6136,'design');
#6132=PRODUCT_DEFINITION('2026-01-16-13-37-12-593','KEYFLOW TOP AGAIN',
#6133,#6131);
#6133=PRODUCT_DEFINITION_FORMATION('',$,#6138);
#6134=PRODUCT_RELATED_PRODUCT_CATEGORY('KEYFLOW TOP AGAIN',
'KEYFLOW TOP AGAIN',(#6138));
#6135=APPLICATION_PROTOCOL_DEFINITION('international standard',
'automotive_design',2009,#6136);
#6136=APPLICATION_CONTEXT(
'Core Data for Automotive Mechanical Design Process');
#6137=PRODUCT_CONTEXT('part definition',#6136,'mechanical');
#6138=PRODUCT('2026-01-16-13-37-12-593','KEYFLOW TOP AGAIN',$,(#6137));
#6139=PRESENTATION_STYLE_ASSIGNMENT((#6140));
#6140=SURFACE_STYLE_USAGE(.BOTH.,#6141);
#6141=SURFACE_SIDE_STYLE('',(#6142));
#6142=SURFACE_STYLE_FILL_AREA(#6143);
#6143=FILL_AREA_STYLE('A\X\E7o - Acetinado',(#6144));
#6144=FILL_AREA_STYLE_COLOUR('A\X\E7o - Acetinado',#6145);
#6145=COLOUR_RGB('A\X\E7o - Acetinado',0.627450980392157,0.627450980392157,
0.627450980392157);
ENDSEC;
END-ISO-10303-21;
